Date,Store,Category,Units Sold,Unit Price,Discount %,Revenue,Month,MonthName,Quarter,Weekday
2024-06-24,Mumbai,Clothing,4.0,1191.1,5.0,4526.18,6,Jun,2,Monday
2025-03-08,Bangalore,Clothing,6.0,1295.87,10.0,6997.7,3,Mar,1,Saturday
2024-10-17,Mumbai,Groceries,11.0,465.55,5.0,4865.0,10,Oct,4,Thursday
2025-08-02,Pune,Clothing,10.0,1237.04,5.0,11751.88,8,Aug,3,Saturday
2025-06-08,Mumbai,Home & Kitchen,5.0,2488.33,25.0,9331.24,6,Jun,2,Sunday
2025-07-09,Pune,Groceries,4.0,366.61,15.0,1246.47,7,Jul,3,Wednesday
2025-10-23,Mumbai,Clothing,12.0,913.54,20.0,8769.98,10,Oct,4,Thursday
2025-09-09,Mumbai,Electronics,9.0,6714.97,15.0,51369.52,9,Sep,3,Tuesday
2024-03-17,Mumbai,Clothing,8.0,1108.31,10.0,7979.83,3,Mar,1,Sunday
2024-04-05,Mumbai,Groceries,10.0,436.96,10.0,3932.64,4,Apr,2,Friday
2025-05-21,Chennai,Clothing,9.0,1120.03,10.0,9072.24,5,May,2,Wednesday
2025-06-01,Pune,Groceries,3.0,478.88,15.0,1221.14,6,Jun,2,Sunday
2025-01-01,Mumbai,Electronics,7.0,7358.59,0.0,51510.13,1,Jan,1,Wednesday
2024-03-09,Mumbai,Home & Kitchen,10.0,2237.37,5.0,21255.01,3,Mar,1,Saturday
2024-09-17,Mumbai,Beauty,2.0,922.74,10.0,1660.93,9,Sep,3,Tuesday
2025-03-26,Delhi,Home & Kitchen,6.0,2563.42,25.0,11535.39,3,Mar,1,Wednesday
2025-01-21,Bangalore,Clothing,4.0,1317.97,10.0,4744.69,1,Jan,1,Tuesday
2024-05-19,Mumbai,Home & Kitchen,7.0,1620.34,5.0,10775.26,5,May,2,Sunday
2025-03-19,Bangalore,Groceries,7.0,369.14,0.0,2583.98,3,Mar,1,Wednesday
2025-07-28,Delhi,Beauty,4.0,552.62,10.0,1989.43,7,Jul,3,Monday
2024-03-20,Pune,Groceries,9.0,491.19,20.0,3536.57,3,Mar,1,Wednesday
2025-12-29,Mumbai,Sports,7.0,2650.21,0.0,18551.47,12,Dec,4,Monday
2024-03-13,Mumbai,Electronics,4.0,6731.78,25.0,20195.34,3,Mar,1,Wednesday
2025-01-29,Mumbai,Beauty,9.0,652.96,5.0,5582.81,1,Jan,1,Wednesday
2024-04-03,Delhi,Beauty,5.0,745.73,20.0,2982.92,4,Apr,2,Wednesday
2025-11-15,Mumbai,Groceries,10.0,267.9,10.0,2411.1,11,Nov,4,Saturday
2025-01-17,Mumbai,Sports,7.0,2489.61,25.0,13070.45,1,Jan,1,Friday
2024-10-14,Bangalore,Groceries,9.0,383.52,5.0,3279.1,10,Oct,4,Monday
2025-03-03,Bangalore,Electronics,3.0,9484.44,5.0,27030.65,3,Mar,1,Monday
2025-06-26,Pune,Groceries,11.0,266.26,20.0,2343.09,6,Jun,2,Thursday
2025-03-29,Mumbai,Groceries,3.0,365.17,10.0,985.96,3,Mar,1,Saturday
2025-01-22,Bangalore,Sports,6.0,1873.36,10.0,10116.14,1,Jan,1,Wednesday
2025-12-15,Chennai,Sports,10.0,1800.2,10.0,16201.8,12,Dec,4,Monday
2024-04-29,Bangalore,Electronics,8.0,6529.38,20.0,41788.03,4,Apr,2,Monday
2024-01-30,Mumbai,Sports,6.0,1976.74,10.0,10674.4,1,Jan,1,Tuesday
2024-01-06,Pune,Electronics,9.0,6955.93,5.0,59473.2,1,Jan,1,Saturday
2024-06-18,Mumbai,Sports,7.0,1345.2,25.0,7062.3,6,Jun,2,Tuesday
2025-02-21,Delhi,Groceries,5.0,422.4,15.0,1795.2,2,Feb,1,Friday
2024-03-22,Delhi,Groceries,5.0,458.51,10.0,2063.3,3,Mar,1,Friday
2024-08-13,Pune,Electronics,3.0,5033.02,0.0,15099.06,8,Aug,3,Tuesday
2025-10-21,Delhi,Groceries,5.0,345.8,5.0,1642.55,10,Oct,4,Tuesday
2025-05-06,Mumbai,Beauty,7.0,752.4,15.0,4476.78,5,May,2,Tuesday
2024-08-30,Bangalore,Home & Kitchen,6.0,1795.4,10.0,9695.16,8,Aug,3,Friday
2024-11-06,Mumbai,Groceries,11.0,441.83,5.0,4617.12,11,Nov,4,Wednesday
2025-06-27,Delhi,Home & Kitchen,6.0,1601.88,15.0,8169.59,6,Jun,2,Friday
2025-02-08,Mumbai,Clothing,4.0,1463.65,5.0,5561.87,2,Feb,1,Saturday
2024-10-30,Chennai,Clothing,9.0,990.2,0.0,8911.8,10,Oct,4,Wednesday
2025-05-09,Mumbai,Beauty,5.0,672.19,10.0,3024.86,5,May,2,Friday
2025-07-09,Bangalore,Electronics,7.0,10509.97,5.0,69891.3,7,Jul,3,Wednesday
2024-08-05,Mumbai,Sports,2.0,1681.46,10.0,3026.63,8,Aug,3,Monday
2024-08-22,Bangalore,Groceries,1.0,324.62,25.0,243.46,8,Aug,3,Thursday
2024-10-19,Mumbai,Electronics,3.0,5657.74,15.0,14427.24,10,Oct,4,Saturday
2025-05-12,Bangalore,Electronics,6.0,6291.99,5.0,35864.34,5,May,2,Monday
2024-11-17,Delhi,Home & Kitchen,7.0,1906.9,10.0,12013.47,11,Nov,4,Sunday
2025-10-04,Bangalore,Groceries,9.0,442.68,5.0,3784.91,10,Oct,4,Saturday
2024-06-22,Mumbai,Groceries,7.0,315.85,5.0,2100.4,6,Jun,2,Saturday
2025-02-12,Pune,Sports,4.0,2551.86,10.0,9186.7,2,Feb,1,Wednesday
2024-09-29,Bangalore,Electronics,9.0,6981.9,5.0,59695.24,9,Sep,3,Sunday
2024-06-10,Chennai,Clothing,4.0,1218.99,10.0,4388.36,6,Jun,2,Monday
2024-03-26,Mumbai,Electronics,8.0,10704.18,5.0,81351.77,3,Mar,1,Tuesday
2025-10-18,Delhi,Beauty,9.0,511.86,10.0,4146.07,10,Oct,4,Saturday
2025-08-08,Pune,Home & Kitchen,5.0,1551.63,15.0,6594.43,8,Aug,3,Friday
2024-07-02,Mumbai,Sports,8.0,1997.94,10.0,14385.17,7,Jul,3,Tuesday
2024-05-14,Mumbai,Groceries,6.0,340.86,0.0,2045.16,5,May,2,Tuesday
2024-05-04,Mumbai,Sports,8.0,2124.75,0.0,16998.0,5,May,2,Saturday
2024-09-13,Pune,Groceries,9.0,442.53,10.0,3584.49,9,Sep,3,Friday
2025-04-17,Pune,Groceries,9.0,225.68,0.0,2031.12,4,Apr,2,Thursday
2025-08-14,Pune,Groceries,5.0,372.58,5.0,1769.76,8,Aug,3,Thursday
2024-03-21,Delhi,Electronics,9.0,10175.49,0.0,91579.41,3,Mar,1,Thursday
2025-11-17,Delhi,Electronics,10.0,5991.65,10.0,53924.85,11,Nov,4,Monday
2025-11-06,Pune,Electronics,11.0,8488.87,5.0,88708.69,11,Nov,4,Thursday
2024-05-03,Pune,Groceries,6.0,375.13,5.0,2138.24,5,May,2,Friday
2025-10-25,Delhi,Electronics,7.0,6803.91,0.0,47627.37,10,Oct,4,Saturday
2024-09-15,Bangalore,Groceries,9.0,217.65,5.0,1860.91,9,Sep,3,Sunday
2024-05-06,Chennai,Beauty,5.0,519.48,15.0,2207.79,5,May,2,Monday
2025-04-09,Delhi,Groceries,13.0,453.51,0.0,5895.63,4,Apr,2,Wednesday
2024-12-28,Mumbai,Clothing,4.0,1235.72,0.0,4942.88,12,Dec,4,Saturday
2024-09-02,Chennai,Beauty,6.0,602.38,15.0,3072.14,9,Sep,3,Monday
2024-01-16,Chennai,Groceries,4.0,371.36,25.0,1114.08,1,Jan,1,Tuesday
2025-07-31,Delhi,Beauty,7.0,597.49,10.0,3764.19,7,Jul,3,Thursday
2025-03-13,Mumbai,Electronics,7.0,7704.1,5.0,51232.26,3,Mar,1,Thursday
2024-09-11,Pune,Home & Kitchen,5.0,1922.01,20.0,7688.04,9,Sep,3,Wednesday
2025-06-12,Mumbai,Electronics,5.0,6137.54,15.0,26084.54,6,Jun,2,Thursday
2025-10-16,Bangalore,Clothing,10.0,1542.93,5.0,14657.84,10,Oct,4,Thursday
2025-11-20,Chennai,Groceries,14.0,396.95,0.0,5557.3,11,Nov,4,Thursday
2024-10-20,Mumbai,Electronics,5.0,7950.22,0.0,39751.1,10,Oct,4,Sunday
2025-03-31,Chennai,Groceries,2.0,382.68,0.0,765.36,3,Mar,1,Monday
2025-12-26,Delhi,Clothing,6.0,1064.51,15.0,5429.0,12,Dec,4,Friday
2025-05-08,Mumbai,Electronics,9.0,7996.12,15.0,61170.32,5,May,2,Thursday
2024-05-08,Chennai,Groceries,10.0,403.2,25.0,3024.0,5,May,2,Wednesday
2025-01-22,Mumbai,Groceries,4.0,220.1,10.0,792.36,1,Jan,1,Wednesday
2024-10-14,Chennai,Electronics,11.0,11486.41,0.0,126350.51,10,Oct,4,Monday
2024-12-23,Delhi,Electronics,14.0,10640.38,10.0,134068.79,12,Dec,4,Monday
2025-05-20,Delhi,Clothing,10.0,1443.56,0.0,14435.6,5,May,2,Tuesday
2025-01-05,Chennai,Home & Kitchen,5.0,1778.85,0.0,8894.25,1,Jan,1,Sunday
2024-08-10,Pune,Groceries,3.0,265.06,5.0,755.42,8,Aug,3,Saturday
2025-03-11,Delhi,Electronics,7.0,8894.07,0.0,62258.49,3,Mar,1,Tuesday
2025-03-30,Pune,Groceries,8.0,404.18,5.0,3071.77,3,Mar,1,Sunday
2024-03-24,Bangalore,Groceries,8.0,388.14,5.0,2949.86,3,Mar,1,Sunday
2024-05-23,Mumbai,Sports,3.0,2366.32,5.0,6744.01,5,May,2,Thursday
2024-11-30,Pune,Groceries,11.0,441.26,15.0,4125.78,11,Nov,4,Saturday
2024-05-03,Mumbai,Electronics,11.0,9995.9,10.0,98959.41,5,May,2,Friday
2025-02-25,Mumbai,Groceries,4.0,342.78,10.0,1234.01,2,Feb,1,Tuesday
2024-09-18,Mumbai,Electronics,6.0,7824.22,25.0,35208.99,9,Sep,3,Wednesday
2024-01-11,Delhi,Electronics,6.0,4591.42,0.0,27548.52,1,Jan,1,Thursday
2024-12-02,Pune,Home & Kitchen,8.0,2134.39,20.0,13660.1,12,Dec,4,Monday
2025-06-05,Chennai,Beauty,5.0,675.92,5.0,3210.62,6,Jun,2,Thursday
2024-02-15,Delhi,Groceries,2.0,532.55,0.0,1065.1,2,Feb,1,Thursday
2025-11-23,Mumbai,Electronics,10.0,6746.4,10.0,60717.6,11,Nov,4,Sunday
2024-12-10,Bangalore,Groceries,9.0,406.56,10.0,3293.14,12,Dec,4,Tuesday
2025-06-25,Bangalore,Groceries,5.0,350.81,10.0,1578.64,6,Jun,2,Wednesday
2025-12-31,Bangalore,Electronics,6.0,9692.82,10.0,52341.23,12,Dec,4,Wednesday
2024-04-06,Delhi,Electronics,6.0,4517.05,5.0,25747.18,4,Apr,2,Saturday
2025-05-19,Bangalore,Electronics,9.0,8024.16,25.0,54163.08,5,May,2,Monday
2024-06-17,Bangalore,Electronics,3.0,5128.98,0.0,15386.94,6,Jun,2,Monday
2024-04-01,Delhi,Sports,6.0,2825.09,20.0,13560.43,4,Apr,2,Monday
2025-12-22,Delhi,Groceries,12.0,245.54,0.0,2946.48,12,Dec,4,Monday
2025-08-27,Delhi,Groceries,3.0,354.36,25.0,797.31,8,Aug,3,Wednesday
2025-12-22,Mumbai,Groceries,7.0,351.36,10.0,2213.57,12,Dec,4,Monday
2025-11-20,Pune,Sports,13.0,1875.96,15.0,20729.36,11,Nov,4,Thursday
2024-05-04,Pune,Sports,9.0,2386.54,10.0,19330.97,5,May,2,Saturday
2024-02-22,Mumbai,Clothing,8.0,1238.43,0.0,9907.44,2,Feb,1,Thursday
2024-09-07,Bangalore,Groceries,7.0,303.55,5.0,2018.61,9,Sep,3,Saturday
2024-10-04,Mumbai,Sports,11.0,2675.39,0.0,29429.29,10,Oct,4,Friday
2024-04-10,Pune,Groceries,10.0,274.71,10.0,2472.39,4,Apr,2,Wednesday
2024-07-28,Chennai,Groceries,5.0,391.68,0.0,1958.4,7,Jul,3,Sunday
2024-12-03,Mumbai,Groceries,10.0,240.96,20.0,1927.68,12,Dec,4,Tuesday
2025-03-01,Chennai,Home & Kitchen,6.0,2331.69,0.0,13990.14,3,Mar,1,Saturday
2024-12-25,Mumbai,Beauty,5.0,435.45,0.0,2177.25,12,Dec,4,Wednesday
2024-04-24,Chennai,Clothing,9.0,1419.08,20.0,10217.38,4,Apr,2,Wednesday
2025-11-13,Pune,Home & Kitchen,12.0,1745.18,5.0,19895.05,11,Nov,4,Thursday
2024-10-19,Pune,Electronics,5.0,11279.08,0.0,56395.4,10,Oct,4,Saturday
2024-11-13,Mumbai,Clothing,7.0,1173.67,10.0,7394.12,11,Nov,4,Wednesday
2024-10-30,Mumbai,Groceries,7.0,382.28,0.0,2675.96,10,Oct,4,Wednesday
2024-12-08,Mumbai,Groceries,7.0,314.81,15.0,1873.12,12,Dec,4,Sunday
2025-04-29,Pune,Sports,4.0,1801.59,25.0,5404.77,4,Apr,2,Tuesday
2025-02-10,Pune,Clothing,10.0,1071.24,10.0,9641.16,2,Feb,1,Monday
2024-10-19,Bangalore,Electronics,5.0,9694.29,15.0,41200.73,10,Oct,4,Saturday
2025-01-24,Mumbai,Electronics,11.0,10158.63,0.0,111744.93,1,Jan,1,Friday
2024-09-29,Mumbai,Electronics,9.0,10769.01,0.0,96921.09,9,Sep,3,Sunday
2025-12-17,Delhi,Home & Kitchen,9.0,1691.3,10.0,13699.53,12,Dec,4,Wednesday
2025-02-22,Delhi,Groceries,7.0,393.15,5.0,2614.45,2,Feb,1,Saturday
2024-12-01,Pune,Sports,11.0,1903.36,5.0,19890.11,12,Dec,4,Sunday
2024-11-05,Mumbai,Groceries,9.0,377.85,0.0,3400.65,11,Nov,4,Tuesday
2025-04-05,Chennai,Groceries,9.0,349.97,0.0,3149.73,4,Apr,2,Saturday
2025-07-29,Delhi,Beauty,6.0,522.49,0.0,3134.94,7,Jul,3,Tuesday
2024-09-04,Delhi,Clothing,3.0,1326.67,5.0,3781.01,9,Sep,3,Wednesday
2025-06-12,Mumbai,Electronics,5.0,4957.56,20.0,19830.24,6,Jun,2,Thursday
2024-01-19,Pune,Beauty,3.0,732.35,10.0,1977.35,1,Jan,1,Friday
2025-07-09,Mumbai,Beauty,4.0,749.88,0.0,2999.52,7,Jul,3,Wednesday
2025-06-21,Delhi,Home & Kitchen,6.0,1597.15,15.0,8145.47,6,Jun,2,Saturday
2024-08-14,Pune,Electronics,4.0,10723.11,10.0,38603.2,8,Aug,3,Wednesday
2024-08-31,Mumbai,Sports,5.0,1958.57,25.0,7344.64,8,Aug,3,Saturday
2025-07-12,Delhi,Groceries,4.0,420.05,10.0,1512.18,7,Jul,3,Saturday
2025-04-01,Bangalore,Electronics,14.0,10676.89,5.0,142002.64,4,Apr,2,Tuesday
2024-06-18,Mumbai,Groceries,11.0,344.83,10.0,3413.82,6,Jun,2,Tuesday
2025-04-29,Pune,Clothing,10.0,887.52,10.0,7987.68,4,Apr,2,Tuesday
2025-09-03,Delhi,Electronics,4.0,8949.3,0.0,35797.2,9,Sep,3,Wednesday
2025-02-03,Chennai,Clothing,5.0,1517.4,0.0,7587.0,2,Feb,1,Monday
2025-12-20,Bangalore,Home & Kitchen,4.0,1745.89,5.0,6634.38,12,Dec,4,Saturday
2024-08-06,Chennai,Groceries,4.0,407.21,0.0,1628.84,8,Aug,3,Tuesday
2024-07-03,Delhi,Home & Kitchen,6.0,1942.07,15.0,9904.56,7,Jul,3,Wednesday
2024-05-09,Pune,Beauty,10.0,725.38,15.0,6165.73,5,May,2,Thursday
2025-09-09,Pune,Groceries,11.0,191.01,10.0,1891.0,9,Sep,3,Tuesday
2024-03-07,Mumbai,Home & Kitchen,7.0,2323.73,0.0,16266.11,3,Mar,1,Thursday
2025-09-23,Mumbai,Electronics,6.0,10729.34,10.0,57938.44,9,Sep,3,Tuesday
2024-10-24,Bangalore,Groceries,1.0,356.03,0.0,356.03,10,Oct,4,Thursday
2025-07-09,Bangalore,Electronics,6.0,9199.65,10.0,49678.11,7,Jul,3,Wednesday
2024-12-03,Bangalore,Sports,7.0,1857.2,10.0,11700.36,12,Dec,4,Tuesday
2025-06-03,Mumbai,Electronics,7.0,9250.53,15.0,55040.65,6,Jun,2,Tuesday
2025-09-11,Chennai,Groceries,7.0,207.91,0.0,1455.37,9,Sep,3,Thursday
2025-02-01,Chennai,Clothing,7.0,1323.96,20.0,7414.18,2,Feb,1,Saturday
2024-08-14,Delhi,Electronics,3.0,7019.59,5.0,20005.83,8,Aug,3,Wednesday
2025-02-07,Chennai,Sports,5.0,2168.57,15.0,9216.42,2,Feb,1,Friday
2025-06-07,Mumbai,Groceries,6.0,341.77,0.0,2050.62,6,Jun,2,Saturday
2025-06-28,Pune,Electronics,7.0,9199.24,0.0,64394.68,6,Jun,2,Saturday
2024-10-07,Bangalore,Clothing,7.0,1122.75,10.0,7073.32,10,Oct,4,Monday
2024-05-08,Chennai,Electronics,6.0,11646.13,10.0,62889.1,5,May,2,Wednesday
2025-03-03,Delhi,Electronics,4.0,8013.5,0.0,32054.0,3,Mar,1,Monday
2024-03-25,Mumbai,Clothing,3.0,1089.67,10.0,2942.11,3,Mar,1,Monday
2025-01-15,Bangalore,Clothing,5.0,989.17,10.0,4451.26,1,Jan,1,Wednesday
2025-06-29,Pune,Home & Kitchen,9.0,1805.41,5.0,15436.26,6,Jun,2,Sunday
2024-09-10,Chennai,Beauty,2.0,619.8,0.0,1239.6,9,Sep,3,Tuesday
2025-06-06,Delhi,Sports,3.0,1965.21,5.0,5600.85,6,Jun,2,Friday
2024-10-23,Mumbai,Electronics,14.0,9081.27,5.0,120780.89,10,Oct,4,Wednesday
2024-10-08,Chennai,Sports,13.0,2711.73,10.0,31727.24,10,Oct,4,Tuesday
2024-12-31,Pune,Groceries,8.0,333.39,10.0,2400.41,12,Dec,4,Tuesday
2025-12-10,Delhi,Clothing,2.0,1285.41,0.0,2570.82,12,Dec,4,Wednesday
2024-09-02,Mumbai,Groceries,4.0,307.28,5.0,1167.66,9,Sep,3,Monday
2025-11-22,Pune,Electronics,8.0,10242.95,0.0,81943.6,11,Nov,4,Saturday
2025-09-15,Bangalore,Groceries,4.0,387.44,15.0,1317.3,9,Sep,3,Monday
2025-09-21,Mumbai,Clothing,5.0,1269.28,0.0,6346.4,9,Sep,3,Sunday
2024-02-10,Pune,Groceries,4.0,318.89,10.0,1148.0,2,Feb,1,Saturday
2024-04-18,Mumbai,Home & Kitchen,10.0,2137.56,0.0,21375.6,4,Apr,2,Thursday
2025-01-08,Chennai,Clothing,8.0,1247.06,10.0,8978.83,1,Jan,1,Wednesday
2024-07-07,Delhi,Sports,6.0,2722.51,5.0,15518.31,7,Jul,3,Sunday
2025-05-04,Pune,Groceries,6.0,406.31,0.0,2437.86,5,May,2,Sunday
2024-12-17,Bangalore,Clothing,10.0,982.78,0.0,9827.8,12,Dec,4,Tuesday
2024-10-15,Bangalore,Electronics,4.0,7980.23,15.0,27132.78,10,Oct,4,Tuesday
2025-09-28,Mumbai,Clothing,8.0,1439.21,5.0,10938.0,9,Sep,3,Sunday
2024-07-15,Delhi,Clothing,4.0,1818.27,20.0,5818.46,7,Jul,3,Monday
2025-02-23,Delhi,Groceries,12.0,228.61,5.0,2606.15,2,Feb,1,Sunday
2025-12-29,Pune,Groceries,5.0,402.96,15.0,1712.58,12,Dec,4,Monday
2024-10-18,Chennai,Sports,7.0,1641.71,10.0,10342.77,10,Oct,4,Friday
2024-01-08,Bangalore,Groceries,3.0,306.46,5.0,873.41,1,Jan,1,Monday
2025-09-03,Delhi,Beauty,5.0,524.06,10.0,2358.27,9,Sep,3,Wednesday
2025-07-05,Bangalore,Groceries,10.0,258.09,0.0,2580.9,7,Jul,3,Saturday
2025-05-09,Mumbai,Electronics,9.0,8923.89,15.0,68267.76,5,May,2,Friday
2024-01-29,Bangalore,Home & Kitchen,10.0,2217.0,0.0,22170.0,1,Jan,1,Monday
2024-07-25,Mumbai,Electronics,7.0,9735.09,5.0,64738.35,7,Jul,3,Thursday
2024-11-04,Bangalore,Home & Kitchen,3.0,1733.7,5.0,4941.04,11,Nov,4,Monday
2025-05-04,Delhi,Sports,4.0,1158.17,10.0,4169.41,5,May,2,Sunday
2024-04-19,Mumbai,Beauty,7.0,575.37,5.0,3826.21,4,Apr,2,Friday
2024-11-10,Delhi,Groceries,14.0,263.57,15.0,3136.48,11,Nov,4,Sunday
2025-09-29,Bangalore,Groceries,5.0,330.99,5.0,1572.2,9,Sep,3,Monday
2024-08-12,Bangalore,Home & Kitchen,8.0,1074.85,5.0,8168.86,8,Aug,3,Monday
2025-06-30,Delhi,Beauty,6.0,655.4,10.0,3539.16,6,Jun,2,Monday
2024-11-04,Bangalore,Groceries,4.0,334.52,5.0,1271.18,11,Nov,4,Monday
2024-07-30,Pune,Groceries,4.0,348.82,10.0,1255.75,7,Jul,3,Tuesday
2024-08-30,Pune,Beauty,6.0,727.49,5.0,4146.69,8,Aug,3,Friday
2025-03-12,Bangalore,Groceries,7.0,351.41,10.0,2213.88,3,Mar,1,Wednesday
2025-09-21,Pune,Groceries,3.0,426.73,10.0,1152.17,9,Sep,3,Sunday
2024-10-07,Delhi,Groceries,12.0,408.24,0.0,4898.88,10,Oct,4,Monday
2025-03-15,Pune,Clothing,2.0,1329.51,10.0,2393.12,3,Mar,1,Saturday
2025-04-07,Mumbai,Clothing,6.0,993.92,10.0,5367.17,4,Apr,2,Monday
2025-08-18,Pune,Groceries,6.0,291.3,5.0,1660.41,8,Aug,3,Monday
2025-12-14,Chennai,Electronics,8.0,8489.72,0.0,67917.76,12,Dec,4,Sunday
2024-05-26,Mumbai,Groceries,1.0,502.86,20.0,402.29,5,May,2,Sunday
2024-09-25,Bangalore,Clothing,4.0,1477.13,5.0,5613.09,9,Sep,3,Wednesday
2024-12-05,Pune,Electronics,16.0,8034.75,0.0,128556.0,12,Dec,4,Thursday
2024-12-24,Delhi,Groceries,15.0,349.93,10.0,4724.06,12,Dec,4,Tuesday
2024-07-09,Chennai,Groceries,5.0,328.93,20.0,1315.72,7,Jul,3,Tuesday
2024-09-19,Delhi,Beauty,10.0,660.89,0.0,6608.9,9,Sep,3,Thursday
2024-07-16,Mumbai,Electronics,9.0,6990.05,0.0,62910.45,7,Jul,3,Tuesday
2024-07-09,Mumbai,Groceries,4.0,419.17,20.0,1341.34,7,Jul,3,Tuesday
2024-05-04,Chennai,Groceries,3.0,429.82,10.0,1160.51,5,May,2,Saturday
2024-03-11,Bangalore,Sports,5.0,2781.44,0.0,13907.2,3,Mar,1,Monday
2025-05-10,Bangalore,Groceries,9.0,396.65,0.0,3569.85,5,May,2,Saturday
2025-03-06,Bangalore,Electronics,5.0,7046.02,25.0,26422.58,3,Mar,1,Thursday
2025-05-20,Pune,Groceries,10.0,233.91,0.0,2339.1,5,May,2,Tuesday
2025-04-02,Mumbai,Electronics,10.0,7520.92,0.0,75209.2,4,Apr,2,Wednesday
2024-08-02,Mumbai,Sports,9.0,2150.83,10.0,17421.72,8,Aug,3,Friday
2025-04-26,Delhi,Groceries,7.0,329.77,0.0,2308.39,4,Apr,2,Saturday
2024-05-19,Pune,Electronics,3.0,6537.03,15.0,16669.43,5,May,2,Sunday
2025-05-11,Pune,Clothing,4.0,743.62,15.0,2528.31,5,May,2,Sunday
2025-01-23,Mumbai,Groceries,6.0,418.69,0.0,2512.14,1,Jan,1,Thursday
2024-09-12,Pune,Sports,7.0,2136.35,25.0,11215.84,9,Sep,3,Thursday
2024-01-23,Mumbai,Groceries,5.0,464.38,15.0,1973.62,1,Jan,1,Tuesday
2025-02-26,Delhi,Home & Kitchen,8.0,2346.99,5.0,17837.12,2,Feb,1,Wednesday
2024-07-27,Bangalore,Sports,6.0,1799.77,0.0,10798.62,7,Jul,3,Saturday
2024-12-15,Bangalore,Sports,8.0,3353.54,10.0,24145.49,12,Dec,4,Sunday
2024-03-08,Pune,Sports,13.0,1831.24,25.0,17854.59,3,Mar,1,Friday
2024-12-31,Pune,Clothing,8.0,1435.08,10.0,10332.58,12,Dec,4,Tuesday
2024-09-22,Mumbai,Clothing,11.0,1231.03,20.0,10833.06,9,Sep,3,Sunday
2024-09-11,Chennai,Groceries,6.0,280.91,0.0,1685.46,9,Sep,3,Wednesday
2024-04-05,Delhi,Home & Kitchen,7.0,1814.56,15.0,10796.63,4,Apr,2,Friday
2025-07-04,Bangalore,Clothing,4.0,1202.82,15.0,4089.59,7,Jul,3,Friday
2024-06-14,Bangalore,Clothing,5.0,977.56,0.0,4887.8,6,Jun,2,Friday
2024-05-12,Chennai,Clothing,6.0,730.01,15.0,3723.05,5,May,2,Sunday
2025-04-25,Bangalore,Electronics,8.0,8313.39,0.0,66507.12,4,Apr,2,Friday
2024-06-29,Mumbai,Electronics,8.0,10333.08,20.0,66131.71,6,Jun,2,Saturday
2025-01-27,Chennai,Groceries,8.0,274.31,0.0,2194.48,1,Jan,1,Monday
2024-11-20,Bangalore,Electronics,4.0,8315.53,5.0,31599.01,11,Nov,4,Wednesday
2025-10-16,Bangalore,Electronics,11.0,5200.28,15.0,48622.62,10,Oct,4,Thursday
2024-01-11,Mumbai,Clothing,8.0,865.77,5.0,6579.85,1,Jan,1,Thursday
2024-12-13,Bangalore,Electronics,9.0,9243.91,5.0,79035.43,12,Dec,4,Friday
2025-08-30,Mumbai,Clothing,8.0,1062.36,15.0,7224.05,8,Aug,3,Saturday
2025-10-05,Mumbai,Electronics,7.0,7380.6,5.0,49080.99,10,Oct,4,Sunday
2024-09-28,Bangalore,Home & Kitchen,7.0,997.7,0.0,6983.9,9,Sep,3,Saturday
2025-08-04,Chennai,Electronics,7.0,9009.5,10.0,56759.85,8,Aug,3,Monday
2024-10-05,Delhi,Electronics,9.0,10139.28,0.0,91253.52,10,Oct,4,Saturday
2025-04-24,Delhi,Clothing,6.0,1056.42,0.0,6338.52,4,Apr,2,Thursday
2024-12-01,Delhi,Sports,5.0,2567.04,20.0,10268.16,12,Dec,4,Sunday
2024-03-31,Pune,Beauty,9.0,726.57,20.0,5231.3,3,Mar,1,Sunday
2025-12-27,Chennai,Beauty,7.0,1001.81,15.0,5960.77,12,Dec,4,Saturday
2024-05-10,Delhi,Electronics,6.0,10827.34,5.0,61715.84,5,May,2,Friday
2024-06-01,Mumbai,Clothing,5.0,1439.32,5.0,6836.77,6,Jun,2,Saturday
2025-11-24,Pune,Beauty,7.0,715.81,5.0,4760.14,11,Nov,4,Monday
2025-08-28,Delhi,Sports,6.0,2011.72,20.0,9656.26,8,Aug,3,Thursday
2024-09-30,Chennai,Clothing,3.0,983.44,0.0,2950.32,9,Sep,3,Monday
2024-10-15,Chennai,Groceries,10.0,350.35,0.0,3503.5,10,Oct,4,Tuesday
2025-09-19,Delhi,Sports,6.0,2265.75,15.0,11555.32,9,Sep,3,Friday
2025-03-29,Mumbai,Electronics,6.0,6104.41,5.0,34795.14,3,Mar,1,Saturday
2024-12-12,Delhi,Sports,13.0,2482.79,10.0,29048.64,12,Dec,4,Thursday
2024-08-10,Chennai,Groceries,4.0,398.79,15.0,1355.89,8,Aug,3,Saturday
2024-08-01,Pune,Home & Kitchen,8.0,1677.03,0.0,13416.24,8,Aug,3,Thursday
2024-04-29,Bangalore,Home & Kitchen,12.0,1715.11,0.0,20581.32,4,Apr,2,Monday
2024-07-03,Chennai,Home & Kitchen,10.0,1384.06,25.0,10380.45,7,Jul,3,Wednesday
2024-11-11,Delhi,Electronics,7.0,8073.74,0.0,56516.18,11,Nov,4,Monday
2024-03-07,Mumbai,Home & Kitchen,4.0,1780.39,0.0,7121.56,3,Mar,1,Thursday
2024-11-28,Mumbai,Clothing,6.0,1521.16,10.0,8214.26,11,Nov,4,Thursday
2024-07-22,Mumbai,Beauty,5.0,956.15,0.0,4780.75,7,Jul,3,Monday
2024-06-17,Bangalore,Beauty,1.0,604.75,5.0,574.51,6,Jun,2,Monday
2024-04-28,Mumbai,Groceries,4.0,336.29,0.0,1345.16,4,Apr,2,Sunday
2024-02-20,Pune,Beauty,13.0,604.41,0.0,7857.33,2,Feb,1,Tuesday
2025-10-06,Pune,Home & Kitchen,5.0,2039.1,5.0,9685.72,10,Oct,4,Monday
2025-06-01,Bangalore,Groceries,7.0,402.86,0.0,2820.02,6,Jun,2,Sunday
2025-05-08,Chennai,Groceries,5.0,331.75,0.0,1658.75,5,May,2,Thursday
2025-02-28,Chennai,Home & Kitchen,6.0,1639.54,0.0,9837.24,2,Feb,1,Friday
2024-10-14,Delhi,Clothing,10.0,1711.94,10.0,15407.46,10,Oct,4,Monday
2025-10-13,Mumbai,Groceries,7.0,368.16,10.0,2319.41,10,Oct,4,Monday
2024-05-26,Mumbai,Clothing,6.0,1289.32,5.0,7349.12,5,May,2,Sunday
2024-11-02,Delhi,Groceries,5.0,434.46,20.0,1737.84,11,Nov,4,Saturday
2025-07-30,Bangalore,Home & Kitchen,7.0,1996.72,10.0,12579.34,7,Jul,3,Wednesday
2025-05-04,Bangalore,Groceries,9.0,147.61,10.0,1195.64,5,May,2,Sunday
2024-05-24,Pune,Clothing,7.0,901.28,20.0,5047.17,5,May,2,Friday
2024-04-18,Mumbai,Groceries,7.0,335.94,20.0,1881.26,4,Apr,2,Thursday
2024-10-08,Bangalore,Sports,6.0,1797.64,0.0,10785.84,10,Oct,4,Tuesday
2024-11-14,Mumbai,Clothing,11.0,1203.86,5.0,12580.34,11,Nov,4,Thursday
2024-06-06,Mumbai,Home & Kitchen,7.0,2222.2,5.0,14777.63,6,Jun,2,Thursday
2025-10-11,Mumbai,Home & Kitchen,6.0,2135.63,10.0,11532.4,10,Oct,4,Saturday
2024-01-03,Pune,Home & Kitchen,5.0,765.42,5.0,3635.74,1,Jan,1,Wednesday
2024-04-19,Delhi,Clothing,3.0,1217.57,0.0,3652.71,4,Apr,2,Friday
2025-08-06,Delhi,Sports,5.0,2437.66,5.0,11578.88,8,Aug,3,Wednesday
2024-12-02,Mumbai,Groceries,6.0,288.75,0.0,1732.5,12,Dec,4,Monday
2024-11-11,Delhi,Electronics,7.0,10664.36,0.0,74650.52,11,Nov,4,Monday
2025-08-27,Bangalore,Clothing,6.0,1067.94,15.0,5446.49,8,Aug,3,Wednesday
2025-03-24,Chennai,Groceries,10.0,435.85,0.0,4358.5,3,Mar,1,Monday
2025-10-11,Pune,Beauty,5.0,728.37,0.0,3641.85,10,Oct,4,Saturday
2025-04-03,Pune,Groceries,8.0,321.51,0.0,2572.08,4,Apr,2,Thursday
2025-11-09,Mumbai,Electronics,10.0,7802.8,20.0,62422.4,11,Nov,4,Sunday
2025-07-13,Mumbai,Groceries,5.0,375.79,10.0,1691.06,7,Jul,3,Sunday
2025-06-18,Bangalore,Sports,9.0,1881.61,15.0,14394.32,6,Jun,2,Wednesday
2024-10-06,Mumbai,Groceries,11.0,227.9,0.0,2506.9,10,Oct,4,Sunday
2025-07-11,Delhi,Clothing,6.0,831.63,0.0,4989.78,7,Jul,3,Friday
2024-08-14,Delhi,Groceries,5.0,327.33,0.0,1636.65,8,Aug,3,Wednesday
2024-03-22,Pune,Beauty,6.0,713.14,0.0,4278.84,3,Mar,1,Friday
2025-11-09,Chennai,Home & Kitchen,8.0,1247.54,20.0,7984.26,11,Nov,4,Sunday
2024-02-18,Delhi,Groceries,6.0,425.51,15.0,2170.1,2,Feb,1,Sunday
2024-07-22,Bangalore,Electronics,7.0,7758.05,0.0,54306.35,7,Jul,3,Monday
2024-12-05,Delhi,Sports,10.0,2077.96,0.0,20779.6,12,Dec,4,Thursday
2024-07-22,Bangalore,Electronics,6.0,6903.56,15.0,35208.16,7,Jul,3,Monday
2025-12-16,Pune,Clothing,6.0,1027.02,10.0,5545.91,12,Dec,4,Tuesday
2025-04-07,Chennai,Home & Kitchen,9.0,2360.34,10.0,19118.75,4,Apr,2,Monday
2024-09-07,Delhi,Home & Kitchen,9.0,1127.19,5.0,9637.47,9,Sep,3,Saturday
2025-01-03,Delhi,Home & Kitchen,6.0,1648.05,0.0,9888.3,1,Jan,1,Friday
2025-08-21,Bangalore,Electronics,4.0,9782.39,0.0,39129.56,8,Aug,3,Thursday
2025-01-10,Bangalore,Sports,2.0,1348.12,0.0,2696.24,1,Jan,1,Friday
2024-12-09,Delhi,Home & Kitchen,6.0,1407.88,15.0,7180.19,12,Dec,4,Monday
2025-07-12,Delhi,Beauty,5.0,478.75,0.0,2393.75,7,Jul,3,Saturday
2024-10-12,Bangalore,Groceries,9.0,251.82,0.0,2266.38,10,Oct,4,Saturday
2024-06-06,Mumbai,Sports,5.0,1669.7,5.0,7931.08,6,Jun,2,Thursday
2024-03-09,Bangalore,Electronics,7.0,9044.49,0.0,63311.43,3,Mar,1,Saturday
2025-03-31,Mumbai,Groceries,16.0,333.51,10.0,4802.54,3,Mar,1,Monday
2024-02-19,Mumbai,Clothing,9.0,1241.39,5.0,10613.88,2,Feb,1,Monday
2024-12-24,Mumbai,Electronics,12.0,11145.13,5.0,127054.48,12,Dec,4,Tuesday
2025-10-01,Chennai,Electronics,10.0,10382.5,5.0,98633.75,10,Oct,4,Wednesday
2024-03-01,Delhi,Clothing,9.0,1077.49,25.0,7273.06,3,Mar,1,Friday
2025-01-14,Bangalore,Groceries,6.0,387.82,0.0,2326.92,1,Jan,1,Tuesday
2025-11-11,Mumbai,Clothing,10.0,1139.76,10.0,10257.84,11,Nov,4,Tuesday
2024-10-03,Mumbai,Electronics,7.0,6097.66,0.0,42683.62,10,Oct,4,Thursday
2024-05-15,Pune,Sports,6.0,2683.5,10.0,14490.9,5,May,2,Wednesday
2024-10-11,Mumbai,Electronics,10.0,11941.58,0.0,119415.8,10,Oct,4,Friday
2024-04-25,Bangalore,Home & Kitchen,9.0,2229.09,10.0,18055.63,4,Apr,2,Thursday
2025-03-01,Mumbai,Clothing,5.0,1216.62,5.0,5778.94,3,Mar,1,Saturday
2025-12-22,Chennai,Clothing,5.0,1282.17,15.0,5449.22,12,Dec,4,Monday
2025-09-15,Pune,Electronics,5.0,5122.07,10.0,23049.32,9,Sep,3,Monday
2024-02-13,Bangalore,Clothing,3.0,1223.35,0.0,3670.05,2,Feb,1,Tuesday
2024-01-20,Bangalore,Clothing,8.0,1313.02,15.0,8928.54,1,Jan,1,Saturday
2024-05-04,Mumbai,Electronics,5.0,8585.53,0.0,42927.65,5,May,2,Saturday
2025-07-22,Mumbai,Clothing,2.0,1528.42,0.0,3056.84,7,Jul,3,Tuesday
2024-01-20,Bangalore,Electronics,8.0,8964.84,15.0,60960.91,1,Jan,1,Saturday
2024-11-11,Mumbai,Home & Kitchen,4.0,2636.98,5.0,10020.52,11,Nov,4,Monday
2024-03-13,Pune,Clothing,11.0,1256.2,0.0,13818.2,3,Mar,1,Wednesday
2025-11-08,Mumbai,Beauty,6.0,892.06,15.0,4549.51,11,Nov,4,Saturday
2025-04-08,Delhi,Electronics,6.0,6452.41,10.0,34843.01,4,Apr,2,Tuesday
2024-03-21,Delhi,Beauty,6.0,510.77,15.0,2604.93,3,Mar,1,Thursday
2024-11-24,Delhi,Clothing,10.0,928.92,0.0,9289.2,11,Nov,4,Sunday
2024-01-15,Mumbai,Groceries,3.0,260.27,0.0,780.81,1,Jan,1,Monday
2025-12-27,Bangalore,Electronics,11.0,8881.33,10.0,87925.17,12,Dec,4,Saturday
2025-10-15,Delhi,Clothing,7.0,1298.74,5.0,8636.62,10,Oct,4,Wednesday
2025-10-06,Bangalore,Home & Kitchen,7.0,2114.08,5.0,14058.63,10,Oct,4,Monday
2024-09-10,Mumbai,Clothing,8.0,1130.8,15.0,7689.44,9,Sep,3,Tuesday
2025-02-20,Bangalore,Beauty,3.0,652.52,10.0,1761.8,2,Feb,1,Thursday
2025-04-06,Mumbai,Home & Kitchen,9.0,1981.39,0.0,17832.51,4,Apr,2,Sunday
2024-05-08,Delhi,Home & Kitchen,9.0,1548.94,15.0,11849.39,5,May,2,Wednesday
2025-05-14,Bangalore,Electronics,3.0,6902.63,20.0,16566.31,5,May,2,Wednesday
2024-01-29,Mumbai,Electronics,7.0,9033.92,5.0,60075.57,1,Jan,1,Monday
2025-06-24,Chennai,Home & Kitchen,4.0,2501.88,5.0,9507.14,6,Jun,2,Tuesday
2024-09-21,Delhi,Groceries,4.0,386.19,20.0,1235.81,9,Sep,3,Saturday
2024-01-04,Bangalore,Home & Kitchen,4.0,1845.52,10.0,6643.87,1,Jan,1,Thursday
2025-05-04,Delhi,Clothing,8.0,1200.56,20.0,7683.58,5,May,2,Sunday
2024-03-29,Pune,Clothing,5.0,825.25,25.0,3094.69,3,Mar,1,Friday
2024-11-22,Mumbai,Home & Kitchen,9.0,1860.38,15.0,14231.91,11,Nov,4,Friday
2025-04-17,Pune,Clothing,10.0,1126.02,5.0,10697.19,4,Apr,2,Thursday
2025-10-29,Mumbai,Home & Kitchen,9.0,1647.98,10.0,13348.64,10,Oct,4,Wednesday
2025-06-15,Bangalore,Groceries,7.0,277.63,10.0,1749.07,6,Jun,2,Sunday
2024-01-29,Chennai,Home & Kitchen,4.0,1349.8,0.0,5399.2,1,Jan,1,Monday
2024-09-07,Mumbai,Home & Kitchen,8.0,1242.46,15.0,8448.73,9,Sep,3,Saturday
2025-09-16,Pune,Electronics,5.0,7356.17,15.0,31263.72,9,Sep,3,Tuesday
2024-04-15,Chennai,Electronics,8.0,10686.29,5.0,81215.8,4,Apr,2,Monday
2024-05-26,Bangalore,Clothing,6.0,1622.31,0.0,9733.86,5,May,2,Sunday
2024-03-12,Mumbai,Home & Kitchen,5.0,1683.98,25.0,6314.92,3,Mar,1,Tuesday
2025-03-07,Mumbai,Clothing,6.0,955.82,15.0,4874.68,3,Mar,1,Friday
2024-04-19,Bangalore,Groceries,6.0,365.51,20.0,1754.45,4,Apr,2,Friday
2025-07-09,Delhi,Sports,9.0,2111.14,10.0,17100.23,7,Jul,3,Wednesday
2024-05-15,Delhi,Electronics,5.0,8905.39,5.0,42300.6,5,May,2,Wednesday
2024-01-14,Chennai,Home & Kitchen,5.0,1964.2,5.0,9329.95,1,Jan,1,Sunday
2025-10-09,Pune,Sports,9.0,2052.75,10.0,16627.28,10,Oct,4,Thursday
2025-06-08,Delhi,Clothing,3.0,1266.37,0.0,3799.11,6,Jun,2,Sunday
2024-09-15,Pune,Sports,7.0,1576.24,0.0,11033.68,9,Sep,3,Sunday
2025-05-04,Pune,Clothing,3.0,1131.43,0.0,3394.29,5,May,2,Sunday
2024-01-25,Bangalore,Groceries,5.0,369.38,10.0,1662.21,1,Jan,1,Thursday
2024-06-05,Mumbai,Clothing,11.0,1067.25,10.0,10565.78,6,Jun,2,Wednesday
2025-05-25,Delhi,Home & Kitchen,6.0,1641.02,0.0,9846.12,5,May,2,Sunday
2025-03-01,Bangalore,Sports,8.0,1706.36,0.0,13650.88,3,Mar,1,Saturday
2025-11-22,Delhi,Beauty,4.0,742.58,5.0,2821.8,11,Nov,4,Saturday
2025-06-17,Mumbai,Clothing,10.0,1238.91,0.0,12389.1,6,Jun,2,Tuesday
2025-01-06,Mumbai,Groceries,5.0,268.37,10.0,1207.66,1,Jan,1,Monday
2025-10-05,Mumbai,Groceries,6.0,280.98,25.0,1264.41,10,Oct,4,Sunday
2024-04-07,Chennai,Beauty,8.0,691.88,0.0,5535.04,4,Apr,2,Sunday
2024-02-22,Delhi,Beauty,3.0,807.19,15.0,2058.33,2,Feb,1,Thursday
2025-07-19,Chennai,Groceries,3.0,371.69,5.0,1059.32,7,Jul,3,Saturday
2024-06-26,Bangalore,Electronics,7.0,9420.42,5.0,62645.79,6,Jun,2,Wednesday
2025-03-15,Mumbai,Sports,5.0,2256.17,15.0,9588.72,3,Mar,1,Saturday
2024-01-10,Bangalore,Home & Kitchen,3.0,1560.44,0.0,4681.32,1,Jan,1,Wednesday
2025-02-04,Delhi,Clothing,9.0,1109.93,20.0,7991.5,2,Feb,1,Tuesday
2025-01-31,Bangalore,Clothing,6.0,1112.53,25.0,5006.38,1,Jan,1,Friday
2025-07-28,Bangalore,Clothing,5.0,801.6,0.0,4008.0,7,Jul,3,Monday
2024-06-02,Bangalore,Clothing,5.0,897.42,5.0,4262.74,6,Jun,2,Sunday
2025-03-03,Bangalore,Electronics,6.0,6861.93,0.0,41171.58,3,Mar,1,Monday
2024-03-07,Bangalore,Sports,7.0,3002.96,15.0,17867.61,3,Mar,1,Thursday
2024-01-30,Mumbai,Beauty,7.0,593.77,25.0,3117.29,1,Jan,1,Tuesday
2024-12-17,Delhi,Sports,8.0,1983.55,0.0,15868.4,12,Dec,4,Tuesday
2024-06-01,Bangalore,Home & Kitchen,9.0,1764.91,0.0,15884.19,6,Jun,2,Saturday
2025-08-13,Bangalore,Beauty,5.0,502.69,10.0,2262.1,8,Aug,3,Wednesday
2024-02-01,Mumbai,Electronics,7.0,8009.66,15.0,47657.48,2,Feb,1,Thursday
2025-09-18,Delhi,Clothing,3.0,1850.18,0.0,5550.54,9,Sep,3,Thursday
2024-02-10,Mumbai,Beauty,4.0,464.96,20.0,1487.87,2,Feb,1,Saturday
2024-05-11,Pune,Beauty,7.0,772.58,0.0,5408.06,5,May,2,Saturday
2024-03-02,Chennai,Beauty,12.0,672.76,25.0,6054.84,3,Mar,1,Saturday
2025-07-15,Bangalore,Beauty,2.0,654.45,5.0,1243.46,7,Jul,3,Tuesday
2025-02-08,Mumbai,Sports,5.0,2117.86,0.0,10589.3,2,Feb,1,Saturday
2024-04-28,Pune,Home & Kitchen,6.0,1646.69,20.0,7904.11,4,Apr,2,Sunday
2025-04-15,Pune,Home & Kitchen,10.0,2230.76,0.0,22307.6,4,Apr,2,Tuesday
2025-03-25,Bangalore,Groceries,8.0,332.79,10.0,2396.09,3,Mar,1,Tuesday
2024-05-09,Mumbai,Electronics,7.0,11834.28,0.0,82839.96,5,May,2,Thursday
2024-05-22,Bangalore,Electronics,5.0,7852.86,25.0,29448.22,5,May,2,Wednesday
2024-08-21,Delhi,Clothing,4.0,1247.14,5.0,4739.13,8,Aug,3,Wednesday
2025-06-29,Delhi,Beauty,4.0,903.37,0.0,3613.48,6,Jun,2,Sunday
2025-01-14,Delhi,Beauty,5.0,723.3,5.0,3435.68,1,Jan,1,Tuesday
2024-11-09,Delhi,Groceries,8.0,294.58,10.0,2120.98,11,Nov,4,Saturday
2025-03-09,Chennai,Home & Kitchen,5.0,1334.23,0.0,6671.15,3,Mar,1,Sunday
2025-11-12,Bangalore,Groceries,7.0,286.62,10.0,1805.71,11,Nov,4,Wednesday
2025-09-24,Mumbai,Home & Kitchen,1.0,1966.27,5.0,1867.96,9,Sep,3,Wednesday
2024-03-17,Delhi,Electronics,3.0,8241.74,0.0,24725.22,3,Mar,1,Sunday
2024-11-05,Mumbai,Clothing,6.0,1279.81,10.0,6910.97,11,Nov,4,Tuesday
2025-05-07,Delhi,Groceries,10.0,411.28,10.0,3701.52,5,May,2,Wednesday
2024-11-16,Delhi,Home & Kitchen,9.0,1764.99,0.0,15884.91,11,Nov,4,Saturday
2024-01-25,Delhi,Groceries,2.0,312.1,15.0,530.57,1,Jan,1,Thursday
2025-03-03,Mumbai,Groceries,7.0,400.98,10.0,2526.17,3,Mar,1,Monday
2025-09-16,Chennai,Groceries,9.0,410.3,0.0,3692.7,9,Sep,3,Tuesday
2025-10-13,Delhi,Beauty,13.0,648.29,5.0,8006.38,10,Oct,4,Monday
2024-05-26,Pune,Beauty,7.0,431.05,0.0,3017.35,5,May,2,Sunday
2024-10-18,Pune,Clothing,6.0,1343.57,25.0,6046.06,10,Oct,4,Friday
2025-04-25,Bangalore,Groceries,8.0,319.86,0.0,2558.88,4,Apr,2,Friday
2025-04-04,Delhi,Clothing,4.0,1290.35,5.0,4903.33,4,Apr,2,Friday
2025-09-21,Mumbai,Electronics,4.0,8167.51,5.0,31036.54,9,Sep,3,Sunday
2024-08-27,Bangalore,Beauty,8.0,697.34,0.0,5578.72,8,Aug,3,Tuesday
2025-09-04,Pune,Clothing,1.0,1011.31,0.0,1011.31,9,Sep,3,Thursday
2024-03-20,Mumbai,Electronics,6.0,9376.76,0.0,56260.56,3,Mar,1,Wednesday
2025-09-12,Bangalore,Electronics,6.0,9087.28,0.0,54523.68,9,Sep,3,Friday
2025-12-02,Bangalore,Sports,11.0,2559.92,10.0,25343.21,12,Dec,4,Tuesday
2024-01-11,Bangalore,Electronics,6.0,11959.39,10.0,64580.71,1,Jan,1,Thursday
2024-09-11,Pune,Home & Kitchen,3.0,2258.51,5.0,6436.75,9,Sep,3,Wednesday
2024-08-15,Pune,Home & Kitchen,6.0,1850.14,0.0,11100.84,8,Aug,3,Thursday
2024-12-17,Delhi,Groceries,8.0,379.97,0.0,3039.76,12,Dec,4,Tuesday
2024-07-05,Mumbai,Groceries,5.0,401.15,15.0,1704.89,7,Jul,3,Friday
2024-02-16,Pune,Beauty,11.0,685.59,10.0,6787.34,2,Feb,1,Friday
2024-11-18,Chennai,Groceries,8.0,370.75,0.0,2966.0,11,Nov,4,Monday
2025-02-20,Chennai,Beauty,5.0,652.76,10.0,2937.42,2,Feb,1,Thursday
2024-08-28,Delhi,Home & Kitchen,15.0,1225.75,0.0,18386.25,8,Aug,3,Wednesday
2024-12-06,Pune,Beauty,8.0,664.55,0.0,5316.4,12,Dec,4,Friday
2024-03-31,Delhi,Groceries,7.0,162.79,0.0,1139.53,3,Mar,1,Sunday
2025-05-07,Pune,Electronics,10.0,9978.97,5.0,94800.22,5,May,2,Wednesday
2024-05-07,Delhi,Sports,9.0,2769.7,25.0,18695.47,5,May,2,Tuesday
2024-08-17,Mumbai,Home & Kitchen,5.0,2338.65,0.0,11693.25,8,Aug,3,Saturday
2025-09-20,Bangalore,Beauty,6.0,456.24,25.0,2053.08,9,Sep,3,Saturday
2024-03-16,Bangalore,Electronics,9.0,7488.89,5.0,64030.01,3,Mar,1,Saturday
2025-02-20,Mumbai,Groceries,6.0,444.95,20.0,2135.76,2,Feb,1,Thursday
2025-08-01,Pune,Electronics,8.0,10321.81,0.0,82574.48,8,Aug,3,Friday
2025-06-14,Delhi,Sports,8.0,1347.26,5.0,10239.18,6,Jun,2,Saturday
2024-01-25,Bangalore,Clothing,7.0,997.38,20.0,5585.33,1,Jan,1,Thursday
2024-11-16,Pune,Home & Kitchen,9.0,1684.27,0.0,15158.43,11,Nov,4,Saturday
2025-07-09,Chennai,Home & Kitchen,8.0,2180.7,20.0,13956.48,7,Jul,3,Wednesday
2024-01-06,Pune,Groceries,5.0,301.21,5.0,1430.75,1,Jan,1,Saturday
2024-06-21,Delhi,Electronics,7.0,8656.08,0.0,60592.56,6,Jun,2,Friday
2024-06-21,Delhi,Groceries,8.0,350.85,10.0,2526.12,6,Jun,2,Friday
2024-11-09,Mumbai,Groceries,9.0,239.51,0.0,2155.59,11,Nov,4,Saturday
2025-10-22,Delhi,Electronics,9.0,7010.15,5.0,59936.78,10,Oct,4,Wednesday
2025-07-05,Chennai,Home & Kitchen,5.0,2000.12,20.0,8000.48,7,Jul,3,Saturday
2024-01-31,Mumbai,Home & Kitchen,2.0,1774.97,10.0,3194.95,1,Jan,1,Wednesday
2024-03-11,Pune,Home & Kitchen,7.0,1780.01,0.0,12460.07,3,Mar,1,Monday
2024-01-01,Pune,Clothing,4.0,769.61,10.0,2770.6,1,Jan,1,Monday
2024-01-20,Chennai,Groceries,5.0,376.8,15.0,1601.4,1,Jan,1,Saturday
2025-09-30,Mumbai,Electronics,8.0,8411.79,10.0,60564.89,9,Sep,3,Tuesday
2024-10-11,Mumbai,Groceries,8.0,483.49,10.0,3481.13,10,Oct,4,Friday
2025-01-10,Bangalore,Beauty,1.0,754.06,25.0,565.54,1,Jan,1,Friday
2025-07-19,Chennai,Beauty,8.0,712.24,20.0,4558.34,7,Jul,3,Saturday
2024-09-11,Pune,Home & Kitchen,7.0,2156.98,10.0,13588.97,9,Sep,3,Wednesday
2024-03-28,Bangalore,Electronics,7.0,5347.8,0.0,37434.6,3,Mar,1,Thursday
2024-05-29,Mumbai,Home & Kitchen,3.0,1630.18,0.0,4890.54,5,May,2,Wednesday
2024-10-08,Delhi,Groceries,6.0,350.93,0.0,2105.58,10,Oct,4,Tuesday
2025-08-06,Mumbai,Groceries,7.0,361.34,5.0,2402.91,8,Aug,3,Wednesday
2024-11-27,Bangalore,Beauty,13.0,744.23,0.0,9674.99,11,Nov,4,Wednesday
2024-12-28,Mumbai,Sports,7.0,2282.56,5.0,15179.02,12,Dec,4,Saturday
2024-02-03,Delhi,Groceries,10.0,323.75,0.0,3237.5,2,Feb,1,Saturday
2025-12-22,Pune,Clothing,7.0,997.56,0.0,6982.92,12,Dec,4,Monday
2024-04-04,Mumbai,Electronics,7.0,7284.86,10.0,45894.62,4,Apr,2,Thursday
2025-12-19,Pune,Sports,8.0,1647.49,0.0,13179.92,12,Dec,4,Friday
2025-09-20,Bangalore,Electronics,5.0,10883.69,20.0,43534.76,9,Sep,3,Saturday
2024-01-08,Pune,Clothing,4.0,1444.1,15.0,4909.94,1,Jan,1,Monday
2024-06-11,Chennai,Sports,6.0,2126.72,10.0,11484.29,6,Jun,2,Tuesday
2025-08-25,Pune,Clothing,4.0,1274.21,25.0,3822.63,8,Aug,3,Monday
2024-04-15,Pune,Sports,6.0,2141.06,20.0,10277.09,4,Apr,2,Monday
2025-01-19,Pune,Electronics,6.0,9162.99,5.0,52229.04,1,Jan,1,Sunday
2024-05-18,Delhi,Electronics,5.0,9116.65,15.0,38745.76,5,May,2,Saturday
2025-12-19,Delhi,Home & Kitchen,7.0,1805.22,10.0,11372.89,12,Dec,4,Friday
2024-12-22,Mumbai,Sports,10.0,2508.52,0.0,25085.2,12,Dec,4,Sunday
2025-07-10,Mumbai,Electronics,4.0,4448.36,15.0,15124.42,7,Jul,3,Thursday
2025-04-07,Pune,Home & Kitchen,4.0,2019.09,15.0,6864.91,4,Apr,2,Monday
2024-08-02,Pune,Home & Kitchen,8.0,2165.36,0.0,17322.88,8,Aug,3,Friday
2025-05-07,Mumbai,Groceries,2.0,489.14,5.0,929.37,5,May,2,Wednesday
2025-01-01,Mumbai,Sports,5.0,2518.09,0.0,12590.45,1,Jan,1,Wednesday
2025-12-09,Chennai,Home & Kitchen,7.0,1957.65,0.0,13703.55,12,Dec,4,Tuesday
2024-11-16,Pune,Groceries,9.0,416.78,15.0,3188.37,11,Nov,4,Saturday
2024-01-22,Delhi,Home & Kitchen,3.0,2511.44,20.0,6027.46,1,Jan,1,Monday
2024-06-01,Pune,Electronics,6.0,13054.13,0.0,78324.78,6,Jun,2,Saturday
2024-09-12,Delhi,Beauty,3.0,586.34,5.0,1671.07,9,Sep,3,Thursday
2025-01-04,Pune,Groceries,6.0,560.07,0.0,3360.42,1,Jan,1,Saturday
2025-12-11,Chennai,Clothing,3.0,1140.78,25.0,2566.76,12,Dec,4,Thursday
2024-05-31,Delhi,Clothing,7.0,1435.29,0.0,10047.03,5,May,2,Friday
2025-06-23,Bangalore,Groceries,6.0,382.73,5.0,2181.56,6,Jun,2,Monday
2024-07-19,Chennai,Electronics,9.0,7314.45,10.0,59247.05,7,Jul,3,Friday
2024-10-08,Bangalore,Beauty,10.0,593.52,15.0,5044.92,10,Oct,4,Tuesday
2024-01-07,Pune,Electronics,8.0,7478.51,5.0,56836.68,1,Jan,1,Sunday
2024-10-29,Pune,Electronics,7.0,9852.77,5.0,65520.92,10,Oct,4,Tuesday
2024-02-10,Mumbai,Electronics,5.0,8076.65,5.0,38364.09,2,Feb,1,Saturday
2024-01-27,Pune,Clothing,6.0,1432.82,0.0,8596.92,1,Jan,1,Saturday
2025-02-01,Mumbai,Home & Kitchen,3.0,1858.48,10.0,5017.9,2,Feb,1,Saturday
2025-03-17,Mumbai,Groceries,5.0,369.51,0.0,1847.55,3,Mar,1,Monday
2024-03-21,Mumbai,Home & Kitchen,5.0,1956.38,10.0,8803.71,3,Mar,1,Thursday
2025-01-23,Mumbai,Beauty,4.0,681.14,5.0,2588.33,1,Jan,1,Thursday
2024-12-30,Mumbai,Clothing,11.0,1412.53,5.0,14760.94,12,Dec,4,Monday
2024-09-20,Chennai,Electronics,12.0,7590.07,20.0,72864.67,9,Sep,3,Friday
2025-08-28,Delhi,Home & Kitchen,3.0,1435.8,0.0,4307.4,8,Aug,3,Thursday
2025-10-24,Delhi,Home & Kitchen,8.0,2033.93,15.0,13830.72,10,Oct,4,Friday
2025-02-03,Delhi,Clothing,9.0,1081.64,0.0,9734.76,2,Feb,1,Monday
2024-08-31,Bangalore,Home & Kitchen,3.0,1978.1,25.0,4450.72,8,Aug,3,Saturday
2024-09-20,Delhi,Groceries,7.0,420.28,0.0,2941.96,9,Sep,3,Friday
2024-12-27,Bangalore,Sports,10.0,1781.41,0.0,17814.1,12,Dec,4,Friday
2025-07-03,Chennai,Groceries,5.0,328.82,5.0,1561.89,7,Jul,3,Thursday
2025-05-30,Mumbai,Clothing,6.0,1163.1,15.0,5931.81,5,May,2,Friday
2024-02-02,Delhi,Sports,6.0,2675.08,0.0,16050.48,2,Feb,1,Friday
2025-02-22,Mumbai,Electronics,6.0,6990.14,0.0,41940.84,2,Feb,1,Saturday
2025-04-23,Chennai,Groceries,6.0,363.62,0.0,2181.72,4,Apr,2,Wednesday
2025-12-02,Mumbai,Groceries,7.0,263.28,5.0,1750.81,12,Dec,4,Tuesday
2024-05-13,Mumbai,Home & Kitchen,6.0,2655.78,10.0,14341.21,5,May,2,Monday
2025-09-09,Mumbai,Home & Kitchen,4.0,1745.53,15.0,5934.8,9,Sep,3,Tuesday
2024-04-17,Delhi,Home & Kitchen,14.0,2360.12,10.0,29737.51,4,Apr,2,Wednesday
2025-03-26,Delhi,Groceries,11.0,448.26,5.0,4684.32,3,Mar,1,Wednesday
2024-05-17,Pune,Home & Kitchen,6.0,1518.45,10.0,8199.63,5,May,2,Friday
2025-06-06,Mumbai,Beauty,5.0,686.02,20.0,2744.08,6,Jun,2,Friday
2024-01-24,Delhi,Groceries,5.0,347.63,10.0,1564.34,1,Jan,1,Wednesday
2024-02-04,Bangalore,Clothing,8.0,969.21,20.0,6202.94,2,Feb,1,Sunday
2024-02-23,Mumbai,Groceries,6.0,365.56,0.0,2193.36,2,Feb,1,Friday
2024-08-21,Chennai,Home & Kitchen,8.0,1000.55,15.0,6803.74,8,Aug,3,Wednesday
2024-10-10,Mumbai,Sports,8.0,1601.65,15.0,10891.22,10,Oct,4,Thursday
2024-12-23,Pune,Groceries,17.0,406.63,25.0,5184.53,12,Dec,4,Monday
2025-05-09,Bangalore,Home & Kitchen,5.0,906.77,15.0,3853.77,5,May,2,Friday
2024-11-01,Delhi,Groceries,5.0,391.62,15.0,1664.38,11,Nov,4,Friday
2025-01-11,Mumbai,Electronics,7.0,7717.71,20.0,43219.18,1,Jan,1,Saturday
2025-05-30,Bangalore,Electronics,10.0,7316.17,15.0,62187.44,5,May,2,Friday
2024-04-19,Delhi,Clothing,10.0,1172.0,5.0,11134.0,4,Apr,2,Friday
2024-07-20,Bangalore,Clothing,5.0,1388.01,15.0,5899.04,7,Jul,3,Saturday
2025-11-08,Chennai,Home & Kitchen,8.0,1955.85,20.0,12517.44,11,Nov,4,Saturday
2025-11-10,Delhi,Clothing,10.0,1120.8,0.0,11208.0,11,Nov,4,Monday
2024-11-20,Delhi,Electronics,11.0,7516.01,0.0,82676.11,11,Nov,4,Wednesday
2025-07-04,Mumbai,Sports,6.0,2000.53,0.0,12003.18,7,Jul,3,Friday
2025-11-23,Pune,Clothing,6.0,1284.73,0.0,7708.38,11,Nov,4,Sunday
2024-07-09,Mumbai,Groceries,9.0,233.41,0.0,2100.69,7,Jul,3,Tuesday
2025-06-27,Mumbai,Electronics,7.0,9604.37,10.0,60507.53,6,Jun,2,Friday
2024-03-03,Mumbai,Home & Kitchen,8.0,1714.21,5.0,13028.0,3,Mar,1,Sunday
2024-11-04,Bangalore,Groceries,7.0,396.02,0.0,2772.14,11,Nov,4,Monday
2024-01-06,Pune,Clothing,6.0,959.36,10.0,5180.54,1,Jan,1,Saturday
2024-08-29,Pune,Electronics,3.0,9061.62,0.0,27184.86,8,Aug,3,Thursday
2025-03-22,Pune,Home & Kitchen,7.0,1895.11,5.0,12602.48,3,Mar,1,Saturday
2025-04-12,Pune,Electronics,5.0,6844.78,0.0,34223.9,4,Apr,2,Saturday
2024-12-17,Pune,Clothing,11.0,1184.96,0.0,13034.56,12,Dec,4,Tuesday
2025-02-05,Bangalore,Clothing,7.0,1185.23,0.0,8296.61,2,Feb,1,Wednesday
2024-01-04,Mumbai,Sports,3.0,1652.24,10.0,4461.05,1,Jan,1,Thursday
2024-10-07,Delhi,Electronics,7.0,7870.24,15.0,46827.93,10,Oct,4,Monday
2025-04-16,Chennai,Clothing,8.0,1264.39,5.0,9609.36,4,Apr,2,Wednesday
2025-05-01,Mumbai,Electronics,1.0,8226.63,10.0,7403.97,5,May,2,Thursday
2025-02-16,Chennai,Groceries,11.0,374.94,0.0,4124.34,2,Feb,1,Sunday
2024-04-06,Chennai,Beauty,7.0,562.61,0.0,3938.27,4,Apr,2,Saturday
2025-08-11,Mumbai,Sports,7.0,2230.11,5.0,14830.23,8,Aug,3,Monday
2025-12-22,Delhi,Clothing,12.0,686.3,15.0,7000.26,12,Dec,4,Monday
2025-01-21,Delhi,Groceries,3.0,307.12,0.0,921.36,1,Jan,1,Tuesday
2024-02-28,Pune,Clothing,7.0,1248.0,0.0,8736.0,2,Feb,1,Wednesday
2025-05-03,Delhi,Electronics,2.0,11389.28,0.0,22778.56,5,May,2,Saturday
2025-05-23,Pune,Electronics,7.0,7220.25,0.0,50541.75,5,May,2,Friday
2024-02-16,Bangalore,Clothing,2.0,1595.51,10.0,2871.92,2,Feb,1,Friday
2025-01-05,Mumbai,Clothing,5.0,1135.83,10.0,5111.23,1,Jan,1,Sunday
2024-12-15,Chennai,Electronics,10.0,10782.47,5.0,102433.46,12,Dec,4,Sunday
2024-01-16,Pune,Beauty,3.0,720.69,0.0,2162.07,1,Jan,1,Tuesday
2024-04-02,Delhi,Electronics,12.0,10879.06,20.0,104438.98,4,Apr,2,Tuesday
2024-08-09,Mumbai,Clothing,8.0,1313.2,10.0,9455.04,8,Aug,3,Friday
2025-08-08,Pune,Groceries,5.0,235.88,5.0,1120.43,8,Aug,3,Friday
2025-05-30,Mumbai,Electronics,5.0,9642.95,0.0,48214.75,5,May,2,Friday
2025-04-20,Pune,Home & Kitchen,7.0,2051.59,0.0,14361.13,4,Apr,2,Sunday
2025-07-13,Bangalore,Electronics,7.0,9229.9,15.0,54917.9,7,Jul,3,Sunday
2025-03-14,Mumbai,Groceries,4.0,353.39,10.0,1272.2,3,Mar,1,Friday
2024-01-01,Delhi,Groceries,7.0,371.4,0.0,2599.8,1,Jan,1,Monday
2025-03-06,Bangalore,Electronics,10.0,11263.42,0.0,112634.2,3,Mar,1,Thursday
2025-03-16,Bangalore,Electronics,7.0,7148.57,5.0,47537.99,3,Mar,1,Sunday
2024-02-18,Mumbai,Beauty,7.0,408.3,0.0,2858.1,2,Feb,1,Sunday
2025-10-07,Mumbai,Groceries,14.0,314.87,0.0,4408.18,10,Oct,4,Tuesday
2025-12-11,Delhi,Clothing,7.0,814.05,25.0,4273.76,12,Dec,4,Thursday
2025-02-12,Chennai,Beauty,4.0,650.83,5.0,2473.15,2,Feb,1,Wednesday
2024-05-19,Bangalore,Electronics,3.0,4928.94,0.0,14786.82,5,May,2,Sunday
2024-10-02,Delhi,Clothing,7.0,1177.95,5.0,7833.37,10,Oct,4,Wednesday
2024-11-19,Pune,Sports,10.0,2768.34,0.0,27683.4,11,Nov,4,Tuesday
2024-01-01,Delhi,Electronics,7.0,8565.97,0.0,59961.79,1,Jan,1,Monday
2025-01-31,Delhi,Groceries,7.0,322.85,10.0,2033.96,1,Jan,1,Friday
2025-08-28,Delhi,Home & Kitchen,7.0,2298.69,0.0,16090.83,8,Aug,3,Thursday
2025-03-29,Mumbai,Groceries,9.0,419.65,0.0,3776.85,3,Mar,1,Saturday
2024-03-24,Mumbai,Groceries,6.0,191.39,10.0,1033.51,3,Mar,1,Sunday
2024-01-04,Chennai,Groceries,9.0,396.17,15.0,3030.7,1,Jan,1,Thursday
2024-03-10,Bangalore,Home & Kitchen,4.0,1569.35,0.0,6277.4,3,Mar,1,Sunday
2025-03-27,Mumbai,Beauty,9.0,713.39,5.0,6099.48,3,Mar,1,Thursday
2024-12-30,Bangalore,Electronics,12.0,6696.91,10.0,72326.63,12,Dec,4,Monday
2025-01-12,Mumbai,Groceries,7.0,324.51,5.0,2157.99,1,Jan,1,Sunday
2025-03-22,Delhi,Beauty,4.0,792.65,15.0,2695.01,3,Mar,1,Saturday
2024-09-08,Mumbai,Electronics,12.0,8393.36,0.0,100720.32,9,Sep,3,Sunday
2024-12-20,Mumbai,Clothing,4.0,964.18,10.0,3471.05,12,Dec,4,Friday
2024-11-26,Mumbai,Electronics,7.0,8359.4,0.0,58515.8,11,Nov,4,Tuesday
2024-05-24,Chennai,Beauty,8.0,749.31,0.0,5994.48,5,May,2,Friday
2025-07-19,Delhi,Groceries,6.0,350.73,0.0,2104.38,7,Jul,3,Saturday
2024-08-31,Pune,Groceries,9.0,380.46,15.0,2910.52,8,Aug,3,Saturday
2025-09-21,Mumbai,Clothing,4.0,1306.34,10.0,4702.82,9,Sep,3,Sunday
2024-07-02,Bangalore,Home & Kitchen,6.0,1726.93,10.0,9325.42,7,Jul,3,Tuesday
2025-09-07,Mumbai,Clothing,11.0,1019.87,25.0,8413.93,9,Sep,3,Sunday
2024-04-19,Chennai,Clothing,9.0,1413.61,15.0,10814.12,4,Apr,2,Friday
2024-09-15,Mumbai,Electronics,6.0,9748.56,0.0,58491.36,9,Sep,3,Sunday
2024-06-10,Chennai,Home & Kitchen,5.0,1987.89,5.0,9442.48,6,Jun,2,Monday
2025-04-29,Delhi,Home & Kitchen,9.0,1826.61,0.0,16439.49,4,Apr,2,Tuesday
2025-01-16,Pune,Electronics,2.0,11567.55,0.0,23135.1,1,Jan,1,Thursday
2025-12-30,Delhi,Beauty,11.0,793.32,5.0,8290.19,12,Dec,4,Tuesday
2025-10-09,Bangalore,Groceries,5.0,435.83,5.0,2070.19,10,Oct,4,Thursday
2024-11-14,Delhi,Groceries,6.0,417.79,0.0,2506.74,11,Nov,4,Thursday
2025-10-20,Delhi,Groceries,3.0,335.58,0.0,1006.74,10,Oct,4,Monday
2025-10-28,Bangalore,Groceries,8.0,317.82,5.0,2415.43,10,Oct,4,Tuesday
2025-11-09,Mumbai,Sports,14.0,1707.92,5.0,22715.34,11,Nov,4,Sunday
2024-10-06,Pune,Groceries,9.0,394.7,10.0,3197.07,10,Oct,4,Sunday
2025-12-09,Pune,Electronics,5.0,5330.87,0.0,26654.35,12,Dec,4,Tuesday
2025-02-11,Delhi,Clothing,3.0,1036.69,0.0,3110.07,2,Feb,1,Tuesday
2025-01-16,Bangalore,Groceries,3.0,481.31,15.0,1227.34,1,Jan,1,Thursday
2025-11-28,Mumbai,Electronics,3.0,10068.95,10.0,27186.16,11,Nov,4,Friday
2025-01-11,Delhi,Electronics,6.0,9167.01,10.0,49501.85,1,Jan,1,Saturday
2025-09-12,Chennai,Clothing,4.0,1719.22,15.0,5845.35,9,Sep,3,Friday
2025-01-28,Mumbai,Beauty,7.0,359.18,0.0,2514.26,1,Jan,1,Tuesday
2024-12-26,Mumbai,Electronics,9.0,9254.24,10.0,74959.34,12,Dec,4,Thursday
2024-12-10,Bangalore,Clothing,5.0,1326.13,0.0,6630.65,12,Dec,4,Tuesday
2025-08-06,Bangalore,Electronics,10.0,7528.28,10.0,67754.52,8,Aug,3,Wednesday
2024-01-13,Delhi,Clothing,4.0,1259.38,5.0,4785.64,1,Jan,1,Saturday
2025-05-07,Bangalore,Electronics,5.0,7289.36,0.0,36446.8,5,May,2,Wednesday
2025-06-16,Pune,Electronics,8.0,8200.73,5.0,62325.55,6,Jun,2,Monday
2025-01-24,Bangalore,Electronics,8.0,12543.95,5.0,95334.02,1,Jan,1,Friday
2024-01-14,Delhi,Beauty,6.0,1008.65,0.0,6051.9,1,Jan,1,Sunday
2025-11-11,Bangalore,Clothing,12.0,1099.15,10.0,11870.82,11,Nov,4,Tuesday
2024-07-19,Bangalore,Beauty,3.0,525.38,25.0,1182.1,7,Jul,3,Friday
2024-05-17,Pune,Electronics,3.0,12466.84,10.0,33660.47,5,May,2,Friday
2024-04-22,Pune,Electronics,5.0,8736.23,0.0,43681.15,4,Apr,2,Monday
2025-11-19,Delhi,Groceries,8.0,447.91,0.0,3583.28,11,Nov,4,Wednesday
2024-10-02,Chennai,Clothing,10.0,1468.15,10.0,13213.35,10,Oct,4,Wednesday
2024-09-21,Chennai,Clothing,5.0,1188.19,0.0,5940.95,9,Sep,3,Saturday
2024-10-03,Pune,Clothing,8.0,1438.63,0.0,11509.04,10,Oct,4,Thursday
2025-03-24,Mumbai,Groceries,12.0,346.45,10.0,3741.66,3,Mar,1,Monday
2025-03-23,Delhi,Electronics,13.0,7569.16,5.0,93479.13,3,Mar,1,Sunday
2025-07-11,Delhi,Groceries,5.0,465.43,10.0,2094.44,7,Jul,3,Friday
2024-11-02,Chennai,Groceries,7.0,356.87,10.0,2248.28,11,Nov,4,Saturday
2025-03-30,Mumbai,Electronics,6.0,9229.78,15.0,47071.88,3,Mar,1,Sunday
2024-11-25,Mumbai,Beauty,10.0,723.77,20.0,5790.16,11,Nov,4,Monday
2025-07-09,Mumbai,Groceries,7.0,295.95,0.0,2071.65,7,Jul,3,Wednesday
2024-02-01,Delhi,Beauty,1.0,436.66,0.0,436.66,2,Feb,1,Thursday
2025-07-24,Chennai,Sports,6.0,2202.71,15.0,11233.82,7,Jul,3,Thursday
2024-07-21,Mumbai,Electronics,6.0,8334.46,10.0,45006.08,7,Jul,3,Sunday
2024-03-29,Chennai,Clothing,9.0,862.94,25.0,5824.85,3,Mar,1,Friday
2025-11-11,Bangalore,Home & Kitchen,11.0,1705.09,10.0,16880.39,11,Nov,4,Tuesday
2025-11-24,Chennai,Clothing,8.0,1048.94,10.0,7552.37,11,Nov,4,Monday
2025-08-10,Pune,Beauty,5.0,639.64,0.0,3198.2,8,Aug,3,Sunday
2024-05-15,Mumbai,Beauty,3.0,475.39,10.0,1283.55,5,May,2,Wednesday
2025-11-11,Pune,Clothing,1.0,1606.45,10.0,1445.8,11,Nov,4,Tuesday
2024-09-17,Bangalore,Beauty,5.0,531.54,5.0,2524.81,9,Sep,3,Tuesday
2025-04-05,Pune,Sports,6.0,2119.55,0.0,12717.3,4,Apr,2,Saturday
2025-03-26,Pune,Electronics,9.0,7217.42,0.0,64956.78,3,Mar,1,Wednesday
2025-11-29,Pune,Groceries,8.0,361.28,0.0,2890.24,11,Nov,4,Saturday
2024-08-30,Chennai,Clothing,3.0,1068.88,10.0,2885.98,8,Aug,3,Friday
2024-06-11,Delhi,Electronics,6.0,6204.21,0.0,37225.26,6,Jun,2,Tuesday
2025-05-06,Chennai,Sports,3.0,2396.94,0.0,7190.82,5,May,2,Tuesday
2024-10-27,Chennai,Home & Kitchen,7.0,2436.1,15.0,14494.8,10,Oct,4,Sunday
2024-08-14,Delhi,Clothing,4.0,1397.78,15.0,4752.45,8,Aug,3,Wednesday
2024-04-11,Bangalore,Beauty,8.0,430.72,0.0,3445.76,4,Apr,2,Thursday
2025-07-10,Delhi,Groceries,6.0,374.87,10.0,2024.3,7,Jul,3,Thursday
2025-05-26,Delhi,Clothing,6.0,1403.17,0.0,8419.02,5,May,2,Monday
2024-11-28,Delhi,Electronics,9.0,10061.95,0.0,90557.55,11,Nov,4,Thursday
2025-08-04,Delhi,Groceries,10.0,341.81,5.0,3247.2,8,Aug,3,Monday
2024-09-01,Chennai,Groceries,4.0,341.07,0.0,1364.28,9,Sep,3,Sunday
2024-03-22,Chennai,Sports,2.0,3188.39,10.0,5739.1,3,Mar,1,Friday
2025-03-14,Mumbai,Clothing,6.0,1037.68,5.0,5914.78,3,Mar,1,Friday
2025-04-06,Mumbai,Beauty,8.0,605.46,10.0,4359.31,4,Apr,2,Sunday
2025-09-30,Mumbai,Home & Kitchen,11.0,1845.63,0.0,20301.93,9,Sep,3,Tuesday
2025-02-21,Delhi,Electronics,6.0,8918.81,0.0,53512.86,2,Feb,1,Friday
2024-08-15,Bangalore,Clothing,8.0,935.63,5.0,7110.79,8,Aug,3,Thursday
2024-07-29,Bangalore,Home & Kitchen,9.0,2499.76,10.0,20248.06,7,Jul,3,Monday
2025-07-08,Chennai,Clothing,4.0,804.01,0.0,3216.04,7,Jul,3,Tuesday
2024-08-25,Delhi,Home & Kitchen,7.0,1593.63,15.0,9482.1,8,Aug,3,Sunday
2024-01-24,Delhi,Groceries,6.0,264.36,5.0,1506.85,1,Jan,1,Wednesday
2025-01-02,Mumbai,Beauty,8.0,500.18,5.0,3801.37,1,Jan,1,Thursday
2025-02-13,Mumbai,Groceries,7.0,442.02,0.0,3094.14,2,Feb,1,Thursday
2025-05-20,Chennai,Clothing,5.0,1071.62,10.0,4822.29,5,May,2,Tuesday
2025-04-04,Mumbai,Sports,4.0,1919.85,25.0,5759.55,4,Apr,2,Friday
2024-04-09,Bangalore,Home & Kitchen,12.0,1790.07,25.0,16110.63,4,Apr,2,Tuesday
2024-03-28,Bangalore,Home & Kitchen,5.0,1486.47,10.0,6689.12,3,Mar,1,Thursday
2025-10-31,Delhi,Groceries,8.0,321.46,0.0,2571.68,10,Oct,4,Friday
2025-09-04,Chennai,Clothing,6.0,791.46,10.0,4273.88,9,Sep,3,Thursday
2024-03-20,Bangalore,Clothing,9.0,1632.34,5.0,13956.51,3,Mar,1,Wednesday
2024-11-05,Mumbai,Groceries,5.0,276.8,10.0,1245.6,11,Nov,4,Tuesday
2025-07-27,Bangalore,Beauty,5.0,740.85,20.0,2963.4,7,Jul,3,Sunday
2025-07-23,Mumbai,Beauty,7.0,482.85,15.0,2872.96,7,Jul,3,Wednesday
2025-03-08,Mumbai,Clothing,7.0,1428.21,5.0,9497.6,3,Mar,1,Saturday
2025-01-07,Delhi,Home & Kitchen,4.0,1098.18,5.0,4173.08,1,Jan,1,Tuesday
2024-05-10,Mumbai,Groceries,6.0,393.29,15.0,2005.78,5,May,2,Friday
2024-11-23,Chennai,Clothing,11.0,833.55,25.0,6876.79,11,Nov,4,Saturday
2024-03-31,Delhi,Clothing,8.0,1274.1,0.0,10192.8,3,Mar,1,Sunday
2024-06-10,Delhi,Beauty,8.0,468.5,0.0,3748.0,6,Jun,2,Monday
2025-07-09,Pune,Sports,8.0,1920.17,15.0,13057.16,7,Jul,3,Wednesday
2024-08-09,Pune,Clothing,6.0,1718.5,5.0,9795.45,8,Aug,3,Friday
2025-07-28,Delhi,Beauty,4.0,641.53,0.0,2566.12,7,Jul,3,Monday
2024-07-11,Pune,Home & Kitchen,6.0,2232.67,0.0,13396.02,7,Jul,3,Thursday
2024-10-11,Bangalore,Electronics,7.0,5926.61,10.0,37337.64,10,Oct,4,Friday
2025-11-01,Delhi,Sports,13.0,2292.47,0.0,29802.11,11,Nov,4,Saturday
2025-06-25,Delhi,Sports,9.0,2302.0,0.0,20718.0,6,Jun,2,Wednesday
2025-12-17,Pune,Beauty,10.0,308.25,10.0,2774.25,12,Dec,4,Wednesday
2025-10-18,Mumbai,Clothing,12.0,1626.44,15.0,16589.69,10,Oct,4,Saturday
2024-10-26,Pune,Groceries,8.0,289.49,5.0,2200.12,10,Oct,4,Saturday
2024-06-17,Bangalore,Home & Kitchen,9.0,2083.56,20.0,15001.63,6,Jun,2,Monday
2025-02-25,Delhi,Home & Kitchen,6.0,1601.28,25.0,7205.76,2,Feb,1,Tuesday
2024-01-07,Mumbai,Groceries,6.0,376.37,0.0,2258.22,1,Jan,1,Sunday
2024-11-28,Mumbai,Groceries,10.0,327.54,10.0,2947.86,11,Nov,4,Thursday
2025-07-23,Chennai,Clothing,5.0,697.7,0.0,3488.5,7,Jul,3,Wednesday
2025-03-05,Delhi,Home & Kitchen,7.0,2455.28,10.0,15468.26,3,Mar,1,Wednesday
2025-12-07,Mumbai,Electronics,6.0,11740.98,10.0,63401.29,12,Dec,4,Sunday
2024-05-03,Delhi,Electronics,8.0,10974.57,0.0,87796.56,5,May,2,Friday
2025-04-15,Mumbai,Groceries,7.0,340.2,0.0,2381.4,4,Apr,2,Tuesday
2025-03-09,Mumbai,Beauty,8.0,708.28,0.0,5666.24,3,Mar,1,Sunday
2025-07-30,Mumbai,Beauty,10.0,639.66,0.0,6396.6,7,Jul,3,Wednesday
2025-09-28,Delhi,Sports,2.0,2061.77,0.0,4123.54,9,Sep,3,Sunday
2024-05-30,Bangalore,Clothing,9.0,1055.41,10.0,8548.82,5,May,2,Thursday
2024-11-07,Bangalore,Electronics,10.0,9526.24,10.0,85736.16,11,Nov,4,Thursday
2024-10-06,Pune,Groceries,7.0,384.6,10.0,2422.98,10,Oct,4,Sunday
2024-05-05,Pune,Groceries,4.0,334.53,10.0,1204.31,5,May,2,Sunday
2025-08-30,Mumbai,Home & Kitchen,7.0,1501.08,5.0,9982.18,8,Aug,3,Saturday
2025-01-10,Pune,Electronics,2.0,8626.68,20.0,13802.69,1,Jan,1,Friday
2024-01-26,Delhi,Clothing,6.0,944.64,5.0,5384.45,1,Jan,1,Friday
2024-07-27,Delhi,Groceries,6.0,195.22,20.0,937.06,7,Jul,3,Saturday
2025-05-16,Mumbai,Clothing,2.0,1153.63,0.0,2307.26,5,May,2,Friday
2024-03-20,Delhi,Clothing,4.0,1556.54,20.0,4980.93,3,Mar,1,Wednesday
2024-06-16,Bangalore,Beauty,4.0,603.15,15.0,2050.71,6,Jun,2,Sunday
2024-04-13,Chennai,Clothing,3.0,1016.55,15.0,2592.2,4,Apr,2,Saturday
2024-08-21,Mumbai,Beauty,3.0,643.31,5.0,1833.43,8,Aug,3,Wednesday
2025-03-04,Chennai,Home & Kitchen,4.0,1619.88,15.0,5507.59,3,Mar,1,Tuesday
2025-05-28,Pune,Groceries,3.0,404.34,0.0,1213.02,5,May,2,Wednesday
2024-02-19,Bangalore,Groceries,7.0,301.58,0.0,2111.06,2,Feb,1,Monday
2025-11-19,Mumbai,Beauty,9.0,645.16,0.0,5806.44,11,Nov,4,Wednesday
2025-12-31,Mumbai,Clothing,12.0,1090.77,15.0,11125.85,12,Dec,4,Wednesday
2025-02-22,Delhi,Sports,12.0,2243.7,10.0,24231.96,2,Feb,1,Saturday
2025-12-12,Mumbai,Electronics,8.0,8803.54,20.0,56342.66,12,Dec,4,Friday
2024-01-01,Delhi,Clothing,6.0,1130.64,10.0,6105.46,1,Jan,1,Monday
2024-06-21,Pune,Electronics,4.0,8075.21,10.0,29070.76,6,Jun,2,Friday
2025-09-24,Mumbai,Home & Kitchen,7.0,1544.2,0.0,10809.4,9,Sep,3,Wednesday
2025-11-07,Bangalore,Groceries,8.0,407.99,10.0,2937.53,11,Nov,4,Friday
2025-05-04,Bangalore,Groceries,7.0,394.39,0.0,2760.73,5,May,2,Sunday
2025-09-17,Delhi,Electronics,2.0,4712.17,0.0,9424.34,9,Sep,3,Wednesday
2025-04-07,Mumbai,Electronics,6.0,5134.67,5.0,29267.62,4,Apr,2,Monday
2024-03-26,Chennai,Home & Kitchen,5.0,1362.4,25.0,5109.0,3,Mar,1,Tuesday
2025-04-29,Delhi,Electronics,8.0,8850.04,5.0,67260.3,4,Apr,2,Tuesday
2025-04-01,Chennai,Groceries,9.0,294.58,10.0,2386.1,4,Apr,2,Tuesday
2025-06-03,Bangalore,Home & Kitchen,7.0,1724.56,0.0,12071.92,6,Jun,2,Tuesday
2024-02-14,Bangalore,Home & Kitchen,2.0,1898.51,10.0,3417.32,2,Feb,1,Wednesday
2025-08-26,Mumbai,Sports,6.0,2366.87,10.0,12781.1,8,Aug,3,Tuesday
2024-10-28,Bangalore,Home & Kitchen,8.0,1964.34,15.0,13357.51,10,Oct,4,Monday
2024-08-18,Mumbai,Electronics,8.0,8636.18,0.0,69089.44,8,Aug,3,Sunday
2025-08-05,Chennai,Groceries,7.0,382.96,0.0,2680.72,8,Aug,3,Tuesday
2025-10-11,Chennai,Beauty,8.0,556.33,0.0,4450.64,10,Oct,4,Saturday
2024-12-11,Delhi,Electronics,6.0,9687.55,0.0,58125.3,12,Dec,4,Wednesday
2024-05-15,Delhi,Sports,4.0,1986.89,25.0,5960.67,5,May,2,Wednesday
2024-02-19,Delhi,Electronics,7.0,7982.46,5.0,53083.36,2,Feb,1,Monday
2025-12-04,Mumbai,Groceries,10.0,368.63,10.0,3317.67,12,Dec,4,Thursday
2025-10-14,Delhi,Sports,9.0,1585.36,10.0,12841.42,10,Oct,4,Tuesday
2025-05-26,Pune,Electronics,5.0,7363.71,0.0,36818.55,5,May,2,Monday
2025-02-23,Mumbai,Home & Kitchen,3.0,1530.66,5.0,4362.38,2,Feb,1,Sunday
2024-12-12,Mumbai,Electronics,7.0,7980.17,20.0,44688.95,12,Dec,4,Thursday
2024-03-02,Delhi,Home & Kitchen,6.0,1742.88,0.0,10457.28,3,Mar,1,Saturday
2024-02-05,Pune,Sports,9.0,1755.97,10.0,14223.36,2,Feb,1,Monday
2024-07-26,Pune,Home & Kitchen,3.0,2494.59,15.0,6361.2,7,Jul,3,Friday
2024-05-27,Mumbai,Electronics,8.0,10323.56,0.0,82588.48,5,May,2,Monday
2024-09-07,Pune,Groceries,6.0,330.13,10.0,1782.7,9,Sep,3,Saturday
2025-04-03,Bangalore,Electronics,5.0,11669.34,15.0,49594.7,4,Apr,2,Thursday
2024-01-01,Delhi,Clothing,12.0,998.25,0.0,11979.0,1,Jan,1,Monday
2025-07-19,Bangalore,Clothing,8.0,1313.13,5.0,9979.79,7,Jul,3,Saturday
2025-07-19,Chennai,Electronics,5.0,8176.86,15.0,34751.66,7,Jul,3,Saturday
2024-09-24,Bangalore,Home & Kitchen,10.0,2332.43,5.0,22158.08,9,Sep,3,Tuesday
2024-11-22,Bangalore,Clothing,8.0,1195.7,20.0,7652.48,11,Nov,4,Friday
2024-10-29,Mumbai,Clothing,7.0,1165.71,0.0,8159.97,10,Oct,4,Tuesday
2025-10-31,Pune,Clothing,5.0,1157.09,5.0,5496.18,10,Oct,4,Friday
2024-08-24,Pune,Groceries,7.0,227.37,15.0,1352.85,8,Aug,3,Saturday
2024-11-04,Mumbai,Home & Kitchen,16.0,2188.26,0.0,35012.16,11,Nov,4,Monday
2024-10-30,Chennai,Electronics,8.0,6694.62,5.0,50879.11,10,Oct,4,Wednesday
2025-01-06,Mumbai,Clothing,4.0,938.29,0.0,3753.16,1,Jan,1,Monday
2025-04-17,Delhi,Groceries,7.0,383.34,0.0,2683.38,4,Apr,2,Thursday
2024-07-03,Chennai,Electronics,6.0,9602.27,0.0,57613.62,7,Jul,3,Wednesday
2024-03-30,Bangalore,Electronics,6.0,8606.7,15.0,43894.17,3,Mar,1,Saturday
2025-09-24,Mumbai,Clothing,5.0,1012.92,0.0,5064.6,9,Sep,3,Wednesday
2025-04-22,Bangalore,Beauty,9.0,552.64,5.0,4725.07,4,Apr,2,Tuesday
2024-12-18,Bangalore,Home & Kitchen,8.0,1319.96,0.0,10559.68,12,Dec,4,Wednesday
2024-04-16,Chennai,Groceries,8.0,417.1,5.0,3169.96,4,Apr,2,Tuesday
2025-07-23,Pune,Electronics,6.0,6985.07,10.0,37719.38,7,Jul,3,Wednesday
2025-09-12,Mumbai,Clothing,5.0,1319.9,10.0,5939.55,9,Sep,3,Friday
2024-04-05,Delhi,Electronics,5.0,9701.19,5.0,46080.65,4,Apr,2,Friday
2024-08-19,Chennai,Sports,6.0,1849.82,0.0,11098.92,8,Aug,3,Monday
2024-06-28,Mumbai,Electronics,8.0,9805.0,0.0,78440.0,6,Jun,2,Friday
2025-10-11,Mumbai,Beauty,9.0,713.43,5.0,6099.83,10,Oct,4,Saturday
2025-02-17,Bangalore,Home & Kitchen,3.0,1934.3,20.0,4642.32,2,Feb,1,Monday
2024-03-27,Pune,Groceries,2.0,355.64,10.0,640.15,3,Mar,1,Wednesday
2025-06-12,Bangalore,Clothing,3.0,1470.72,15.0,3750.34,6,Jun,2,Thursday
2024-12-27,Delhi,Sports,6.0,2030.05,0.0,12180.3,12,Dec,4,Friday
2024-05-27,Bangalore,Groceries,5.0,275.46,10.0,1239.57,5,May,2,Monday
2024-12-15,Chennai,Beauty,6.0,574.48,0.0,3446.88,12,Dec,4,Sunday
2025-12-18,Delhi,Electronics,6.0,7318.14,0.0,43908.84,12,Dec,4,Thursday
2024-04-30,Mumbai,Groceries,9.0,354.17,10.0,2868.78,4,Apr,2,Tuesday
2025-03-31,Bangalore,Groceries,6.0,284.31,15.0,1449.98,3,Mar,1,Monday
2025-02-11,Delhi,Groceries,4.0,265.7,0.0,1062.8,2,Feb,1,Tuesday
2024-09-05,Delhi,Groceries,5.0,295.05,10.0,1327.72,9,Sep,3,Thursday
2024-07-28,Chennai,Groceries,2.0,294.75,5.0,560.02,7,Jul,3,Sunday
2025-02-12,Chennai,Electronics,1.0,7100.81,10.0,6390.73,2,Feb,1,Wednesday
2025-10-04,Chennai,Groceries,4.0,272.39,0.0,1089.56,10,Oct,4,Saturday
2025-01-16,Pune,Groceries,2.0,394.31,0.0,788.62,1,Jan,1,Thursday
2025-02-03,Delhi,Electronics,5.0,10339.42,10.0,46527.39,2,Feb,1,Monday
2025-12-02,Mumbai,Home & Kitchen,4.0,1616.31,5.0,6141.98,12,Dec,4,Tuesday
2024-08-12,Delhi,Sports,5.0,2390.43,0.0,11952.15,8,Aug,3,Monday
2024-04-18,Mumbai,Sports,7.0,2279.37,5.0,15157.81,4,Apr,2,Thursday
2025-02-11,Bangalore,Home & Kitchen,5.0,1494.22,0.0,7471.1,2,Feb,1,Tuesday
2024-12-10,Delhi,Clothing,6.0,1423.85,15.0,7261.63,12,Dec,4,Tuesday
2024-09-05,Chennai,Groceries,3.0,290.59,5.0,828.18,9,Sep,3,Thursday
2025-12-13,Pune,Home & Kitchen,8.0,1502.19,0.0,12017.52,12,Dec,4,Saturday
2025-01-06,Mumbai,Clothing,5.0,1266.25,0.0,6331.25,1,Jan,1,Monday
2024-07-14,Pune,Groceries,5.0,342.35,0.0,1711.75,7,Jul,3,Sunday
2024-01-11,Delhi,Sports,3.0,2101.73,10.0,5674.67,1,Jan,1,Thursday
2024-10-13,Pune,Sports,7.0,2836.34,20.0,15883.5,10,Oct,4,Sunday
2025-10-03,Bangalore,Electronics,13.0,6373.46,15.0,70426.73,10,Oct,4,Friday
2024-10-19,Pune,Beauty,8.0,810.87,10.0,5838.26,10,Oct,4,Saturday
2025-05-21,Bangalore,Groceries,5.0,179.2,0.0,896.0,5,May,2,Wednesday
2024-09-13,Mumbai,Clothing,6.0,1266.43,0.0,7598.58,9,Sep,3,Friday
2024-10-23,Delhi,Electronics,11.0,11446.66,10.0,113321.93,10,Oct,4,Wednesday
2024-11-19,Delhi,Groceries,6.0,348.06,5.0,1983.94,11,Nov,4,Tuesday
2024-03-21,Bangalore,Electronics,5.0,5862.91,10.0,26383.1,3,Mar,1,Thursday
2025-06-26,Mumbai,Beauty,4.0,526.01,5.0,1998.84,6,Jun,2,Thursday
2025-08-25,Bangalore,Electronics,9.0,9412.7,15.0,72007.16,8,Aug,3,Monday
2025-01-26,Mumbai,Beauty,3.0,595.31,0.0,1785.93,1,Jan,1,Sunday
2025-12-29,Bangalore,Beauty,10.0,818.72,15.0,6959.12,12,Dec,4,Monday
2024-05-10,Bangalore,Beauty,7.0,798.74,10.0,5032.06,5,May,2,Friday
2024-05-11,Bangalore,Home & Kitchen,5.0,1982.84,10.0,8922.78,5,May,2,Saturday
2025-11-28,Chennai,Groceries,10.0,382.25,5.0,3631.38,11,Nov,4,Friday
2025-11-11,Mumbai,Home & Kitchen,6.0,2153.09,5.0,12272.61,11,Nov,4,Tuesday
2025-04-18,Chennai,Clothing,6.0,1455.95,5.0,8298.92,4,Apr,2,Friday
2025-10-31,Bangalore,Groceries,11.0,356.56,25.0,2941.62,10,Oct,4,Friday
2025-06-16,Mumbai,Electronics,4.0,9042.16,5.0,34360.21,6,Jun,2,Monday
2025-02-10,Bangalore,Sports,8.0,2543.72,5.0,19332.27,2,Feb,1,Monday
2025-08-25,Delhi,Groceries,4.0,181.16,0.0,724.64,8,Aug,3,Monday
2025-04-15,Bangalore,Electronics,2.0,6052.22,5.0,11499.22,4,Apr,2,Tuesday
2025-08-03,Bangalore,Electronics,7.0,6944.65,0.0,48612.55,8,Aug,3,Sunday
2024-08-14,Bangalore,Home & Kitchen,9.0,1563.58,0.0,14072.22,8,Aug,3,Wednesday
2025-03-31,Bangalore,Beauty,5.0,550.89,0.0,2754.45,3,Mar,1,Monday
2025-07-05,Mumbai,Groceries,6.0,216.35,20.0,1038.48,7,Jul,3,Saturday
2024-01-29,Bangalore,Groceries,6.0,316.02,5.0,1801.31,1,Jan,1,Monday
2024-06-17,Chennai,Groceries,10.0,204.5,0.0,2045.0,6,Jun,2,Monday
2025-12-04,Delhi,Groceries,8.0,253.92,5.0,1929.79,12,Dec,4,Thursday
2024-12-13,Mumbai,Clothing,7.0,1696.58,5.0,11282.26,12,Dec,4,Friday
2025-08-08,Delhi,Sports,8.0,1819.65,15.0,12373.62,8,Aug,3,Friday
2024-08-04,Mumbai,Clothing,3.0,1604.54,10.0,4332.26,8,Aug,3,Sunday
2025-09-21,Delhi,Clothing,11.0,961.96,10.0,9523.4,9,Sep,3,Sunday
2024-04-28,Mumbai,Groceries,7.0,411.12,20.0,2302.27,4,Apr,2,Sunday
2024-01-07,Mumbai,Groceries,6.0,406.39,0.0,2438.34,1,Jan,1,Sunday
2024-03-24,Delhi,Home & Kitchen,7.0,1770.74,15.0,10535.9,3,Mar,1,Sunday
2025-01-21,Mumbai,Electronics,2.0,6755.82,0.0,13511.64,1,Jan,1,Tuesday
2025-07-20,Mumbai,Electronics,4.0,8145.84,20.0,26066.69,7,Jul,3,Sunday
2025-07-17,Delhi,Electronics,7.0,8325.34,5.0,55363.51,7,Jul,3,Thursday
2025-12-06,Delhi,Clothing,6.0,1056.12,5.0,6019.88,12,Dec,4,Saturday
2024-04-10,Mumbai,Electronics,13.0,7897.53,5.0,97534.5,4,Apr,2,Wednesday
2025-06-24,Delhi,Sports,6.0,2134.97,10.0,11528.84,6,Jun,2,Tuesday
2024-04-21,Bangalore,Electronics,11.0,8726.72,5.0,91194.22,4,Apr,2,Sunday
2025-05-06,Delhi,Sports,7.0,2292.71,10.0,14444.07,5,May,2,Tuesday
2024-07-19,Bangalore,Clothing,6.0,1313.06,20.0,6302.69,7,Jul,3,Friday
2025-12-17,Delhi,Beauty,8.0,848.23,0.0,6785.84,12,Dec,4,Wednesday
2024-08-16,Pune,Home & Kitchen,4.0,1794.07,20.0,5741.02,8,Aug,3,Friday
2024-03-11,Pune,Clothing,7.0,994.28,0.0,6959.96,3,Mar,1,Monday
2025-08-08,Bangalore,Electronics,7.0,9455.73,20.0,52952.09,8,Aug,3,Friday
2025-01-09,Delhi,Beauty,2.0,613.89,0.0,1227.78,1,Jan,1,Thursday
2025-12-30,Bangalore,Sports,2.0,2038.21,0.0,4076.42,12,Dec,4,Tuesday
2024-08-20,Bangalore,Groceries,2.0,400.27,15.0,680.46,8,Aug,3,Tuesday
2024-09-11,Chennai,Groceries,7.0,422.58,0.0,2958.06,9,Sep,3,Wednesday
2024-07-16,Mumbai,Groceries,6.0,361.05,10.0,1949.67,7,Jul,3,Tuesday
2025-05-25,Bangalore,Groceries,12.0,461.13,20.0,4426.85,5,May,2,Sunday
2025-08-03,Mumbai,Beauty,2.0,788.14,0.0,1576.28,8,Aug,3,Sunday
2025-12-21,Chennai,Sports,8.0,2363.68,25.0,14182.08,12,Dec,4,Sunday
2024-11-06,Bangalore,Clothing,14.0,1234.58,20.0,13827.3,11,Nov,4,Wednesday
2025-03-21,Mumbai,Groceries,2.0,483.27,5.0,918.21,3,Mar,1,Friday
2024-08-22,Pune,Home & Kitchen,7.0,1603.35,5.0,10662.28,8,Aug,3,Thursday
2024-09-16,Mumbai,Groceries,5.0,391.46,5.0,1859.44,9,Sep,3,Monday
2025-03-21,Mumbai,Clothing,12.0,1321.31,0.0,15855.72,3,Mar,1,Friday
2025-10-01,Chennai,Home & Kitchen,5.0,1735.41,15.0,7375.49,10,Oct,4,Wednesday
2024-01-24,Delhi,Electronics,3.0,8874.1,10.0,23960.07,1,Jan,1,Wednesday
2025-02-10,Mumbai,Groceries,6.0,396.17,25.0,1782.76,2,Feb,1,Monday
2024-08-12,Mumbai,Sports,5.0,2257.01,5.0,10720.8,8,Aug,3,Monday
2025-03-27,Mumbai,Electronics,6.0,10161.05,5.0,57917.98,3,Mar,1,Thursday
2024-05-22,Delhi,Beauty,5.0,514.4,5.0,2443.4,5,May,2,Wednesday
2025-04-15,Mumbai,Electronics,4.0,9325.57,15.0,31706.94,4,Apr,2,Tuesday
2025-07-02,Delhi,Groceries,5.0,269.44,10.0,1212.48,7,Jul,3,Wednesday
2024-04-04,Delhi,Clothing,6.0,1126.87,0.0,6761.22,4,Apr,2,Thursday
2024-07-26,Pune,Electronics,7.0,9116.5,20.0,51052.4,7,Jul,3,Friday
2024-01-16,Pune,Beauty,6.0,783.98,10.0,4233.49,1,Jan,1,Tuesday
2024-04-11,Chennai,Home & Kitchen,4.0,1548.69,5.0,5885.02,4,Apr,2,Thursday
2024-10-07,Bangalore,Beauty,7.0,583.78,10.0,3677.81,10,Oct,4,Monday
2024-03-12,Mumbai,Electronics,2.0,5655.93,0.0,11311.86,3,Mar,1,Tuesday
2025-05-08,Delhi,Electronics,4.0,9266.64,0.0,37066.56,5,May,2,Thursday
2024-04-10,Bangalore,Home & Kitchen,9.0,1646.08,0.0,14814.72,4,Apr,2,Wednesday
2025-06-11,Delhi,Groceries,11.0,266.65,0.0,2933.15,6,Jun,2,Wednesday
2025-10-11,Chennai,Groceries,10.0,336.32,0.0,3363.2,10,Oct,4,Saturday
2025-07-01,Delhi,Beauty,7.0,673.97,5.0,4481.9,7,Jul,3,Tuesday
2024-08-17,Mumbai,Home & Kitchen,2.0,1578.5,25.0,2367.75,8,Aug,3,Saturday
2025-01-14,Bangalore,Groceries,9.0,324.75,0.0,2922.75,1,Jan,1,Tuesday
2024-12-24,Mumbai,Home & Kitchen,10.0,2191.77,0.0,21917.7,12,Dec,4,Tuesday
2025-11-28,Bangalore,Beauty,9.0,453.7,10.0,3674.97,11,Nov,4,Friday
2025-11-19,Bangalore,Beauty,6.0,488.29,5.0,2783.25,11,Nov,4,Wednesday
2024-09-26,Delhi,Electronics,5.0,6600.66,15.0,28052.8,9,Sep,3,Thursday
2024-06-21,Bangalore,Clothing,6.0,1004.23,15.0,5121.57,6,Jun,2,Friday
2025-09-20,Delhi,Clothing,4.0,966.49,20.0,3092.77,9,Sep,3,Saturday
2024-10-10,Bangalore,Home & Kitchen,12.0,1383.13,25.0,12448.17,10,Oct,4,Thursday
2024-03-21,Bangalore,Home & Kitchen,8.0,1793.22,20.0,11476.61,3,Mar,1,Thursday
2025-08-10,Delhi,Groceries,7.0,347.05,10.0,2186.42,8,Aug,3,Sunday
2025-12-30,Bangalore,Home & Kitchen,6.0,1463.1,5.0,8339.67,12,Dec,4,Tuesday
2024-10-10,Pune,Clothing,11.0,1264.19,10.0,12515.48,10,Oct,4,Thursday
2024-10-29,Pune,Home & Kitchen,7.0,2177.89,0.0,15245.23,10,Oct,4,Tuesday
2025-02-21,Pune,Electronics,3.0,8655.09,5.0,24667.01,2,Feb,1,Friday
2024-03-09,Pune,Home & Kitchen,7.0,1744.05,5.0,11597.93,3,Mar,1,Saturday
2025-01-17,Delhi,Home & Kitchen,7.0,1703.12,20.0,9537.47,1,Jan,1,Friday
2024-07-10,Mumbai,Beauty,12.0,537.5,5.0,6127.5,7,Jul,3,Wednesday
2024-05-10,Mumbai,Clothing,5.0,1235.62,10.0,5560.29,5,May,2,Friday
2024-03-08,Mumbai,Home & Kitchen,5.0,1291.86,10.0,5813.37,3,Mar,1,Friday
2025-09-07,Pune,Electronics,9.0,7048.52,15.0,53921.18,9,Sep,3,Sunday
2025-10-11,Delhi,Electronics,8.0,6504.69,10.0,46833.77,10,Oct,4,Saturday
2024-09-05,Delhi,Electronics,3.0,8947.97,15.0,22817.32,9,Sep,3,Thursday
2024-10-01,Chennai,Groceries,7.0,340.35,15.0,2025.08,10,Oct,4,Tuesday
2025-09-12,Mumbai,Clothing,3.0,1255.61,10.0,3390.15,9,Sep,3,Friday
2025-01-24,Bangalore,Home & Kitchen,4.0,2377.97,15.0,8085.1,1,Jan,1,Friday
2025-06-24,Delhi,Groceries,8.0,270.83,10.0,1949.98,6,Jun,2,Tuesday
2024-12-28,Chennai,Electronics,15.0,9520.3,0.0,142804.5,12,Dec,4,Saturday
2024-02-11,Delhi,Electronics,7.0,9266.32,10.0,58377.82,2,Feb,1,Sunday
2025-10-11,Pune,Groceries,7.0,314.85,10.0,1983.56,10,Oct,4,Saturday
2025-04-14,Chennai,Groceries,6.0,344.18,5.0,1961.83,4,Apr,2,Monday
2025-03-21,Mumbai,Groceries,13.0,368.23,0.0,4786.99,3,Mar,1,Friday
2024-06-05,Bangalore,Sports,5.0,2828.85,20.0,11315.4,6,Jun,2,Wednesday
2024-07-14,Delhi,Home & Kitchen,4.0,1412.59,10.0,5085.32,7,Jul,3,Sunday
2025-06-12,Delhi,Groceries,3.0,418.89,20.0,1005.34,6,Jun,2,Thursday
2025-05-03,Pune,Beauty,4.0,571.88,0.0,2287.52,5,May,2,Saturday
2024-04-20,Pune,Sports,5.0,2493.73,0.0,12468.65,4,Apr,2,Saturday
2025-12-13,Pune,Home & Kitchen,12.0,1151.09,0.0,13813.08,12,Dec,4,Saturday
2025-06-16,Delhi,Clothing,10.0,1335.28,20.0,10682.24,6,Jun,2,Monday
2025-03-02,Mumbai,Clothing,4.0,1404.96,0.0,5619.84,3,Mar,1,Sunday
2025-06-02,Mumbai,Groceries,5.0,352.44,25.0,1321.65,6,Jun,2,Monday
2025-02-04,Bangalore,Home & Kitchen,6.0,1588.59,5.0,9054.96,2,Feb,1,Tuesday
2024-06-24,Pune,Beauty,8.0,724.08,10.0,5213.38,6,Jun,2,Monday
2024-03-27,Bangalore,Electronics,5.0,6845.72,10.0,30805.74,3,Mar,1,Wednesday
2025-01-10,Delhi,Home & Kitchen,10.0,1361.28,5.0,12932.16,1,Jan,1,Friday
2025-10-25,Bangalore,Sports,2.0,2664.72,0.0,5329.44,10,Oct,4,Saturday
2025-04-14,Delhi,Groceries,5.0,385.22,20.0,1540.88,4,Apr,2,Monday
2025-06-08,Chennai,Electronics,5.0,6293.31,0.0,31466.55,6,Jun,2,Sunday
2025-02-25,Chennai,Sports,10.0,2319.94,25.0,17399.55,2,Feb,1,Tuesday
2024-06-24,Bangalore,Groceries,9.0,404.28,5.0,3456.59,6,Jun,2,Monday
2024-01-02,Delhi,Groceries,5.0,333.56,10.0,1501.02,1,Jan,1,Tuesday
2024-05-19,Chennai,Groceries,3.0,248.44,10.0,670.79,5,May,2,Sunday
2024-06-08,Delhi,Beauty,4.0,696.62,5.0,2647.16,6,Jun,2,Saturday
2024-05-03,Mumbai,Sports,5.0,2598.78,20.0,10395.12,5,May,2,Friday
2024-04-17,Chennai,Electronics,8.0,7049.07,10.0,50753.3,4,Apr,2,Wednesday
2024-02-28,Delhi,Clothing,8.0,881.29,0.0,7050.32,2,Feb,1,Wednesday
2024-06-01,Bangalore,Beauty,8.0,755.76,15.0,5139.17,6,Jun,2,Saturday
2024-03-12,Delhi,Groceries,6.0,340.69,10.0,1839.73,3,Mar,1,Tuesday
2024-10-24,Pune,Electronics,5.0,8334.13,5.0,39587.12,10,Oct,4,Thursday
2025-11-01,Mumbai,Beauty,7.0,538.18,15.0,3202.17,11,Nov,4,Saturday
2025-02-09,Delhi,Groceries,3.0,333.65,0.0,1000.95,2,Feb,1,Sunday
2025-11-25,Mumbai,Groceries,10.0,291.96,10.0,2627.64,11,Nov,4,Tuesday
2025-03-08,Mumbai,Sports,7.0,2150.18,15.0,12793.57,3,Mar,1,Saturday
2025-03-02,Mumbai,Electronics,4.0,10086.57,15.0,34294.34,3,Mar,1,Sunday
2025-11-12,Mumbai,Sports,4.0,1833.22,20.0,5866.3,11,Nov,4,Wednesday
2025-05-13,Mumbai,Clothing,5.0,1411.0,5.0,6702.25,5,May,2,Tuesday
2024-04-01,Delhi,Groceries,4.0,416.99,15.0,1417.77,4,Apr,2,Monday
2025-12-01,Pune,Electronics,11.0,9351.27,0.0,102863.97,12,Dec,4,Monday
2024-01-16,Pune,Sports,5.0,2286.93,15.0,9719.45,1,Jan,1,Tuesday
2025-12-01,Mumbai,Electronics,9.0,9069.98,10.0,73466.84,12,Dec,4,Monday
2024-08-24,Mumbai,Groceries,3.0,308.11,10.0,831.9,8,Aug,3,Saturday
2025-06-15,Mumbai,Clothing,5.0,1346.6,15.0,5723.05,6,Jun,2,Sunday
2025-10-16,Pune,Groceries,7.0,349.91,25.0,1837.03,10,Oct,4,Thursday
2025-01-21,Pune,Sports,6.0,2095.65,0.0,12573.9,1,Jan,1,Tuesday
2025-06-08,Mumbai,Electronics,8.0,7090.91,10.0,51054.55,6,Jun,2,Sunday
2025-04-13,Delhi,Sports,5.0,2400.42,0.0,12002.1,4,Apr,2,Sunday
2025-04-06,Pune,Electronics,7.0,10292.32,5.0,68443.93,4,Apr,2,Sunday
2025-08-08,Pune,Groceries,4.0,463.97,5.0,1763.09,8,Aug,3,Friday
2025-03-13,Bangalore,Clothing,7.0,946.11,25.0,4967.08,3,Mar,1,Thursday
2025-04-22,Delhi,Clothing,10.0,919.73,10.0,8277.57,4,Apr,2,Tuesday
2024-11-26,Bangalore,Clothing,10.0,1254.04,5.0,11913.38,11,Nov,4,Tuesday
2025-07-18,Pune,Electronics,7.0,8615.15,0.0,60306.05,7,Jul,3,Friday
2025-06-14,Chennai,Groceries,8.0,417.09,10.0,3003.05,6,Jun,2,Saturday
2025-01-24,Mumbai,Sports,7.0,2330.89,0.0,16316.23,1,Jan,1,Friday
2024-12-30,Bangalore,Beauty,10.0,727.94,15.0,6187.49,12,Dec,4,Monday
2024-11-23,Bangalore,Beauty,7.0,726.06,25.0,3811.82,11,Nov,4,Saturday
2024-10-11,Bangalore,Beauty,12.0,533.11,0.0,6397.32,10,Oct,4,Friday
2025-08-21,Bangalore,Sports,4.0,1555.53,20.0,4977.7,8,Aug,3,Thursday
2024-04-27,Mumbai,Home & Kitchen,13.0,1876.57,0.0,24395.41,4,Apr,2,Saturday
2025-02-22,Pune,Home & Kitchen,10.0,1989.49,0.0,19894.9,2,Feb,1,Saturday
2024-09-09,Pune,Home & Kitchen,3.0,2297.6,5.0,6548.16,9,Sep,3,Monday
2025-02-27,Chennai,Electronics,6.0,9799.3,0.0,58795.8,2,Feb,1,Thursday
2024-09-26,Chennai,Groceries,7.0,257.65,0.0,1803.55,9,Sep,3,Thursday
2025-04-22,Mumbai,Beauty,8.0,876.21,5.0,6659.2,4,Apr,2,Tuesday
2025-09-18,Mumbai,Beauty,9.0,521.23,0.0,4691.07,9,Sep,3,Thursday
2025-10-17,Bangalore,Groceries,6.0,429.69,0.0,2578.14,10,Oct,4,Friday
2025-06-23,Delhi,Beauty,8.0,639.18,0.0,5113.44,6,Jun,2,Monday
2025-09-08,Bangalore,Groceries,7.0,349.84,10.0,2203.99,9,Sep,3,Monday
2024-05-16,Mumbai,Sports,6.0,1902.84,0.0,11417.04,5,May,2,Thursday
2024-11-20,Bangalore,Electronics,11.0,8534.13,0.0,93875.43,11,Nov,4,Wednesday
2024-02-11,Pune,Electronics,3.0,6683.29,5.0,19047.38,2,Feb,1,Sunday
2024-06-02,Bangalore,Clothing,7.0,1552.81,10.0,9782.7,6,Jun,2,Sunday
2024-05-13,Delhi,Home & Kitchen,3.0,1945.43,0.0,5836.29,5,May,2,Monday
2025-08-30,Bangalore,Electronics,6.0,9918.21,0.0,59509.26,8,Aug,3,Saturday
2025-05-25,Delhi,Clothing,8.0,1442.6,10.0,10386.72,5,May,2,Sunday
2024-09-11,Bangalore,Beauty,10.0,599.6,10.0,5396.4,9,Sep,3,Wednesday
2025-11-16,Delhi,Electronics,8.0,9229.32,0.0,73834.56,11,Nov,4,Sunday
2024-02-01,Mumbai,Home & Kitchen,4.0,1905.15,5.0,7239.57,2,Feb,1,Thursday
2025-11-29,Delhi,Groceries,7.0,433.63,5.0,2883.64,11,Nov,4,Saturday
2024-03-26,Bangalore,Beauty,6.0,719.51,0.0,4317.06,3,Mar,1,Tuesday
2024-08-17,Bangalore,Electronics,7.0,5540.0,0.0,38780.0,8,Aug,3,Saturday
2025-08-05,Mumbai,Beauty,4.0,871.62,20.0,2789.18,8,Aug,3,Tuesday
2024-07-17,Delhi,Groceries,3.0,448.73,0.0,1346.19,7,Jul,3,Wednesday
2025-02-08,Pune,Clothing,5.0,1013.68,10.0,4561.56,2,Feb,1,Saturday
2025-07-25,Mumbai,Electronics,9.0,10446.67,0.0,94020.03,7,Jul,3,Friday
2025-08-25,Mumbai,Clothing,6.0,1210.13,15.0,6171.66,8,Aug,3,Monday
2025-05-26,Bangalore,Electronics,5.0,11062.12,0.0,55310.6,5,May,2,Monday
2025-01-18,Mumbai,Electronics,6.0,7375.54,10.0,39827.92,1,Jan,1,Saturday
2024-01-08,Delhi,Groceries,7.0,445.9,0.0,3121.3,1,Jan,1,Monday
2024-02-04,Mumbai,Electronics,8.0,9564.81,25.0,57388.86,2,Feb,1,Sunday
2025-11-13,Bangalore,Groceries,9.0,312.31,15.0,2389.17,11,Nov,4,Thursday
2024-09-09,Mumbai,Electronics,8.0,8097.96,5.0,61544.5,9,Sep,3,Monday
2024-02-28,Chennai,Electronics,7.0,4761.29,0.0,33329.03,2,Feb,1,Wednesday
2025-03-26,Mumbai,Clothing,2.0,1087.57,0.0,2175.14,3,Mar,1,Wednesday
2024-06-17,Delhi,Electronics,1.0,9088.14,25.0,6816.1,6,Jun,2,Monday
2025-11-23,Mumbai,Clothing,7.0,1012.76,5.0,6734.85,11,Nov,4,Sunday
2024-11-30,Bangalore,Clothing,10.0,1073.0,0.0,10730.0,11,Nov,4,Saturday
2025-02-02,Bangalore,Electronics,4.0,6592.51,0.0,26370.04,2,Feb,1,Sunday
2024-01-11,Mumbai,Electronics,6.0,8853.99,15.0,45155.35,1,Jan,1,Thursday
2025-06-12,Mumbai,Beauty,11.0,536.23,5.0,5603.6,6,Jun,2,Thursday
2024-02-18,Mumbai,Home & Kitchen,5.0,1656.69,5.0,7869.28,2,Feb,1,Sunday
2025-07-26,Delhi,Electronics,5.0,9426.07,0.0,47130.35,7,Jul,3,Saturday
2025-07-23,Delhi,Clothing,6.0,806.45,10.0,4354.83,7,Jul,3,Wednesday
2025-03-20,Chennai,Home & Kitchen,5.0,1705.56,0.0,8527.8,3,Mar,1,Thursday
2025-04-12,Chennai,Groceries,9.0,318.44,10.0,2579.36,4,Apr,2,Saturday
2024-03-11,Mumbai,Clothing,5.0,1228.66,5.0,5836.14,3,Mar,1,Monday
2024-09-20,Chennai,Sports,1.0,2716.1,10.0,2444.49,9,Sep,3,Friday
2024-04-01,Delhi,Groceries,5.0,404.43,15.0,1718.83,4,Apr,2,Monday
2024-09-06,Bangalore,Clothing,6.0,1299.64,20.0,6238.27,9,Sep,3,Friday
2025-02-10,Delhi,Beauty,6.0,862.61,5.0,4916.88,2,Feb,1,Monday
2024-11-08,Chennai,Groceries,11.0,320.17,25.0,2641.4,11,Nov,4,Friday
2025-12-11,Bangalore,Electronics,7.0,9294.33,0.0,65060.31,12,Dec,4,Thursday
2024-10-14,Mumbai,Electronics,9.0,10563.52,10.0,85564.51,10,Oct,4,Monday
2024-06-10,Bangalore,Electronics,3.0,10717.09,0.0,32151.27,6,Jun,2,Monday
2024-02-25,Chennai,Clothing,8.0,1408.75,5.0,10706.5,2,Feb,1,Sunday
2024-11-10,Chennai,Clothing,9.0,1061.47,20.0,7642.58,11,Nov,4,Sunday
2025-10-20,Mumbai,Electronics,7.0,6304.69,15.0,37512.91,10,Oct,4,Monday
2025-06-03,Delhi,Groceries,5.0,277.92,5.0,1320.12,6,Jun,2,Tuesday
2024-01-25,Mumbai,Home & Kitchen,5.0,1858.8,20.0,7435.2,1,Jan,1,Thursday
2024-09-04,Chennai,Beauty,8.0,606.61,5.0,4610.24,9,Sep,3,Wednesday
2025-09-22,Mumbai,Home & Kitchen,6.0,2395.4,20.0,11497.92,9,Sep,3,Monday
2024-10-03,Mumbai,Groceries,9.0,338.89,20.0,2440.01,10,Oct,4,Thursday
2025-04-11,Delhi,Clothing,6.0,1575.23,5.0,8978.81,4,Apr,2,Friday
2025-07-01,Delhi,Groceries,3.0,379.6,10.0,1024.92,7,Jul,3,Tuesday
2025-05-01,Delhi,Sports,7.0,2387.15,20.0,13368.04,5,May,2,Thursday
2025-03-26,Mumbai,Sports,7.0,2242.2,10.0,14125.86,3,Mar,1,Wednesday
2025-04-18,Pune,Electronics,11.0,4290.79,5.0,44838.76,4,Apr,2,Friday
2024-05-25,Pune,Home & Kitchen,3.0,1384.04,10.0,3736.91,5,May,2,Saturday
2025-05-26,Delhi,Electronics,3.0,8811.98,5.0,25114.14,5,May,2,Monday
2025-01-28,Chennai,Clothing,7.0,1528.71,0.0,10700.97,1,Jan,1,Tuesday
2024-07-17,Pune,Groceries,4.0,382.12,0.0,1528.48,7,Jul,3,Wednesday
2025-10-13,Pune,Sports,10.0,2359.67,25.0,17697.53,10,Oct,4,Monday
2024-10-31,Bangalore,Home & Kitchen,7.0,1647.64,10.0,10380.13,10,Oct,4,Thursday
2025-03-08,Delhi,Electronics,7.0,10253.88,5.0,68188.3,3,Mar,1,Saturday
2025-10-30,Mumbai,Clothing,5.0,1161.84,20.0,4647.36,10,Oct,4,Thursday
2025-07-15,Chennai,Groceries,6.0,344.87,25.0,1551.92,7,Jul,3,Tuesday
2025-11-28,Mumbai,Beauty,6.0,485.27,15.0,2474.88,11,Nov,4,Friday
2025-04-09,Chennai,Beauty,5.0,572.13,25.0,2145.49,4,Apr,2,Wednesday
2025-06-10,Bangalore,Beauty,4.0,795.39,5.0,3022.48,6,Jun,2,Tuesday
2024-10-16,Pune,Groceries,6.0,341.73,20.0,1640.3,10,Oct,4,Wednesday
2025-03-19,Mumbai,Home & Kitchen,7.0,1781.43,5.0,11846.51,3,Mar,1,Wednesday
2025-09-20,Delhi,Electronics,8.0,6536.39,10.0,47062.01,9,Sep,3,Saturday
2025-05-04,Bangalore,Groceries,10.0,263.63,10.0,2372.67,5,May,2,Sunday
2025-03-17,Pune,Home & Kitchen,4.0,1514.29,20.0,4845.73,3,Mar,1,Monday
2024-01-05,Mumbai,Groceries,5.0,320.95,5.0,1524.51,1,Jan,1,Friday
2025-03-06,Chennai,Groceries,7.0,507.32,0.0,3551.24,3,Mar,1,Thursday
2025-01-29,Bangalore,Beauty,5.0,965.12,10.0,4343.04,1,Jan,1,Wednesday
2024-02-12,Delhi,Clothing,3.0,1312.14,10.0,3542.78,2,Feb,1,Monday
2025-10-16,Mumbai,Clothing,11.0,1155.0,10.0,11434.5,10,Oct,4,Thursday
2025-11-23,Bangalore,Electronics,6.0,6814.14,20.0,32707.87,11,Nov,4,Sunday
2025-11-07,Bangalore,Groceries,7.0,293.78,25.0,1542.34,11,Nov,4,Friday
2025-06-22,Bangalore,Groceries,5.0,351.21,25.0,1317.04,6,Jun,2,Sunday
2025-12-18,Bangalore,Beauty,10.0,775.62,20.0,6204.96,12,Dec,4,Thursday
2024-10-31,Mumbai,Beauty,7.0,826.48,20.0,4628.29,10,Oct,4,Thursday
2024-08-12,Chennai,Groceries,4.0,409.29,5.0,1555.3,8,Aug,3,Monday
2024-05-31,Mumbai,Home & Kitchen,4.0,1902.81,25.0,5708.43,5,May,2,Friday
2024-06-27,Mumbai,Groceries,7.0,336.27,0.0,2353.89,6,Jun,2,Thursday
2024-01-18,Mumbai,Electronics,5.0,7504.98,10.0,33772.41,1,Jan,1,Thursday
2024-08-21,Delhi,Home & Kitchen,6.0,1420.58,0.0,8523.48,8,Aug,3,Wednesday
2024-12-05,Chennai,Beauty,9.0,771.44,20.0,5554.37,12,Dec,4,Thursday
2025-05-27,Chennai,Beauty,7.0,497.91,0.0,3485.37,5,May,2,Tuesday
2024-10-01,Bangalore,Clothing,11.0,1072.41,10.0,10616.86,10,Oct,4,Tuesday
2025-06-21,Mumbai,Beauty,6.0,752.6,10.0,4064.04,6,Jun,2,Saturday
2024-11-18,Mumbai,Beauty,13.0,558.73,0.0,7263.49,11,Nov,4,Monday
2025-11-10,Bangalore,Beauty,8.0,729.61,5.0,5545.04,11,Nov,4,Monday
2025-05-06,Mumbai,Groceries,4.0,320.79,10.0,1154.84,5,May,2,Tuesday
2025-08-13,Mumbai,Electronics,6.0,8475.77,0.0,50854.62,8,Aug,3,Wednesday
2025-03-12,Chennai,Sports,6.0,2580.12,0.0,15480.72,3,Mar,1,Wednesday
2024-12-21,Pune,Clothing,6.0,1076.64,20.0,5167.87,12,Dec,4,Saturday
2025-05-14,Pune,Groceries,4.0,360.62,5.0,1370.36,5,May,2,Wednesday
2024-06-10,Bangalore,Home & Kitchen,6.0,1695.67,15.0,8647.92,6,Jun,2,Monday
2024-02-18,Mumbai,Sports,2.0,1849.35,5.0,3513.76,2,Feb,1,Sunday
2024-08-26,Chennai,Beauty,9.0,768.17,15.0,5876.5,8,Aug,3,Monday
2024-06-15,Mumbai,Groceries,6.0,384.92,5.0,2194.04,6,Jun,2,Saturday
2024-07-23,Bangalore,Beauty,4.0,554.29,15.0,1884.59,7,Jul,3,Tuesday
2025-08-17,Chennai,Beauty,8.0,789.99,0.0,6319.92,8,Aug,3,Sunday
2025-02-09,Bangalore,Electronics,7.0,5941.52,0.0,41590.64,2,Feb,1,Sunday
2025-10-22,Mumbai,Groceries,7.0,329.5,5.0,2191.17,10,Oct,4,Wednesday
2025-10-04,Delhi,Clothing,8.0,1139.6,5.0,8660.96,10,Oct,4,Saturday
2025-03-08,Bangalore,Home & Kitchen,9.0,2073.3,0.0,18659.7,3,Mar,1,Saturday
2024-12-07,Delhi,Clothing,5.0,1281.91,10.0,5768.6,12,Dec,4,Saturday
2024-04-03,Pune,Beauty,7.0,509.13,25.0,2672.93,4,Apr,2,Wednesday
2025-03-30,Pune,Electronics,6.0,7094.71,10.0,38311.43,3,Mar,1,Sunday
2025-02-09,Mumbai,Clothing,6.0,1268.11,15.0,6467.36,2,Feb,1,Sunday
2025-10-22,Delhi,Beauty,10.0,676.51,10.0,6088.59,10,Oct,4,Wednesday
2024-08-07,Bangalore,Beauty,6.0,708.26,10.0,3824.6,8,Aug,3,Wednesday
2024-12-11,Delhi,Home & Kitchen,7.0,1781.5,20.0,9976.4,12,Dec,4,Wednesday
2024-05-17,Chennai,Sports,5.0,2563.03,0.0,12815.15,5,May,2,Friday
2024-01-29,Pune,Beauty,8.0,688.0,10.0,4953.6,1,Jan,1,Monday
2024-08-03,Delhi,Groceries,9.0,409.2,5.0,3498.66,8,Aug,3,Saturday
2024-01-16,Bangalore,Clothing,5.0,1148.04,0.0,5740.2,1,Jan,1,Tuesday
2024-08-15,Pune,Electronics,5.0,6636.56,5.0,31523.66,8,Aug,3,Thursday
2024-09-05,Chennai,Groceries,6.0,283.21,5.0,1614.3,9,Sep,3,Thursday
2024-08-09,Delhi,Home & Kitchen,6.0,2524.79,25.0,11361.56,8,Aug,3,Friday
2025-05-13,Bangalore,Sports,6.0,2456.47,5.0,14001.88,5,May,2,Tuesday
2024-10-05,Delhi,Groceries,7.0,299.03,0.0,2093.21,10,Oct,4,Saturday
2024-04-18,Chennai,Beauty,8.0,715.84,0.0,5726.72,4,Apr,2,Thursday
2024-10-19,Chennai,Home & Kitchen,5.0,1242.75,0.0,6213.75,10,Oct,4,Saturday
2024-08-14,Delhi,Electronics,8.0,5493.81,0.0,43950.48,8,Aug,3,Wednesday
2025-05-11,Mumbai,Beauty,6.0,664.75,15.0,3390.22,5,May,2,Sunday
2025-03-15,Chennai,Home & Kitchen,4.0,1561.66,10.0,5621.98,3,Mar,1,Saturday
2024-03-12,Pune,Sports,7.0,2708.67,5.0,18012.66,3,Mar,1,Tuesday
2024-10-30,Mumbai,Home & Kitchen,9.0,1341.48,0.0,12073.32,10,Oct,4,Wednesday
2025-08-12,Bangalore,Clothing,8.0,1348.12,5.0,10245.71,8,Aug,3,Tuesday
2025-05-21,Bangalore,Electronics,9.0,11107.98,10.0,89974.64,5,May,2,Wednesday
2025-09-17,Pune,Home & Kitchen,4.0,1457.95,5.0,5540.21,9,Sep,3,Wednesday
2024-10-08,Pune,Electronics,7.0,6935.46,15.0,41265.99,10,Oct,4,Tuesday
2025-10-07,Bangalore,Beauty,9.0,504.05,15.0,3855.98,10,Oct,4,Tuesday
2024-10-22,Bangalore,Electronics,10.0,8404.18,0.0,84041.8,10,Oct,4,Tuesday
2024-09-08,Chennai,Electronics,3.0,9347.2,0.0,28041.6,9,Sep,3,Sunday
2024-07-07,Bangalore,Groceries,4.0,351.11,0.0,1404.44,7,Jul,3,Sunday
2025-02-08,Chennai,Home & Kitchen,9.0,1896.86,0.0,17071.74,2,Feb,1,Saturday
2024-08-19,Delhi,Groceries,10.0,346.13,10.0,3115.17,8,Aug,3,Monday
2024-08-23,Mumbai,Groceries,10.0,435.5,5.0,4137.25,8,Aug,3,Friday
2025-12-23,Delhi,Home & Kitchen,14.0,2304.07,0.0,32256.98,12,Dec,4,Tuesday
2025-11-07,Delhi,Home & Kitchen,10.0,1954.2,0.0,19542.0,11,Nov,4,Friday
2025-07-01,Mumbai,Home & Kitchen,7.0,1580.68,5.0,10511.52,7,Jul,3,Tuesday
2025-05-15,Mumbai,Electronics,4.0,8687.01,5.0,33010.64,5,May,2,Thursday
2024-07-05,Pune,Electronics,2.0,6352.29,25.0,9528.44,7,Jul,3,Friday
2025-11-16,Mumbai,Home & Kitchen,11.0,1744.99,5.0,18235.15,11,Nov,4,Sunday
2024-10-30,Chennai,Groceries,6.0,398.69,10.0,2152.93,10,Oct,4,Wednesday
2025-12-26,Mumbai,Electronics,11.0,7333.97,0.0,80673.67,12,Dec,4,Friday
2025-12-20,Delhi,Groceries,6.0,366.28,0.0,2197.68,12,Dec,4,Saturday
2025-08-22,Mumbai,Groceries,5.0,303.34,5.0,1440.86,8,Aug,3,Friday
2024-10-07,Delhi,Clothing,3.0,1249.74,10.0,3374.3,10,Oct,4,Monday
2025-11-30,Pune,Clothing,9.0,995.2,0.0,8956.8,11,Nov,4,Sunday
2025-12-30,Delhi,Groceries,5.0,363.5,0.0,1817.5,12,Dec,4,Tuesday
2024-11-03,Delhi,Clothing,9.0,984.94,25.0,6648.35,11,Nov,4,Sunday
2024-12-31,Mumbai,Electronics,10.0,10569.45,0.0,105694.5,12,Dec,4,Tuesday
2024-06-16,Mumbai,Groceries,9.0,396.89,10.0,3214.81,6,Jun,2,Sunday
2025-03-30,Pune,Beauty,12.0,568.36,5.0,6479.3,3,Mar,1,Sunday
2024-02-01,Mumbai,Beauty,7.0,571.28,5.0,3799.01,2,Feb,1,Thursday
2024-03-13,Mumbai,Groceries,11.0,440.48,10.0,4360.75,3,Mar,1,Wednesday
2024-12-28,Pune,Groceries,10.0,260.75,5.0,2477.12,12,Dec,4,Saturday
2025-03-25,Mumbai,Beauty,7.0,592.97,10.0,3735.71,3,Mar,1,Tuesday
2024-09-21,Mumbai,Electronics,4.0,8361.73,5.0,31774.57,9,Sep,3,Saturday
2024-09-25,Bangalore,Groceries,1.0,383.89,20.0,307.11,9,Sep,3,Wednesday
2025-02-14,Chennai,Electronics,3.0,9284.92,10.0,25069.28,2,Feb,1,Friday
2025-05-23,Pune,Groceries,9.0,217.01,0.0,1953.09,5,May,2,Friday
2025-12-17,Bangalore,Electronics,9.0,10124.59,5.0,86565.24,12,Dec,4,Wednesday
2025-03-09,Delhi,Clothing,5.0,750.07,10.0,3375.32,3,Mar,1,Sunday
2025-07-02,Delhi,Clothing,8.0,1514.5,0.0,12116.0,7,Jul,3,Wednesday
2025-01-19,Delhi,Groceries,5.0,362.18,0.0,1810.9,1,Jan,1,Sunday
2025-07-14,Mumbai,Groceries,5.0,391.74,5.0,1860.76,7,Jul,3,Monday
2024-12-27,Bangalore,Beauty,7.0,522.16,0.0,3655.12,12,Dec,4,Friday
2025-04-10,Bangalore,Clothing,5.0,1181.3,25.0,4429.88,4,Apr,2,Thursday
2025-04-29,Mumbai,Groceries,5.0,320.22,5.0,1521.04,4,Apr,2,Tuesday
2024-10-31,Mumbai,Clothing,4.0,1239.53,15.0,4214.4,10,Oct,4,Thursday
2024-03-24,Chennai,Clothing,3.0,1498.97,20.0,3597.53,3,Mar,1,Sunday
2025-05-19,Mumbai,Electronics,9.0,10519.36,10.0,85206.82,5,May,2,Monday
2024-12-29,Mumbai,Clothing,8.0,1097.0,10.0,7898.4,12,Dec,4,Sunday
2025-12-30,Mumbai,Clothing,7.0,1216.44,0.0,8515.08,12,Dec,4,Tuesday
2024-03-23,Mumbai,Beauty,5.0,956.49,10.0,4304.2,3,Mar,1,Saturday
2024-01-21,Mumbai,Clothing,10.0,885.61,5.0,8413.3,1,Jan,1,Sunday
2024-05-03,Delhi,Beauty,4.0,607.17,0.0,2428.68,5,May,2,Friday
2024-07-27,Bangalore,Clothing,4.0,1004.0,0.0,4016.0,7,Jul,3,Saturday
2025-11-04,Mumbai,Electronics,11.0,9020.45,0.0,99224.95,11,Nov,4,Tuesday
2025-10-20,Delhi,Clothing,10.0,1418.81,15.0,12059.88,10,Oct,4,Monday
2025-07-12,Bangalore,Beauty,3.0,858.33,15.0,2188.74,7,Jul,3,Saturday
2025-06-26,Delhi,Sports,3.0,1863.96,15.0,4753.1,6,Jun,2,Thursday
2025-09-22,Mumbai,Clothing,1.0,1350.92,5.0,1283.37,9,Sep,3,Monday
2024-04-18,Delhi,Beauty,10.0,520.83,0.0,5208.3,4,Apr,2,Thursday
2024-03-26,Pune,Groceries,1.0,292.63,20.0,234.1,3,Mar,1,Tuesday
2025-06-16,Delhi,Home & Kitchen,3.0,1790.97,20.0,4298.33,6,Jun,2,Monday
2025-02-07,Bangalore,Clothing,5.0,924.41,15.0,3928.74,2,Feb,1,Friday
2024-01-05,Pune,Electronics,9.0,8354.03,10.0,67667.64,1,Jan,1,Friday
2024-10-23,Delhi,Groceries,12.0,454.33,5.0,5179.36,10,Oct,4,Wednesday
2024-08-15,Bangalore,Home & Kitchen,6.0,1653.12,0.0,9918.72,8,Aug,3,Thursday
2024-05-18,Pune,Electronics,3.0,8285.09,20.0,19884.22,5,May,2,Saturday
2024-06-06,Mumbai,Clothing,2.0,1045.17,0.0,2090.34,6,Jun,2,Thursday
2024-08-07,Pune,Clothing,7.0,1540.62,5.0,10245.12,8,Aug,3,Wednesday
2024-08-05,Pune,Beauty,6.0,706.95,5.0,4029.62,8,Aug,3,Monday
2024-11-22,Bangalore,Home & Kitchen,9.0,1610.97,0.0,14498.73,11,Nov,4,Friday
2025-09-22,Pune,Electronics,10.0,8397.26,0.0,83972.6,9,Sep,3,Monday
2025-09-11,Chennai,Groceries,5.0,318.78,20.0,1275.12,9,Sep,3,Thursday
2025-07-22,Chennai,Clothing,5.0,1327.79,10.0,5975.06,7,Jul,3,Tuesday
2024-07-11,Mumbai,Electronics,6.0,10037.29,10.0,54201.37,7,Jul,3,Thursday
2024-09-19,Mumbai,Groceries,6.0,380.23,20.0,1825.1,9,Sep,3,Thursday
2025-05-12,Mumbai,Groceries,5.0,235.84,0.0,1179.2,5,May,2,Monday
2024-03-14,Mumbai,Groceries,10.0,391.34,15.0,3326.39,3,Mar,1,Thursday
2024-06-19,Chennai,Electronics,8.0,8523.25,0.0,68186.0,6,Jun,2,Wednesday
2025-05-15,Mumbai,Groceries,3.0,348.49,5.0,993.2,5,May,2,Thursday
2025-02-05,Delhi,Groceries,6.0,298.13,20.0,1431.02,2,Feb,1,Wednesday
2024-05-13,Delhi,Electronics,5.0,7564.11,25.0,28365.41,5,May,2,Monday
2025-08-16,Delhi,Clothing,3.0,1290.44,10.0,3484.19,8,Aug,3,Saturday
2025-03-09,Chennai,Home & Kitchen,1.0,1714.69,0.0,1714.69,3,Mar,1,Sunday
2025-07-08,Pune,Sports,6.0,1306.51,10.0,7055.15,7,Jul,3,Tuesday
2025-04-13,Delhi,Sports,7.0,1711.88,10.0,10784.84,4,Apr,2,Sunday
2025-03-27,Bangalore,Home & Kitchen,10.0,1654.84,10.0,14893.56,3,Mar,1,Thursday
2025-12-29,Bangalore,Sports,6.0,1426.87,0.0,8561.22,12,Dec,4,Monday
2025-05-31,Bangalore,Electronics,4.0,10883.64,25.0,32650.92,5,May,2,Saturday
2025-03-28,Pune,Groceries,1.0,322.17,0.0,322.17,3,Mar,1,Friday
2025-04-25,Mumbai,Sports,9.0,2232.62,5.0,19088.9,4,Apr,2,Friday
2025-07-17,Mumbai,Electronics,1.0,9383.08,0.0,9383.08,7,Jul,3,Thursday
2025-02-23,Delhi,Beauty,1.0,581.71,0.0,581.71,2,Feb,1,Sunday
2024-05-30,Mumbai,Groceries,9.0,387.09,15.0,2961.24,5,May,2,Thursday
2024-07-05,Bangalore,Groceries,7.0,304.8,20.0,1706.88,7,Jul,3,Friday
2025-02-06,Bangalore,Clothing,6.0,1235.69,0.0,7414.14,2,Feb,1,Thursday
2024-01-19,Chennai,Electronics,3.0,10308.42,10.0,27832.73,1,Jan,1,Friday
2025-06-14,Delhi,Electronics,5.0,9951.46,5.0,47269.43,6,Jun,2,Saturday
2025-01-25,Delhi,Electronics,12.0,7335.51,0.0,88026.12,1,Jan,1,Saturday
2024-05-07,Pune,Groceries,7.0,236.94,5.0,1575.65,5,May,2,Tuesday
2025-08-22,Delhi,Clothing,7.0,1378.01,15.0,8199.16,8,Aug,3,Friday
2025-03-29,Mumbai,Groceries,8.0,484.85,10.0,3490.92,3,Mar,1,Saturday
2025-03-20,Mumbai,Groceries,8.0,449.58,0.0,3596.64,3,Mar,1,Thursday
2025-08-08,Mumbai,Beauty,6.0,776.4,15.0,3959.64,8,Aug,3,Friday
2025-08-26,Chennai,Groceries,8.0,283.7,0.0,2269.6,8,Aug,3,Tuesday
2024-05-17,Pune,Sports,6.0,2404.61,10.0,12984.89,5,May,2,Friday
2024-07-11,Delhi,Groceries,6.0,448.18,10.0,2420.17,7,Jul,3,Thursday
2024-05-08,Bangalore,Clothing,4.0,1245.85,0.0,4983.4,5,May,2,Wednesday
2024-01-26,Pune,Groceries,5.0,493.48,0.0,2467.4,1,Jan,1,Friday
2024-01-22,Chennai,Clothing,4.0,1330.07,0.0,5320.28,1,Jan,1,Monday
2025-01-29,Chennai,Home & Kitchen,4.0,1829.5,0.0,7318.0,1,Jan,1,Wednesday
2024-12-11,Delhi,Electronics,7.0,6169.63,5.0,41028.04,12,Dec,4,Wednesday
2025-01-08,Mumbai,Sports,6.0,2036.08,0.0,12216.48,1,Jan,1,Wednesday
2025-03-20,Mumbai,Electronics,10.0,9073.19,0.0,90731.9,3,Mar,1,Thursday
2025-02-06,Delhi,Groceries,7.0,377.46,5.0,2510.11,2,Feb,1,Thursday
2025-04-05,Chennai,Sports,5.0,1643.02,10.0,7393.59,4,Apr,2,Saturday
2025-11-10,Pune,Beauty,11.0,451.65,15.0,4222.93,11,Nov,4,Monday
2024-04-27,Delhi,Beauty,9.0,482.38,0.0,4341.42,4,Apr,2,Saturday
2025-11-21,Delhi,Clothing,11.0,1291.61,5.0,13497.32,11,Nov,4,Friday
2025-05-15,Delhi,Groceries,3.0,460.03,10.0,1242.08,5,May,2,Thursday
2024-07-21,Pune,Beauty,9.0,733.03,5.0,6267.41,7,Jul,3,Sunday
2025-12-14,Mumbai,Beauty,8.0,485.41,10.0,3494.95,12,Dec,4,Sunday
2025-07-26,Mumbai,Groceries,6.0,489.03,10.0,2640.76,7,Jul,3,Saturday
2025-04-24,Pune,Home & Kitchen,9.0,1444.41,10.0,11699.72,4,Apr,2,Thursday
2025-07-01,Bangalore,Groceries,4.0,272.18,5.0,1034.28,7,Jul,3,Tuesday
2025-12-01,Bangalore,Clothing,10.0,1416.62,0.0,14166.2,12,Dec,4,Monday
2025-05-26,Bangalore,Groceries,5.0,296.89,0.0,1484.45,5,May,2,Monday
2025-02-22,Chennai,Groceries,4.0,324.2,0.0,1296.8,2,Feb,1,Saturday
2024-08-24,Delhi,Sports,8.0,2013.64,10.0,14498.21,8,Aug,3,Saturday
2025-02-13,Pune,Beauty,7.0,774.83,15.0,4610.24,2,Feb,1,Thursday
2024-09-23,Bangalore,Electronics,7.0,8731.92,15.0,51954.92,9,Sep,3,Monday
2025-07-27,Pune,Clothing,5.0,1300.31,0.0,6501.55,7,Jul,3,Sunday
2025-02-06,Bangalore,Electronics,6.0,8131.07,0.0,48786.42,2,Feb,1,Thursday
2025-11-20,Chennai,Clothing,8.0,842.03,15.0,5725.8,11,Nov,4,Thursday
2025-10-18,Chennai,Electronics,11.0,9810.61,0.0,107916.71,10,Oct,4,Saturday
2025-07-27,Mumbai,Groceries,5.0,448.63,15.0,1906.68,7,Jul,3,Sunday
2025-03-20,Mumbai,Electronics,7.0,7950.86,5.0,52873.22,3,Mar,1,Thursday
2025-07-27,Delhi,Home & Kitchen,3.0,1782.7,10.0,4813.29,7,Jul,3,Sunday
2025-03-22,Mumbai,Sports,4.0,2459.43,10.0,8853.95,3,Mar,1,Saturday
2025-06-22,Delhi,Beauty,5.0,808.46,20.0,3233.84,6,Jun,2,Sunday
2024-02-02,Chennai,Clothing,7.0,1115.78,5.0,7419.94,2,Feb,1,Friday
2025-12-03,Mumbai,Clothing,9.0,1579.59,10.0,12794.68,12,Dec,4,Wednesday
2024-12-28,Delhi,Clothing,5.0,864.31,15.0,3673.32,12,Dec,4,Saturday
2024-06-11,Pune,Beauty,4.0,702.6,0.0,2810.4,6,Jun,2,Tuesday
2025-07-22,Chennai,Electronics,10.0,7716.18,5.0,73303.71,7,Jul,3,Tuesday
2024-06-02,Mumbai,Groceries,9.0,319.15,5.0,2728.73,6,Jun,2,Sunday
2025-11-15,Mumbai,Groceries,10.0,409.52,0.0,4095.2,11,Nov,4,Saturday
2025-01-08,Delhi,Home & Kitchen,8.0,2541.76,0.0,20334.08,1,Jan,1,Wednesday
2025-01-12,Bangalore,Groceries,6.0,334.36,15.0,1705.24,1,Jan,1,Sunday
2024-12-02,Bangalore,Home & Kitchen,7.0,1677.84,25.0,8808.66,12,Dec,4,Monday
2024-11-26,Mumbai,Electronics,8.0,8693.4,0.0,69547.2,11,Nov,4,Tuesday
2025-06-04,Bangalore,Electronics,8.0,8027.23,25.0,48163.38,6,Jun,2,Wednesday
2024-05-08,Bangalore,Sports,3.0,2369.73,10.0,6398.27,5,May,2,Wednesday
2024-06-26,Pune,Groceries,6.0,371.73,15.0,1895.82,6,Jun,2,Wednesday
2024-11-17,Mumbai,Electronics,15.0,6522.84,5.0,92950.47,11,Nov,4,Sunday
2024-11-19,Chennai,Home & Kitchen,9.0,1112.48,0.0,10012.32,11,Nov,4,Tuesday
2025-03-31,Mumbai,Home & Kitchen,10.0,1634.5,0.0,16345.0,3,Mar,1,Monday
2024-08-14,Bangalore,Electronics,9.0,11772.72,20.0,84763.58,8,Aug,3,Wednesday
2025-02-17,Mumbai,Groceries,6.0,337.67,15.0,1722.12,2,Feb,1,Monday
2025-10-14,Bangalore,Clothing,5.0,1143.53,15.0,4860.0,10,Oct,4,Tuesday
2025-03-12,Pune,Groceries,5.0,332.2,5.0,1577.95,3,Mar,1,Wednesday
2025-09-30,Mumbai,Clothing,3.0,812.59,0.0,2437.77,9,Sep,3,Tuesday
2025-10-24,Mumbai,Beauty,7.0,528.94,15.0,3147.19,10,Oct,4,Friday
2025-01-06,Delhi,Clothing,4.0,1164.4,0.0,4657.6,1,Jan,1,Monday
2025-05-12,Mumbai,Electronics,10.0,6331.52,10.0,56983.68,5,May,2,Monday
2024-12-07,Mumbai,Clothing,9.0,1477.52,0.0,13297.68,12,Dec,4,Saturday
2025-11-25,Delhi,Electronics,13.0,7623.53,0.0,99105.89,11,Nov,4,Tuesday
2025-11-27,Pune,Beauty,9.0,760.73,15.0,5819.58,11,Nov,4,Thursday
2025-04-28,Chennai,Clothing,8.0,716.27,10.0,5157.14,4,Apr,2,Monday
2025-03-06,Bangalore,Groceries,4.0,448.62,5.0,1704.76,3,Mar,1,Thursday
2025-03-21,Pune,Clothing,8.0,942.67,15.0,6410.16,3,Mar,1,Friday
2025-10-07,Mumbai,Clothing,6.0,1265.2,0.0,7591.2,10,Oct,4,Tuesday
2024-11-04,Pune,Sports,15.0,1633.67,20.0,19604.04,11,Nov,4,Monday
2024-02-15,Delhi,Sports,10.0,2068.58,10.0,18617.22,2,Feb,1,Thursday
2025-03-22,Mumbai,Home & Kitchen,11.0,1723.27,20.0,15164.78,3,Mar,1,Saturday
2025-06-02,Delhi,Electronics,4.0,8961.3,5.0,34052.94,6,Jun,2,Monday
2024-05-15,Pune,Groceries,10.0,389.59,5.0,3701.1,5,May,2,Wednesday
2025-10-21,Chennai,Clothing,9.0,1046.34,0.0,9417.06,10,Oct,4,Tuesday
2025-06-15,Mumbai,Electronics,6.0,9809.26,10.0,52970.0,6,Jun,2,Sunday
2024-02-08,Pune,Electronics,6.0,9003.53,0.0,54021.18,2,Feb,1,Thursday
2025-05-22,Delhi,Groceries,8.0,400.46,0.0,3203.68,5,May,2,Thursday
2025-11-21,Delhi,Electronics,7.0,9927.63,5.0,66018.74,11,Nov,4,Friday
2025-10-26,Chennai,Electronics,2.0,7339.05,0.0,14678.1,10,Oct,4,Sunday
2025-01-10,Pune,Electronics,9.0,10449.57,0.0,94046.13,1,Jan,1,Friday
2024-11-15,Mumbai,Sports,12.0,2522.26,10.0,27240.41,11,Nov,4,Friday
2025-03-09,Bangalore,Clothing,4.0,1016.31,15.0,3455.45,3,Mar,1,Sunday
2025-08-17,Chennai,Electronics,3.0,10523.31,0.0,31569.93,8,Aug,3,Sunday
2025-09-04,Bangalore,Groceries,6.0,255.29,0.0,1531.74,9,Sep,3,Thursday
2024-11-10,Chennai,Groceries,9.0,378.91,0.0,3410.19,11,Nov,4,Sunday
2024-10-15,Bangalore,Clothing,10.0,1404.54,5.0,13343.13,10,Oct,4,Tuesday
2025-11-04,Delhi,Groceries,6.0,229.6,5.0,1308.72,11,Nov,4,Tuesday
2025-04-20,Delhi,Electronics,13.0,8531.31,10.0,99816.33,4,Apr,2,Sunday
2024-02-06,Chennai,Electronics,1.0,10739.81,20.0,8591.85,2,Feb,1,Tuesday
2025-09-06,Pune,Sports,7.0,2089.53,0.0,14626.71,9,Sep,3,Saturday
2024-03-02,Delhi,Groceries,7.0,380.52,10.0,2397.28,3,Mar,1,Saturday
2024-05-13,Pune,Electronics,3.0,7706.27,10.0,20806.93,5,May,2,Monday
2025-04-27,Pune,Groceries,11.0,263.31,10.0,2606.77,4,Apr,2,Sunday
2025-11-19,Pune,Home & Kitchen,5.0,2125.57,20.0,8502.28,11,Nov,4,Wednesday
2024-06-25,Delhi,Clothing,4.0,1134.45,5.0,4310.91,6,Jun,2,Tuesday
2025-03-27,Mumbai,Groceries,9.0,318.78,0.0,2869.02,3,Mar,1,Thursday
2025-07-22,Delhi,Home & Kitchen,4.0,2149.77,5.0,8169.13,7,Jul,3,Tuesday
2025-02-20,Bangalore,Electronics,4.0,8157.47,20.0,26103.9,2,Feb,1,Thursday
2024-06-07,Delhi,Clothing,6.0,1423.93,15.0,7262.04,6,Jun,2,Friday
2024-01-14,Bangalore,Groceries,10.0,423.15,10.0,3808.35,1,Jan,1,Sunday
2025-10-17,Mumbai,Groceries,7.0,253.36,20.0,1418.82,10,Oct,4,Friday
2024-08-24,Chennai,Clothing,5.0,1305.74,10.0,5875.83,8,Aug,3,Saturday
2024-10-27,Delhi,Groceries,14.0,380.95,15.0,4533.3,10,Oct,4,Sunday
2024-11-24,Bangalore,Home & Kitchen,8.0,1873.53,10.0,13489.42,11,Nov,4,Sunday
2025-02-25,Delhi,Electronics,4.0,8411.57,5.0,31963.97,2,Feb,1,Tuesday
2024-12-17,Chennai,Beauty,6.0,825.77,0.0,4954.62,12,Dec,4,Tuesday
2025-02-13,Pune,Clothing,4.0,1331.3,0.0,5325.2,2,Feb,1,Thursday
2024-12-08,Pune,Groceries,9.0,246.93,5.0,2111.25,12,Dec,4,Sunday
2025-03-27,Chennai,Groceries,2.0,342.27,15.0,581.86,3,Mar,1,Thursday
2025-02-10,Bangalore,Clothing,6.0,978.54,5.0,5577.68,2,Feb,1,Monday
2025-02-24,Mumbai,Electronics,4.0,5516.2,10.0,19858.32,2,Feb,1,Monday
2025-07-20,Bangalore,Clothing,6.0,1035.76,15.0,5282.38,7,Jul,3,Sunday
2025-11-30,Delhi,Clothing,9.0,1034.84,10.0,8382.2,11,Nov,4,Sunday
2024-01-01,Bangalore,Groceries,14.0,333.79,5.0,4439.41,1,Jan,1,Monday
2025-11-06,Mumbai,Clothing,12.0,1413.59,20.0,13570.46,11,Nov,4,Thursday
2025-03-14,Bangalore,Clothing,9.0,1514.18,5.0,12946.24,3,Mar,1,Friday
2024-04-14,Pune,Groceries,9.0,388.73,5.0,3323.64,4,Apr,2,Sunday
2024-05-06,Mumbai,Sports,3.0,2475.36,0.0,7426.08,5,May,2,Monday
2024-08-15,Chennai,Electronics,5.0,7533.71,0.0,37668.55,8,Aug,3,Thursday
2025-01-22,Delhi,Groceries,7.0,208.08,0.0,1456.56,1,Jan,1,Wednesday
2024-11-14,Pune,Home & Kitchen,14.0,2343.04,15.0,27882.18,11,Nov,4,Thursday
2024-12-06,Delhi,Home & Kitchen,11.0,1788.35,5.0,18688.26,12,Dec,4,Friday
2024-10-21,Mumbai,Groceries,10.0,267.77,0.0,2677.7,10,Oct,4,Monday
2025-07-27,Delhi,Groceries,5.0,360.89,15.0,1533.78,7,Jul,3,Sunday
2024-08-16,Mumbai,Home & Kitchen,5.0,1853.99,0.0,9269.95,8,Aug,3,Friday
2024-05-06,Mumbai,Sports,7.0,2767.2,5.0,18401.88,5,May,2,Monday
2025-11-22,Mumbai,Groceries,9.0,335.2,0.0,3016.8,11,Nov,4,Saturday
2025-01-21,Chennai,Clothing,3.0,1093.04,5.0,3115.16,1,Jan,1,Tuesday
2025-03-09,Chennai,Groceries,10.0,366.51,10.0,3298.59,3,Mar,1,Sunday
2025-07-18,Chennai,Electronics,4.0,7256.84,0.0,29027.36,7,Jul,3,Friday
2025-05-22,Bangalore,Groceries,8.0,354.01,0.0,2832.08,5,May,2,Thursday
2025-08-16,Pune,Clothing,5.0,815.67,5.0,3874.43,8,Aug,3,Saturday
2024-09-07,Pune,Electronics,7.0,8755.07,20.0,49028.39,9,Sep,3,Saturday
2025-07-06,Pune,Beauty,8.0,874.66,0.0,6997.28,7,Jul,3,Sunday
2024-11-07,Bangalore,Electronics,9.0,5755.04,0.0,51795.36,11,Nov,4,Thursday
2025-10-29,Chennai,Groceries,7.0,352.06,0.0,2464.42,10,Oct,4,Wednesday
2025-09-16,Mumbai,Electronics,6.0,7998.75,0.0,47992.5,9,Sep,3,Tuesday
2024-01-13,Bangalore,Sports,5.0,1915.49,15.0,8140.83,1,Jan,1,Saturday
2024-10-28,Delhi,Home & Kitchen,13.0,1158.24,10.0,13551.41,10,Oct,4,Monday
2024-08-12,Mumbai,Home & Kitchen,8.0,2224.4,15.0,15125.92,8,Aug,3,Monday
2025-04-20,Delhi,Beauty,4.0,621.36,0.0,2485.44,4,Apr,2,Sunday
2024-04-10,Chennai,Home & Kitchen,5.0,1978.5,10.0,8903.25,4,Apr,2,Wednesday
2024-12-23,Delhi,Groceries,4.0,424.82,5.0,1614.32,12,Dec,4,Monday
2025-08-07,Bangalore,Electronics,8.0,12189.18,0.0,97513.44,8,Aug,3,Thursday
2025-05-19,Bangalore,Home & Kitchen,8.0,1191.93,15.0,8105.12,5,May,2,Monday
2025-12-24,Mumbai,Electronics,8.0,6567.16,10.0,47283.55,12,Dec,4,Wednesday
2025-02-07,Bangalore,Electronics,8.0,9523.63,10.0,68570.14,2,Feb,1,Friday
2025-05-25,Chennai,Electronics,6.0,7268.4,0.0,43610.4,5,May,2,Sunday
2024-08-08,Mumbai,Electronics,7.0,5511.26,15.0,32792.0,8,Aug,3,Thursday
2024-11-26,Bangalore,Groceries,11.0,397.21,10.0,3932.38,11,Nov,4,Tuesday
2024-01-22,Mumbai,Clothing,2.0,1238.76,20.0,1982.02,1,Jan,1,Monday
2025-05-27,Delhi,Groceries,6.0,331.6,0.0,1989.6,5,May,2,Tuesday
2024-02-04,Bangalore,Groceries,16.0,326.43,10.0,4700.59,2,Feb,1,Sunday
2024-04-04,Delhi,Home & Kitchen,4.0,1151.63,0.0,4606.52,4,Apr,2,Thursday
2024-02-15,Delhi,Electronics,9.0,10037.79,25.0,67755.08,2,Feb,1,Thursday
2025-08-30,Mumbai,Clothing,3.0,1424.74,10.0,3846.8,8,Aug,3,Saturday
2024-04-06,Bangalore,Clothing,5.0,1076.65,5.0,5114.09,4,Apr,2,Saturday
2025-07-22,Pune,Home & Kitchen,8.0,1564.33,0.0,12514.64,7,Jul,3,Tuesday
2025-06-01,Mumbai,Electronics,8.0,6210.43,15.0,42230.92,6,Jun,2,Sunday
2024-10-31,Mumbai,Home & Kitchen,8.0,2070.87,20.0,13253.57,10,Oct,4,Thursday
2025-08-08,Chennai,Beauty,7.0,840.58,20.0,4707.25,8,Aug,3,Friday
2025-03-29,Bangalore,Beauty,8.0,715.35,0.0,5722.8,3,Mar,1,Saturday
2024-07-20,Pune,Beauty,3.0,656.81,0.0,1970.43,7,Jul,3,Saturday
2025-03-30,Pune,Clothing,6.0,1284.74,0.0,7708.44,3,Mar,1,Sunday
2024-06-18,Delhi,Clothing,4.0,1188.94,0.0,4755.76,6,Jun,2,Tuesday
2025-07-25,Mumbai,Clothing,6.0,1193.21,25.0,5369.44,7,Jul,3,Friday
2024-10-26,Mumbai,Groceries,7.0,394.51,15.0,2347.33,10,Oct,4,Saturday
2024-05-18,Pune,Beauty,8.0,719.83,15.0,4894.84,5,May,2,Saturday
2025-11-27,Mumbai,Electronics,10.0,9442.64,20.0,75541.12,11,Nov,4,Thursday
2024-02-18,Pune,Sports,7.0,2644.17,0.0,18509.19,2,Feb,1,Sunday
2024-11-01,Delhi,Clothing,5.0,1051.7,0.0,5258.5,11,Nov,4,Friday
2025-06-05,Bangalore,Groceries,6.0,349.26,5.0,1990.78,6,Jun,2,Thursday
2025-09-25,Bangalore,Groceries,5.0,306.63,10.0,1379.84,9,Sep,3,Thursday
2024-06-27,Mumbai,Groceries,2.0,383.4,20.0,613.44,6,Jun,2,Thursday
2025-09-14,Pune,Electronics,7.0,7380.04,15.0,43911.24,9,Sep,3,Sunday
2024-06-21,Delhi,Home & Kitchen,3.0,1968.31,20.0,4723.94,6,Jun,2,Friday
2025-02-15,Delhi,Groceries,8.0,394.58,10.0,2840.98,2,Feb,1,Saturday
2024-08-12,Mumbai,Beauty,7.0,424.17,10.0,2672.27,8,Aug,3,Monday
2025-04-10,Chennai,Home & Kitchen,10.0,1065.59,5.0,10123.1,4,Apr,2,Thursday
2024-12-02,Mumbai,Sports,5.0,1906.37,0.0,9531.85,12,Dec,4,Monday
2025-07-05,Mumbai,Electronics,5.0,6141.29,0.0,30706.45,7,Jul,3,Saturday
2024-12-24,Mumbai,Sports,9.0,2030.86,0.0,18277.74,12,Dec,4,Tuesday
2025-08-16,Pune,Groceries,4.0,454.56,0.0,1818.24,8,Aug,3,Saturday
2024-10-15,Mumbai,Electronics,5.0,8354.09,5.0,39681.93,10,Oct,4,Tuesday
2024-09-14,Bangalore,Groceries,3.0,345.11,0.0,1035.33,9,Sep,3,Saturday
2025-03-08,Mumbai,Home & Kitchen,7.0,1686.17,20.0,9442.55,3,Mar,1,Saturday
2025-10-03,Mumbai,Groceries,9.0,371.94,0.0,3347.46,10,Oct,4,Friday
2024-07-13,Delhi,Clothing,9.0,1334.21,5.0,11407.5,7,Jul,3,Saturday
2024-07-13,Delhi,Groceries,9.0,362.14,10.0,2933.33,7,Jul,3,Saturday
2025-10-28,Pune,Home & Kitchen,7.0,2082.52,0.0,14577.64,10,Oct,4,Tuesday
2024-12-12,Chennai,Groceries,8.0,395.48,0.0,3163.84,12,Dec,4,Thursday
2024-11-19,Delhi,Clothing,15.0,1483.06,15.0,18909.02,11,Nov,4,Tuesday
2025-01-10,Chennai,Beauty,2.0,850.47,25.0,1275.7,1,Jan,1,Friday
2025-09-28,Delhi,Groceries,11.0,408.65,0.0,4495.15,9,Sep,3,Sunday
2024-12-18,Bangalore,Home & Kitchen,12.0,2034.98,5.0,23198.77,12,Dec,4,Wednesday
2024-05-26,Pune,Groceries,9.0,294.01,0.0,2646.09,5,May,2,Sunday
2024-10-22,Delhi,Home & Kitchen,4.0,1259.47,0.0,5037.88,10,Oct,4,Tuesday
2025-05-15,Pune,Clothing,7.0,1285.83,5.0,8550.77,5,May,2,Thursday
2024-10-23,Bangalore,Groceries,13.0,214.07,0.0,2782.91,10,Oct,4,Wednesday
2024-07-16,Delhi,Groceries,10.0,200.14,0.0,2001.4,7,Jul,3,Tuesday
2025-08-25,Mumbai,Electronics,6.0,10390.63,10.0,56109.4,8,Aug,3,Monday
2024-01-26,Mumbai,Clothing,4.0,1254.86,20.0,4015.55,1,Jan,1,Friday
2025-11-21,Bangalore,Home & Kitchen,7.0,1751.09,15.0,10418.99,11,Nov,4,Friday
2025-06-03,Bangalore,Clothing,3.0,1493.75,0.0,4481.25,6,Jun,2,Tuesday
2025-12-08,Delhi,Home & Kitchen,10.0,1609.07,5.0,15286.16,12,Dec,4,Monday
2025-12-08,Mumbai,Groceries,6.0,290.77,5.0,1657.39,12,Dec,4,Monday
2024-06-15,Mumbai,Electronics,13.0,9426.27,20.0,98033.21,6,Jun,2,Saturday
2024-02-03,Pune,Home & Kitchen,2.0,1444.39,5.0,2744.34,2,Feb,1,Saturday
2025-11-28,Bangalore,Electronics,7.0,8108.55,5.0,53921.86,11,Nov,4,Friday
2024-11-21,Chennai,Electronics,14.0,9718.01,0.0,136052.14,11,Nov,4,Thursday
2024-05-02,Mumbai,Home & Kitchen,4.0,1540.38,10.0,5545.37,5,May,2,Thursday
2024-07-16,Chennai,Home & Kitchen,2.0,2047.62,5.0,3890.48,7,Jul,3,Tuesday
2024-06-09,Mumbai,Clothing,4.0,1243.53,5.0,4725.41,6,Jun,2,Sunday
2024-08-20,Mumbai,Electronics,6.0,8899.81,5.0,50728.92,8,Aug,3,Tuesday
2025-05-14,Delhi,Groceries,3.0,318.84,5.0,908.69,5,May,2,Wednesday
2024-07-31,Mumbai,Beauty,5.0,478.55,20.0,1914.2,7,Jul,3,Wednesday
2025-03-05,Mumbai,Sports,6.0,1846.55,25.0,8309.47,3,Mar,1,Wednesday
2024-09-01,Chennai,Groceries,5.0,232.9,5.0,1106.27,9,Sep,3,Sunday
2025-05-25,Bangalore,Sports,8.0,2417.18,15.0,16436.82,5,May,2,Sunday
2025-11-05,Delhi,Sports,5.0,2201.76,20.0,8807.04,11,Nov,4,Wednesday
2024-05-15,Bangalore,Groceries,10.0,242.58,5.0,2304.51,5,May,2,Wednesday
2025-03-09,Pune,Groceries,6.0,335.19,5.0,1910.58,3,Mar,1,Sunday
2025-08-13,Bangalore,Sports,5.0,2598.89,10.0,11695.0,8,Aug,3,Wednesday
2024-11-03,Chennai,Groceries,13.0,404.77,10.0,4735.81,11,Nov,4,Sunday
2024-03-06,Delhi,Groceries,7.0,341.78,25.0,1794.34,3,Mar,1,Wednesday
2024-03-16,Mumbai,Beauty,12.0,658.74,10.0,7114.39,3,Mar,1,Saturday
2024-01-06,Pune,Sports,5.0,2208.78,5.0,10491.71,1,Jan,1,Saturday
2025-05-06,Bangalore,Electronics,6.0,6577.39,15.0,33544.69,5,May,2,Tuesday
2024-11-25,Mumbai,Beauty,10.0,552.43,20.0,4419.44,11,Nov,4,Monday
2025-05-16,Pune,Beauty,2.0,719.32,0.0,1438.64,5,May,2,Friday
2024-09-18,Pune,Electronics,7.0,8037.82,5.0,53451.5,9,Sep,3,Wednesday
2025-04-17,Delhi,Sports,6.0,1386.05,10.0,7484.67,4,Apr,2,Thursday
2024-03-22,Bangalore,Groceries,9.0,416.15,5.0,3558.08,3,Mar,1,Friday
2024-09-19,Chennai,Groceries,8.0,248.58,5.0,1889.21,9,Sep,3,Thursday
2024-11-01,Chennai,Groceries,6.0,328.89,5.0,1874.67,11,Nov,4,Friday
2024-06-30,Pune,Sports,8.0,2701.76,10.0,19452.67,6,Jun,2,Sunday
2024-10-24,Pune,Groceries,13.0,284.09,5.0,3508.51,10,Oct,4,Thursday
2025-09-23,Pune,Home & Kitchen,3.0,1434.06,10.0,3871.96,9,Sep,3,Tuesday
2024-06-13,Delhi,Groceries,6.0,418.02,0.0,2508.12,6,Jun,2,Thursday
2025-08-04,Chennai,Electronics,10.0,6586.14,5.0,62568.33,8,Aug,3,Monday
2024-03-03,Pune,Groceries,6.0,425.72,0.0,2554.32,3,Mar,1,Sunday
2025-12-17,Bangalore,Electronics,13.0,9926.84,10.0,116144.03,12,Dec,4,Wednesday
2024-06-16,Delhi,Beauty,5.0,721.48,5.0,3427.03,6,Jun,2,Sunday
2024-09-25,Pune,Electronics,5.0,5873.81,0.0,29369.05,9,Sep,3,Wednesday
2025-06-15,Delhi,Sports,8.0,2417.28,15.0,16437.5,6,Jun,2,Sunday
2024-05-24,Mumbai,Clothing,7.0,811.67,10.0,5113.52,5,May,2,Friday
2024-10-01,Bangalore,Groceries,8.0,376.32,25.0,2257.92,10,Oct,4,Tuesday
2025-10-07,Pune,Sports,7.0,2017.43,5.0,13415.91,10,Oct,4,Tuesday
2024-06-01,Mumbai,Home & Kitchen,7.0,2391.65,0.0,16741.55,6,Jun,2,Saturday
2025-08-25,Mumbai,Clothing,9.0,1260.07,0.0,11340.63,8,Aug,3,Monday
2024-08-02,Mumbai,Clothing,9.0,1504.98,5.0,12867.58,8,Aug,3,Friday
2024-08-10,Pune,Clothing,5.0,1538.38,10.0,6922.71,8,Aug,3,Saturday
2025-07-03,Delhi,Groceries,9.0,392.3,0.0,3530.7,7,Jul,3,Thursday
2025-05-31,Mumbai,Groceries,6.0,411.87,0.0,2471.22,5,May,2,Saturday
2024-08-13,Pune,Beauty,6.0,704.25,10.0,3802.95,8,Aug,3,Tuesday
2025-05-17,Bangalore,Home & Kitchen,2.0,1529.97,15.0,2600.95,5,May,2,Saturday
2025-08-31,Mumbai,Groceries,3.0,463.84,15.0,1182.79,8,Aug,3,Sunday
2025-09-05,Chennai,Electronics,7.0,7923.93,0.0,55467.51,9,Sep,3,Friday
2025-11-05,Bangalore,Clothing,13.0,1476.9,0.0,19199.7,11,Nov,4,Wednesday
2024-11-24,Pune,Groceries,9.0,311.02,5.0,2659.22,11,Nov,4,Sunday
2025-12-07,Delhi,Electronics,8.0,7993.27,10.0,57551.54,12,Dec,4,Sunday
2024-06-27,Pune,Clothing,9.0,711.2,0.0,6400.8,6,Jun,2,Thursday
2024-09-09,Pune,Groceries,11.0,323.66,0.0,3560.26,9,Sep,3,Monday
2025-07-18,Chennai,Groceries,7.0,383.55,5.0,2550.61,7,Jul,3,Friday
2025-05-19,Delhi,Clothing,7.0,1305.23,0.0,9136.61,5,May,2,Monday
2024-08-07,Bangalore,Groceries,6.0,485.02,10.0,2619.11,8,Aug,3,Wednesday
2024-06-28,Mumbai,Groceries,5.0,246.87,5.0,1172.63,6,Jun,2,Friday
2025-01-22,Mumbai,Clothing,6.0,899.33,10.0,4856.38,1,Jan,1,Wednesday
2025-03-07,Bangalore,Home & Kitchen,8.0,1711.82,20.0,10955.65,3,Mar,1,Friday
2025-12-17,Pune,Electronics,8.0,8572.28,5.0,65149.33,12,Dec,4,Wednesday
2024-05-09,Mumbai,Home & Kitchen,11.0,1969.15,0.0,21660.65,5,May,2,Thursday
2024-02-16,Delhi,Clothing,7.0,1217.77,20.0,6819.51,2,Feb,1,Friday
2024-03-12,Mumbai,Beauty,8.0,778.59,15.0,5294.41,3,Mar,1,Tuesday
2025-04-14,Bangalore,Electronics,7.0,9819.92,0.0,68739.44,4,Apr,2,Monday
2025-04-12,Pune,Clothing,5.0,1601.16,20.0,6404.64,4,Apr,2,Saturday
2025-08-06,Mumbai,Groceries,6.0,393.78,15.0,2008.28,8,Aug,3,Wednesday
2025-03-10,Pune,Clothing,10.0,1314.77,0.0,13147.7,3,Mar,1,Monday
2025-11-11,Delhi,Home & Kitchen,10.0,1631.36,25.0,12235.2,11,Nov,4,Tuesday
2025-03-22,Mumbai,Groceries,4.0,342.82,0.0,1371.28,3,Mar,1,Saturday
2025-11-04,Chennai,Groceries,8.0,369.49,15.0,2512.53,11,Nov,4,Tuesday
2024-07-16,Pune,Clothing,8.0,1077.94,15.0,7329.99,7,Jul,3,Tuesday
2025-07-05,Chennai,Electronics,9.0,9359.87,0.0,84238.83,7,Jul,3,Saturday
2024-09-25,Bangalore,Sports,5.0,2755.24,10.0,12398.58,9,Sep,3,Wednesday
2024-02-15,Mumbai,Groceries,7.0,340.32,0.0,2382.24,2,Feb,1,Thursday
2024-06-12,Mumbai,Home & Kitchen,4.0,1799.77,5.0,6839.13,6,Jun,2,Wednesday
2024-05-10,Delhi,Electronics,5.0,7391.09,0.0,36955.45,5,May,2,Friday
2024-08-11,Delhi,Groceries,9.0,332.06,0.0,2988.54,8,Aug,3,Sunday
2024-02-12,Delhi,Clothing,2.0,1446.9,0.0,2893.8,2,Feb,1,Monday
2024-08-01,Delhi,Electronics,11.0,9439.82,10.0,93454.22,8,Aug,3,Thursday
2024-03-30,Mumbai,Beauty,11.0,781.92,0.0,8601.12,3,Mar,1,Saturday
2025-03-21,Chennai,Home & Kitchen,7.0,1085.12,20.0,6076.67,3,Mar,1,Friday
2024-01-25,Delhi,Sports,10.0,1934.29,10.0,17408.61,1,Jan,1,Thursday
2025-04-14,Mumbai,Groceries,5.0,429.35,15.0,1824.74,4,Apr,2,Monday
2024-04-21,Bangalore,Clothing,10.0,1287.14,15.0,10940.69,4,Apr,2,Sunday
2025-01-23,Mumbai,Clothing,4.0,1644.1,5.0,6247.58,1,Jan,1,Thursday
2025-06-01,Delhi,Groceries,6.0,248.48,15.0,1267.25,6,Jun,2,Sunday
2024-10-23,Mumbai,Beauty,6.0,728.28,10.0,3932.71,10,Oct,4,Wednesday
2024-02-18,Bangalore,Home & Kitchen,13.0,1170.13,5.0,14451.11,2,Feb,1,Sunday
2025-04-14,Chennai,Electronics,11.0,8430.37,10.0,83460.66,4,Apr,2,Monday
2024-06-21,Mumbai,Sports,11.0,1553.11,25.0,12813.16,6,Jun,2,Friday
2025-10-16,Bangalore,Electronics,7.0,9715.34,0.0,68007.38,10,Oct,4,Thursday
2025-09-17,Pune,Sports,9.0,2053.16,0.0,18478.44,9,Sep,3,Wednesday
2024-10-13,Chennai,Clothing,10.0,1057.31,20.0,8458.48,10,Oct,4,Sunday
2025-03-19,Mumbai,Beauty,4.0,681.32,15.0,2316.49,3,Mar,1,Wednesday
2025-10-25,Delhi,Home & Kitchen,12.0,2399.25,0.0,28791.0,10,Oct,4,Saturday
2025-07-16,Bangalore,Home & Kitchen,10.0,1840.74,25.0,13805.55,7,Jul,3,Wednesday
2024-04-28,Pune,Groceries,12.0,331.47,0.0,3977.64,4,Apr,2,Sunday
2025-11-09,Bangalore,Groceries,5.0,456.48,20.0,1825.92,11,Nov,4,Sunday
2024-11-29,Pune,Groceries,5.0,383.71,5.0,1822.62,11,Nov,4,Friday
2025-08-01,Mumbai,Groceries,8.0,460.59,15.0,3132.01,8,Aug,3,Friday
2024-09-02,Mumbai,Clothing,7.0,1338.35,5.0,8900.03,9,Sep,3,Monday
2024-11-30,Mumbai,Clothing,7.0,1177.0,0.0,8239.0,11,Nov,4,Saturday
2024-05-11,Bangalore,Beauty,4.0,628.56,0.0,2514.24,5,May,2,Saturday
2024-10-16,Mumbai,Groceries,4.0,276.16,0.0,1104.64,10,Oct,4,Wednesday
2025-05-27,Chennai,Groceries,7.0,287.63,5.0,1912.74,5,May,2,Tuesday
2024-10-08,Chennai,Groceries,11.0,353.37,25.0,2915.3,10,Oct,4,Tuesday
2024-02-25,Delhi,Clothing,6.0,1044.72,15.0,5328.07,2,Feb,1,Sunday
2024-10-04,Pune,Electronics,13.0,8199.53,0.0,106593.89,10,Oct,4,Friday
2024-02-26,Delhi,Home & Kitchen,4.0,2139.68,10.0,7702.85,2,Feb,1,Monday
2025-10-30,Mumbai,Sports,7.0,1919.48,5.0,12764.54,10,Oct,4,Thursday
2024-12-20,Mumbai,Sports,7.0,2391.04,0.0,16737.28,12,Dec,4,Friday
2025-12-14,Mumbai,Groceries,7.0,380.5,10.0,2397.15,12,Dec,4,Sunday
2025-07-11,Pune,Electronics,8.0,6732.08,10.0,48470.98,7,Jul,3,Friday
2024-09-14,Mumbai,Home & Kitchen,6.0,1082.46,0.0,6494.76,9,Sep,3,Saturday
2024-02-26,Pune,Electronics,5.0,8305.35,0.0,41526.75,2,Feb,1,Monday
2024-02-11,Bangalore,Electronics,9.0,9296.75,10.0,75303.68,2,Feb,1,Sunday
2024-07-13,Delhi,Clothing,3.0,916.34,10.0,2474.12,7,Jul,3,Saturday
2025-04-14,Bangalore,Beauty,11.0,524.02,0.0,5764.22,4,Apr,2,Monday
2024-08-27,Bangalore,Groceries,6.0,466.59,10.0,2519.59,8,Aug,3,Tuesday
2025-01-30,Pune,Home & Kitchen,3.0,1123.47,5.0,3201.89,1,Jan,1,Thursday
2025-02-28,Bangalore,Clothing,8.0,1212.42,0.0,9699.36,2,Feb,1,Friday
2024-07-14,Pune,Electronics,2.0,7150.39,0.0,14300.78,7,Jul,3,Sunday
2024-03-24,Bangalore,Clothing,12.0,1467.62,10.0,15850.3,3,Mar,1,Sunday
2024-03-06,Mumbai,Electronics,6.0,7185.19,10.0,38800.03,3,Mar,1,Wednesday
2025-04-21,Chennai,Clothing,6.0,1139.92,25.0,5129.64,4,Apr,2,Monday
2025-05-27,Bangalore,Electronics,5.0,7135.32,0.0,35676.6,5,May,2,Tuesday
2024-08-24,Mumbai,Electronics,9.0,6325.13,15.0,48387.24,8,Aug,3,Saturday
2025-08-19,Bangalore,Home & Kitchen,10.0,1316.47,5.0,12506.46,8,Aug,3,Tuesday
2025-07-16,Mumbai,Electronics,9.0,7108.15,20.0,51178.68,7,Jul,3,Wednesday
2024-06-07,Chennai,Home & Kitchen,10.0,2257.9,5.0,21450.05,6,Jun,2,Friday
2024-06-28,Pune,Groceries,6.0,378.83,5.0,2159.33,6,Jun,2,Friday
2025-07-06,Bangalore,Electronics,7.0,7944.62,0.0,55612.34,7,Jul,3,Sunday
2025-06-09,Bangalore,Groceries,5.0,342.25,5.0,1625.69,6,Jun,2,Monday
2025-04-25,Mumbai,Beauty,4.0,557.64,10.0,2007.5,4,Apr,2,Friday
2024-10-26,Chennai,Clothing,8.0,1117.97,0.0,8943.76,10,Oct,4,Saturday
2024-04-17,Delhi,Electronics,8.0,10599.5,0.0,84796.0,4,Apr,2,Wednesday
2024-07-02,Bangalore,Electronics,5.0,6610.51,25.0,24789.41,7,Jul,3,Tuesday
2025-04-25,Delhi,Home & Kitchen,8.0,1883.94,10.0,13564.37,4,Apr,2,Friday
2024-05-23,Delhi,Electronics,8.0,13639.22,20.0,87291.01,5,May,2,Thursday
2024-01-09,Pune,Clothing,5.0,1239.46,5.0,5887.44,1,Jan,1,Tuesday
2024-06-21,Delhi,Sports,4.0,2280.07,20.0,7296.22,6,Jun,2,Friday
2024-03-22,Pune,Sports,5.0,2273.41,0.0,11367.05,3,Mar,1,Friday
2025-10-07,Mumbai,Groceries,6.0,257.35,5.0,1466.9,10,Oct,4,Tuesday
2024-09-04,Mumbai,Groceries,3.0,299.27,5.0,852.92,9,Sep,3,Wednesday
2024-03-04,Mumbai,Groceries,6.0,369.06,10.0,1992.92,3,Mar,1,Monday
2024-07-03,Delhi,Groceries,9.0,233.47,0.0,2101.23,7,Jul,3,Wednesday
2024-09-16,Delhi,Clothing,7.0,998.31,5.0,6638.76,9,Sep,3,Monday
2025-08-06,Pune,Groceries,4.0,328.56,10.0,1182.82,8,Aug,3,Wednesday
2024-06-25,Chennai,Groceries,1.0,443.74,0.0,443.74,6,Jun,2,Tuesday
2025-11-17,Mumbai,Groceries,7.0,313.82,10.0,1977.07,11,Nov,4,Monday
2025-03-03,Delhi,Beauty,15.0,703.7,15.0,8972.17,3,Mar,1,Monday
2024-12-08,Mumbai,Home & Kitchen,15.0,1660.14,0.0,24902.1,12,Dec,4,Sunday
2025-12-30,Mumbai,Electronics,7.0,7530.58,5.0,50078.36,12,Dec,4,Tuesday
2024-05-18,Pune,Home & Kitchen,4.0,1168.63,10.0,4207.07,5,May,2,Saturday
2025-12-07,Chennai,Groceries,12.0,261.05,10.0,2819.34,12,Dec,4,Sunday
2024-12-20,Bangalore,Groceries,9.0,323.49,10.0,2620.27,12,Dec,4,Friday
2025-12-08,Bangalore,Groceries,11.0,460.7,15.0,4307.54,12,Dec,4,Monday
2024-08-11,Delhi,Groceries,4.0,268.25,0.0,1073.0,8,Aug,3,Sunday
2025-05-02,Bangalore,Clothing,7.0,1171.38,5.0,7789.68,5,May,2,Friday
2025-11-07,Mumbai,Electronics,13.0,8729.61,10.0,102136.44,11,Nov,4,Friday
2024-08-18,Mumbai,Groceries,13.0,281.94,20.0,2932.18,8,Aug,3,Sunday
2024-03-19,Delhi,Sports,7.0,1650.29,20.0,9241.62,3,Mar,1,Tuesday
2025-02-06,Delhi,Clothing,4.0,1322.34,20.0,4231.49,2,Feb,1,Thursday
2025-06-20,Mumbai,Clothing,11.0,1349.29,5.0,14100.08,6,Jun,2,Friday
2025-11-03,Bangalore,Groceries,10.0,256.87,25.0,1926.52,11,Nov,4,Monday
2024-06-24,Bangalore,Home & Kitchen,4.0,1882.06,5.0,7151.83,6,Jun,2,Monday
2025-08-03,Bangalore,Clothing,8.0,1377.8,0.0,11022.4,8,Aug,3,Sunday
2024-07-22,Bangalore,Clothing,5.0,1379.45,0.0,6897.25,7,Jul,3,Monday
2025-02-13,Pune,Clothing,6.0,1178.56,25.0,5303.52,2,Feb,1,Thursday
2025-01-29,Mumbai,Groceries,7.0,393.51,15.0,2341.38,1,Jan,1,Wednesday
2024-07-04,Bangalore,Groceries,9.0,256.78,20.0,1848.82,7,Jul,3,Thursday
2024-03-28,Chennai,Home & Kitchen,6.0,2335.5,0.0,14013.0,3,Mar,1,Thursday
2024-08-06,Bangalore,Beauty,4.0,770.5,10.0,2773.8,8,Aug,3,Tuesday
2024-10-23,Mumbai,Clothing,11.0,1184.05,5.0,12373.32,10,Oct,4,Wednesday
2025-06-17,Delhi,Home & Kitchen,3.0,1553.99,0.0,4661.97,6,Jun,2,Tuesday
2024-01-04,Bangalore,Beauty,4.0,560.55,0.0,2242.2,1,Jan,1,Thursday
2025-09-19,Bangalore,Electronics,3.0,7667.52,10.0,20702.3,9,Sep,3,Friday
2025-12-03,Pune,Groceries,5.0,330.5,10.0,1487.25,12,Dec,4,Wednesday
2025-06-06,Bangalore,Beauty,8.0,601.61,15.0,4090.95,6,Jun,2,Friday
2025-12-06,Delhi,Clothing,10.0,1294.51,0.0,12945.1,12,Dec,4,Saturday
2024-08-26,Pune,Electronics,1.0,8083.05,5.0,7678.9,8,Aug,3,Monday
2025-02-17,Bangalore,Home & Kitchen,7.0,2037.03,0.0,14259.21,2,Feb,1,Monday
2025-06-15,Delhi,Groceries,7.0,343.46,10.0,2163.8,6,Jun,2,Sunday
2024-07-23,Mumbai,Sports,5.0,2800.12,10.0,12600.54,7,Jul,3,Tuesday
2025-09-20,Mumbai,Electronics,5.0,9932.99,0.0,49664.95,9,Sep,3,Saturday
2024-04-09,Mumbai,Clothing,2.0,1732.6,0.0,3465.2,4,Apr,2,Tuesday
2024-11-23,Pune,Sports,9.0,2005.72,10.0,16246.33,11,Nov,4,Saturday
2025-01-25,Pune,Clothing,5.0,1500.39,0.0,7501.95,1,Jan,1,Saturday
2024-11-12,Mumbai,Beauty,3.0,668.18,15.0,1703.86,11,Nov,4,Tuesday
2024-02-10,Mumbai,Electronics,5.0,8316.2,0.0,41581.0,2,Feb,1,Saturday
2024-07-15,Bangalore,Electronics,6.0,9890.75,0.0,59344.5,7,Jul,3,Monday
2025-09-30,Bangalore,Electronics,6.0,8151.32,10.0,44017.13,9,Sep,3,Tuesday
2024-06-12,Mumbai,Clothing,13.0,1076.1,0.0,13989.3,6,Jun,2,Wednesday
2025-09-12,Delhi,Groceries,4.0,450.96,5.0,1713.65,9,Sep,3,Friday
2025-03-18,Pune,Electronics,6.0,10393.54,5.0,59243.18,3,Mar,1,Tuesday
2024-05-06,Pune,Electronics,8.0,10191.91,20.0,65228.22,5,May,2,Monday
2025-04-11,Bangalore,Groceries,4.0,363.2,5.0,1380.16,4,Apr,2,Friday
2024-04-01,Delhi,Beauty,5.0,567.6,5.0,2696.1,4,Apr,2,Monday
2024-05-09,Delhi,Sports,7.0,1600.05,0.0,11200.35,5,May,2,Thursday
2024-07-23,Mumbai,Groceries,8.0,416.22,10.0,2996.78,7,Jul,3,Tuesday
2025-03-07,Chennai,Electronics,7.0,8955.52,0.0,62688.64,3,Mar,1,Friday
2025-07-24,Pune,Electronics,4.0,8604.45,0.0,34417.8,7,Jul,3,Thursday
2025-03-16,Mumbai,Sports,6.0,1544.54,20.0,7413.79,3,Mar,1,Sunday
2024-10-19,Pune,Beauty,9.0,639.7,10.0,5181.57,10,Oct,4,Saturday
2024-08-11,Mumbai,Clothing,6.0,1089.06,5.0,6207.64,8,Aug,3,Sunday
2025-09-26,Bangalore,Clothing,5.0,1486.7,15.0,6318.48,9,Sep,3,Friday
2024-03-16,Pune,Electronics,10.0,7091.94,0.0,70919.4,3,Mar,1,Saturday
2025-05-02,Mumbai,Electronics,3.0,10003.87,0.0,30011.61,5,May,2,Friday
2025-07-22,Bangalore,Clothing,6.0,618.53,5.0,3525.62,7,Jul,3,Tuesday
2025-08-06,Mumbai,Clothing,8.0,1278.03,15.0,8690.6,8,Aug,3,Wednesday
2025-12-22,Delhi,Groceries,9.0,381.13,15.0,2915.64,12,Dec,4,Monday
2025-08-19,Pune,Home & Kitchen,3.0,1589.16,5.0,4529.11,8,Aug,3,Tuesday
2025-03-07,Mumbai,Groceries,5.0,438.86,20.0,1755.44,3,Mar,1,Friday
2024-11-28,Delhi,Clothing,7.0,938.93,0.0,6572.51,11,Nov,4,Thursday
2025-07-24,Bangalore,Groceries,6.0,402.26,10.0,2172.2,7,Jul,3,Thursday
2025-04-23,Delhi,Electronics,6.0,6281.15,0.0,37686.9,4,Apr,2,Wednesday
2025-04-09,Chennai,Electronics,7.0,11500.62,0.0,80504.34,4,Apr,2,Wednesday
2024-05-26,Bangalore,Home & Kitchen,6.0,2378.24,5.0,13555.97,5,May,2,Sunday
2025-07-23,Chennai,Home & Kitchen,5.0,2520.54,5.0,11972.56,7,Jul,3,Wednesday
2025-08-30,Mumbai,Electronics,15.0,10565.99,20.0,126791.88,8,Aug,3,Saturday
2025-01-29,Delhi,Clothing,5.0,1031.12,0.0,5155.6,1,Jan,1,Wednesday
2025-11-29,Mumbai,Groceries,10.0,365.36,5.0,3470.92,11,Nov,4,Saturday
2025-04-30,Delhi,Groceries,11.0,392.75,10.0,3888.22,4,Apr,2,Wednesday
2024-11-01,Delhi,Home & Kitchen,6.0,2228.27,0.0,13369.62,11,Nov,4,Friday
2024-02-11,Mumbai,Clothing,5.0,1215.29,10.0,5468.8,2,Feb,1,Sunday
2024-07-18,Mumbai,Electronics,6.0,8936.07,15.0,45573.96,7,Jul,3,Thursday
2025-02-05,Delhi,Electronics,8.0,11994.41,20.0,76764.22,2,Feb,1,Wednesday
2025-12-28,Bangalore,Sports,12.0,1374.37,0.0,16492.44,12,Dec,4,Sunday
2025-09-27,Delhi,Home & Kitchen,4.0,1471.51,15.0,5003.13,9,Sep,3,Saturday
2024-09-29,Bangalore,Groceries,7.0,380.0,10.0,2394.0,9,Sep,3,Sunday
2024-07-24,Bangalore,Electronics,5.0,9792.34,0.0,48961.7,7,Jul,3,Wednesday
2025-08-01,Bangalore,Electronics,4.0,11457.43,5.0,43538.23,8,Aug,3,Friday
2024-03-16,Mumbai,Clothing,3.0,1782.23,0.0,5346.69,3,Mar,1,Saturday
2024-08-13,Pune,Clothing,3.0,1385.79,10.0,3741.63,8,Aug,3,Tuesday
2025-11-16,Pune,Groceries,10.0,456.97,5.0,4341.22,11,Nov,4,Sunday
2025-01-14,Bangalore,Electronics,5.0,9011.99,0.0,45059.95,1,Jan,1,Tuesday
2025-04-04,Bangalore,Sports,4.0,3022.24,5.0,11484.51,4,Apr,2,Friday
2025-11-14,Mumbai,Groceries,9.0,345.79,5.0,2956.5,11,Nov,4,Friday
2025-12-24,Chennai,Groceries,3.0,331.5,0.0,994.5,12,Dec,4,Wednesday
2024-12-13,Mumbai,Electronics,9.0,8310.37,0.0,74793.33,12,Dec,4,Friday
2025-04-20,Mumbai,Home & Kitchen,3.0,1552.4,10.0,4191.48,4,Apr,2,Sunday
2025-05-10,Chennai,Home & Kitchen,6.0,2261.0,20.0,10852.8,5,May,2,Saturday
2025-03-31,Delhi,Groceries,6.0,329.59,10.0,1779.79,3,Mar,1,Monday
2024-11-24,Chennai,Groceries,4.0,264.39,5.0,1004.68,11,Nov,4,Sunday
2025-10-03,Pune,Sports,7.0,1714.0,5.0,11398.1,10,Oct,4,Friday
2025-10-06,Delhi,Electronics,13.0,8558.9,5.0,105702.42,10,Oct,4,Monday
2025-07-01,Chennai,Electronics,7.0,8512.08,10.0,53626.1,7,Jul,3,Tuesday
2024-05-29,Bangalore,Clothing,9.0,1242.58,0.0,11183.22,5,May,2,Wednesday
2025-09-29,Pune,Groceries,11.0,397.01,20.0,3493.69,9,Sep,3,Monday
2025-12-10,Delhi,Beauty,8.0,844.4,20.0,5404.16,12,Dec,4,Wednesday
2025-06-07,Delhi,Electronics,10.0,8534.14,0.0,85341.4,6,Jun,2,Saturday
2024-07-15,Pune,Home & Kitchen,14.0,1653.33,5.0,21989.29,7,Jul,3,Monday
2025-10-25,Mumbai,Groceries,11.0,395.26,0.0,4347.86,10,Oct,4,Saturday
2025-08-08,Mumbai,Electronics,5.0,9960.63,10.0,44822.84,8,Aug,3,Friday
2024-06-28,Pune,Clothing,3.0,1305.13,10.0,3523.85,6,Jun,2,Friday
2025-01-05,Mumbai,Electronics,5.0,7268.37,20.0,29073.48,1,Jan,1,Sunday
2024-09-23,Mumbai,Electronics,4.0,5347.0,10.0,19249.2,9,Sep,3,Monday
2025-03-23,Pune,Electronics,2.0,9251.06,5.0,17577.01,3,Mar,1,Sunday
2025-08-06,Pune,Groceries,7.0,281.97,20.0,1579.03,8,Aug,3,Wednesday
2024-07-09,Mumbai,Groceries,9.0,348.28,15.0,2664.34,7,Jul,3,Tuesday
2024-02-09,Pune,Groceries,2.0,327.99,0.0,655.98,2,Feb,1,Friday
2024-07-12,Mumbai,Clothing,7.0,1746.52,0.0,12225.64,7,Jul,3,Friday
2024-03-22,Bangalore,Electronics,8.0,7489.4,25.0,44936.4,3,Mar,1,Friday
2025-12-19,Mumbai,Electronics,13.0,9889.03,10.0,115701.65,12,Dec,4,Friday
2024-04-22,Delhi,Groceries,6.0,258.09,5.0,1471.11,4,Apr,2,Monday
2024-12-22,Bangalore,Sports,13.0,2002.24,10.0,23426.21,12,Dec,4,Sunday
2025-01-31,Delhi,Groceries,6.0,256.24,10.0,1383.7,1,Jan,1,Friday
2024-10-18,Delhi,Electronics,5.0,9256.63,25.0,34712.36,10,Oct,4,Friday
2024-03-30,Delhi,Clothing,9.0,654.69,20.0,4713.77,3,Mar,1,Saturday
2025-11-16,Pune,Electronics,7.0,8566.83,10.0,53971.03,11,Nov,4,Sunday
2025-09-22,Pune,Home & Kitchen,4.0,2359.04,15.0,8020.74,9,Sep,3,Monday
2025-09-15,Bangalore,Electronics,6.0,9150.41,15.0,46667.09,9,Sep,3,Monday
2024-05-31,Mumbai,Sports,5.0,1945.32,0.0,9726.6,5,May,2,Friday
2024-06-27,Delhi,Beauty,9.0,587.42,15.0,4493.76,6,Jun,2,Thursday
2024-03-14,Delhi,Clothing,11.0,1794.86,0.0,19743.46,3,Mar,1,Thursday
2024-12-31,Bangalore,Electronics,7.0,8885.0,5.0,59085.25,12,Dec,4,Tuesday
2025-04-20,Mumbai,Electronics,12.0,6444.33,5.0,73465.36,4,Apr,2,Sunday
2025-08-08,Pune,Clothing,7.0,1034.9,10.0,6519.87,8,Aug,3,Friday
2024-09-29,Mumbai,Electronics,4.0,9067.84,15.0,30830.66,9,Sep,3,Sunday
2025-11-05,Bangalore,Electronics,9.0,10102.81,0.0,90925.29,11,Nov,4,Wednesday
2025-04-13,Bangalore,Electronics,6.0,9491.58,0.0,56949.48,4,Apr,2,Sunday
2025-07-23,Delhi,Clothing,1.0,1787.93,0.0,1787.93,7,Jul,3,Wednesday
2024-03-24,Delhi,Electronics,4.0,8298.23,5.0,31533.27,3,Mar,1,Sunday
2024-01-06,Pune,Home & Kitchen,6.0,1793.19,15.0,9145.27,1,Jan,1,Saturday
2025-09-16,Delhi,Home & Kitchen,5.0,1406.3,0.0,7031.5,9,Sep,3,Tuesday
2025-11-15,Delhi,Groceries,10.0,338.42,0.0,3384.2,11,Nov,4,Saturday
2025-06-28,Mumbai,Groceries,7.0,358.64,15.0,2133.91,6,Jun,2,Saturday
2024-09-10,Delhi,Electronics,4.0,8009.86,20.0,25631.55,9,Sep,3,Tuesday
2024-10-08,Delhi,Groceries,5.0,318.65,0.0,1593.25,10,Oct,4,Tuesday
2024-02-09,Bangalore,Electronics,8.0,9964.4,0.0,79715.2,2,Feb,1,Friday
2025-01-01,Delhi,Clothing,8.0,1025.32,5.0,7792.43,1,Jan,1,Wednesday
2025-11-17,Mumbai,Electronics,6.0,9076.55,0.0,54459.3,11,Nov,4,Monday
2024-08-27,Delhi,Clothing,5.0,1226.67,0.0,6133.35,8,Aug,3,Tuesday
2024-05-25,Pune,Electronics,7.0,9607.5,0.0,67252.5,5,May,2,Saturday
2025-04-18,Delhi,Clothing,7.0,1231.3,5.0,8188.14,4,Apr,2,Friday
2025-11-08,Mumbai,Groceries,12.0,372.46,20.0,3575.62,11,Nov,4,Saturday
2025-12-21,Pune,Home & Kitchen,8.0,1814.43,0.0,14515.44,12,Dec,4,Sunday
2025-07-08,Chennai,Clothing,4.0,1378.03,5.0,5236.51,7,Jul,3,Tuesday
2025-07-05,Pune,Clothing,5.0,887.24,0.0,4436.2,7,Jul,3,Saturday
2025-07-10,Chennai,Clothing,6.0,1163.81,15.0,5935.43,7,Jul,3,Thursday
2024-02-15,Chennai,Electronics,6.0,8896.36,5.0,50709.25,2,Feb,1,Thursday
2025-05-22,Mumbai,Groceries,8.0,477.01,0.0,3816.08,5,May,2,Thursday
2025-07-18,Bangalore,Electronics,10.0,8956.2,5.0,85083.9,7,Jul,3,Friday
2024-05-12,Delhi,Electronics,7.0,5520.89,0.0,38646.23,5,May,2,Sunday
2025-09-23,Mumbai,Beauty,7.0,545.8,0.0,3820.6,9,Sep,3,Tuesday
2025-01-15,Mumbai,Electronics,1.0,8216.74,0.0,8216.74,1,Jan,1,Wednesday
2024-05-13,Mumbai,Groceries,6.0,319.77,15.0,1630.83,5,May,2,Monday
2025-07-06,Bangalore,Beauty,7.0,687.71,20.0,3851.18,7,Jul,3,Sunday
2025-04-15,Bangalore,Groceries,5.0,316.58,5.0,1503.76,4,Apr,2,Tuesday
2025-03-19,Chennai,Groceries,7.0,296.82,5.0,1973.85,3,Mar,1,Wednesday
2024-02-12,Delhi,Sports,8.0,2737.2,5.0,20802.72,2,Feb,1,Monday
2024-11-28,Delhi,Clothing,13.0,1066.82,0.0,13868.66,11,Nov,4,Thursday
2024-08-08,Mumbai,Clothing,4.0,1361.69,0.0,5446.76,8,Aug,3,Thursday
2024-05-13,Delhi,Home & Kitchen,6.0,1575.69,5.0,8981.43,5,May,2,Monday
2024-06-13,Chennai,Groceries,3.0,384.47,20.0,922.73,6,Jun,2,Thursday
2024-09-20,Chennai,Electronics,6.0,6385.48,10.0,34481.59,9,Sep,3,Friday
2025-03-05,Chennai,Electronics,5.0,8430.44,0.0,42152.2,3,Mar,1,Wednesday
2024-04-09,Mumbai,Clothing,8.0,1192.48,10.0,8585.86,4,Apr,2,Tuesday
2025-05-30,Bangalore,Electronics,8.0,7344.51,10.0,52880.47,5,May,2,Friday
2025-07-02,Mumbai,Home & Kitchen,5.0,1693.87,0.0,8469.35,7,Jul,3,Wednesday
2024-11-13,Pune,Clothing,5.0,913.13,10.0,4109.08,11,Nov,4,Wednesday
2025-11-07,Bangalore,Sports,4.0,1952.38,0.0,7809.52,11,Nov,4,Friday
2024-04-24,Bangalore,Home & Kitchen,5.0,1764.61,0.0,8823.05,4,Apr,2,Wednesday
2024-11-14,Bangalore,Home & Kitchen,10.0,1458.18,10.0,13123.62,11,Nov,4,Thursday
2025-01-20,Mumbai,Clothing,9.0,1606.28,0.0,14456.52,1,Jan,1,Monday
2024-05-21,Chennai,Groceries,3.0,305.93,15.0,780.12,5,May,2,Tuesday
2024-03-17,Delhi,Sports,5.0,1158.21,0.0,5791.05,3,Mar,1,Sunday
2025-05-26,Delhi,Groceries,9.0,394.59,10.0,3196.18,5,May,2,Monday
2025-07-30,Chennai,Electronics,10.0,9785.84,0.0,97858.4,7,Jul,3,Wednesday
2024-09-26,Mumbai,Groceries,4.0,297.02,0.0,1188.08,9,Sep,3,Thursday
2025-12-10,Mumbai,Sports,10.0,1428.6,20.0,11428.8,12,Dec,4,Wednesday
2024-09-05,Delhi,Groceries,3.0,473.87,10.0,1279.45,9,Sep,3,Thursday
2024-03-23,Chennai,Beauty,10.0,617.1,10.0,5553.9,3,Mar,1,Saturday
2025-10-08,Bangalore,Sports,7.0,2601.32,0.0,18209.24,10,Oct,4,Wednesday
2024-03-09,Mumbai,Electronics,7.0,4289.35,0.0,30025.45,3,Mar,1,Saturday
2024-11-03,Delhi,Groceries,6.0,284.79,25.0,1281.56,11,Nov,4,Sunday
2025-07-25,Delhi,Clothing,8.0,868.41,5.0,6599.92,7,Jul,3,Friday
2025-09-10,Bangalore,Home & Kitchen,6.0,1776.0,5.0,10123.2,9,Sep,3,Wednesday
2025-02-18,Pune,Clothing,6.0,1022.08,0.0,6132.48,2,Feb,1,Tuesday
2024-12-21,Delhi,Home & Kitchen,13.0,1700.06,5.0,20995.74,12,Dec,4,Saturday
2025-06-25,Bangalore,Clothing,6.0,1313.6,15.0,6699.36,6,Jun,2,Wednesday
2025-09-06,Mumbai,Groceries,6.0,395.34,10.0,2134.84,9,Sep,3,Saturday
2025-03-29,Chennai,Electronics,10.0,7954.21,0.0,79542.1,3,Mar,1,Saturday
2025-12-05,Delhi,Sports,8.0,2634.0,5.0,20018.4,12,Dec,4,Friday
2025-10-28,Mumbai,Electronics,6.0,5525.19,0.0,33151.14,10,Oct,4,Tuesday
2024-05-06,Pune,Electronics,6.0,10226.51,5.0,58291.11,5,May,2,Monday
2025-04-12,Pune,Sports,3.0,2344.91,10.0,6331.26,4,Apr,2,Saturday
2025-04-01,Chennai,Clothing,11.0,1566.89,20.0,13788.63,4,Apr,2,Tuesday
2024-08-25,Mumbai,Electronics,4.0,9535.64,0.0,38142.56,8,Aug,3,Sunday
2024-02-08,Bangalore,Home & Kitchen,9.0,1402.73,20.0,10099.66,2,Feb,1,Thursday
2025-07-06,Mumbai,Electronics,7.0,5697.42,0.0,39881.94,7,Jul,3,Sunday
2024-02-24,Pune,Electronics,8.0,9157.78,5.0,69599.13,2,Feb,1,Saturday
2025-03-17,Mumbai,Sports,4.0,3096.88,10.0,11148.77,3,Mar,1,Monday
2025-06-24,Pune,Electronics,6.0,8521.85,20.0,40904.88,6,Jun,2,Tuesday
2024-09-12,Bangalore,Clothing,6.0,1188.39,0.0,7130.34,9,Sep,3,Thursday
2025-09-19,Pune,Groceries,4.0,306.02,10.0,1101.67,9,Sep,3,Friday
2024-08-06,Bangalore,Electronics,7.0,10761.99,5.0,71567.23,8,Aug,3,Tuesday
2024-02-06,Delhi,Beauty,6.0,795.61,25.0,3580.24,2,Feb,1,Tuesday
2024-09-04,Mumbai,Groceries,4.0,249.92,0.0,999.68,9,Sep,3,Wednesday
2024-07-06,Bangalore,Groceries,2.0,396.25,15.0,673.62,7,Jul,3,Saturday
2025-01-08,Pune,Home & Kitchen,7.0,1964.68,10.0,12377.48,1,Jan,1,Wednesday
2024-01-09,Mumbai,Electronics,9.0,9791.21,5.0,83714.85,1,Jan,1,Tuesday
2024-10-13,Mumbai,Electronics,6.0,7874.98,0.0,47249.88,10,Oct,4,Sunday
2025-03-23,Pune,Groceries,12.0,441.12,25.0,3970.08,3,Mar,1,Sunday
2025-12-09,Bangalore,Sports,9.0,2166.55,0.0,19498.95,12,Dec,4,Tuesday
2024-04-29,Mumbai,Home & Kitchen,5.0,1492.77,0.0,7463.85,4,Apr,2,Monday
2025-12-01,Chennai,Sports,7.0,2074.74,20.0,11618.54,12,Dec,4,Monday
2024-06-09,Mumbai,Sports,3.0,1496.99,15.0,3817.32,6,Jun,2,Sunday
2025-05-14,Bangalore,Electronics,5.0,8894.2,0.0,44471.0,5,May,2,Wednesday
2024-01-20,Chennai,Groceries,5.0,285.19,15.0,1212.06,1,Jan,1,Saturday
2025-06-09,Chennai,Clothing,10.0,627.69,0.0,6276.9,6,Jun,2,Monday
2025-08-26,Mumbai,Home & Kitchen,6.0,1875.77,0.0,11254.62,8,Aug,3,Tuesday
2024-04-28,Chennai,Home & Kitchen,5.0,1362.44,5.0,6471.59,4,Apr,2,Sunday
2024-02-06,Mumbai,Home & Kitchen,5.0,1988.79,15.0,8452.36,2,Feb,1,Tuesday
2024-11-13,Bangalore,Clothing,9.0,1529.72,0.0,13767.48,11,Nov,4,Wednesday
2025-07-24,Bangalore,Sports,4.0,1862.61,10.0,6705.4,7,Jul,3,Thursday
2024-09-30,Pune,Sports,6.0,2225.62,10.0,12018.35,9,Sep,3,Monday
2025-08-31,Pune,Clothing,3.0,881.47,10.0,2379.97,8,Aug,3,Sunday
2024-01-07,Delhi,Electronics,8.0,6978.73,10.0,50246.86,1,Jan,1,Sunday
2025-03-15,Mumbai,Groceries,13.0,425.4,0.0,5530.2,3,Mar,1,Saturday
2024-10-29,Mumbai,Groceries,6.0,287.95,5.0,1641.31,10,Oct,4,Tuesday
2024-09-06,Chennai,Groceries,2.0,84.88,20.0,135.81,9,Sep,3,Friday
2024-08-23,Mumbai,Home & Kitchen,5.0,2168.68,20.0,8674.72,8,Aug,3,Friday
2025-04-17,Chennai,Beauty,3.0,466.61,10.0,1259.85,4,Apr,2,Thursday
2025-08-28,Pune,Beauty,4.0,921.02,5.0,3499.88,8,Aug,3,Thursday
2025-09-01,Delhi,Sports,6.0,2331.77,0.0,13990.62,9,Sep,3,Monday
2024-02-23,Chennai,Beauty,7.0,822.02,0.0,5754.14,2,Feb,1,Friday
2025-09-17,Mumbai,Groceries,7.0,256.52,10.0,1616.08,9,Sep,3,Wednesday
2025-03-28,Pune,Home & Kitchen,10.0,1615.4,10.0,14538.6,3,Mar,1,Friday
2024-04-04,Delhi,Beauty,9.0,568.31,25.0,3836.09,4,Apr,2,Thursday
2024-08-22,Bangalore,Groceries,11.0,323.26,0.0,3555.86,8,Aug,3,Thursday
2025-01-21,Bangalore,Sports,2.0,2268.47,10.0,4083.25,1,Jan,1,Tuesday
2024-05-12,Delhi,Sports,10.0,2624.33,5.0,24931.14,5,May,2,Sunday
2024-08-24,Bangalore,Groceries,7.0,360.26,5.0,2395.73,8,Aug,3,Saturday
2025-08-26,Bangalore,Beauty,9.0,469.87,20.0,3383.06,8,Aug,3,Tuesday
2025-02-04,Mumbai,Electronics,6.0,7509.59,0.0,45057.54,2,Feb,1,Tuesday
2025-09-11,Mumbai,Beauty,3.0,810.08,15.0,2065.7,9,Sep,3,Thursday
2025-05-10,Delhi,Home & Kitchen,6.0,2413.63,0.0,14481.78,5,May,2,Saturday
2024-04-08,Chennai,Clothing,5.0,1297.76,0.0,6488.8,4,Apr,2,Monday
2025-02-17,Mumbai,Groceries,4.0,244.98,10.0,881.93,2,Feb,1,Monday
2024-01-24,Bangalore,Beauty,10.0,946.34,0.0,9463.4,1,Jan,1,Wednesday
2025-08-03,Pune,Home & Kitchen,4.0,1747.04,25.0,5241.12,8,Aug,3,Sunday
2025-08-16,Mumbai,Home & Kitchen,5.0,1587.85,25.0,5954.44,8,Aug,3,Saturday
2024-01-19,Delhi,Home & Kitchen,13.0,961.71,10.0,11252.01,1,Jan,1,Friday
2024-06-08,Delhi,Clothing,4.0,957.3,10.0,3446.28,6,Jun,2,Saturday
2024-03-24,Chennai,Groceries,4.0,322.46,0.0,1289.84,3,Mar,1,Sunday
2025-12-09,Bangalore,Sports,11.0,1974.0,0.0,21714.0,12,Dec,4,Tuesday
2025-04-08,Delhi,Electronics,5.0,5531.82,0.0,27659.1,4,Apr,2,Tuesday
2024-10-31,Bangalore,Home & Kitchen,10.0,1841.17,10.0,16570.53,10,Oct,4,Thursday
2024-11-19,Mumbai,Electronics,6.0,7343.52,0.0,44061.12,11,Nov,4,Tuesday
2025-02-16,Bangalore,Sports,3.0,2408.2,0.0,7224.6,2,Feb,1,Sunday
2024-10-13,Mumbai,Groceries,5.0,248.45,20.0,993.8,10,Oct,4,Sunday
2025-06-04,Delhi,Home & Kitchen,6.0,2088.61,10.0,11278.49,6,Jun,2,Wednesday
2025-02-16,Mumbai,Electronics,4.0,8211.18,0.0,32844.72,2,Feb,1,Sunday
2025-02-09,Delhi,Beauty,7.0,521.9,0.0,3653.3,2,Feb,1,Sunday
2024-09-30,Delhi,Clothing,12.0,1032.04,10.0,11146.03,9,Sep,3,Monday
2024-09-01,Pune,Electronics,6.0,7966.53,5.0,45409.22,9,Sep,3,Sunday
2025-11-13,Delhi,Clothing,7.0,1081.56,10.0,6813.83,11,Nov,4,Thursday
2025-07-07,Delhi,Electronics,4.0,7985.91,10.0,28749.28,7,Jul,3,Monday
2025-04-09,Delhi,Sports,10.0,1955.82,25.0,14668.65,4,Apr,2,Wednesday
2024-06-21,Mumbai,Electronics,2.0,9830.25,0.0,19660.5,6,Jun,2,Friday
2024-01-03,Delhi,Electronics,8.0,6037.53,0.0,48300.24,1,Jan,1,Wednesday
2025-01-08,Mumbai,Groceries,8.0,309.55,5.0,2352.58,1,Jan,1,Wednesday
2024-03-17,Mumbai,Electronics,5.0,6302.49,0.0,31512.45,3,Mar,1,Sunday
2025-02-02,Mumbai,Groceries,5.0,348.9,0.0,1744.5,2,Feb,1,Sunday
2024-07-21,Chennai,Clothing,1.0,840.1,10.0,756.09,7,Jul,3,Sunday
2025-05-07,Mumbai,Clothing,5.0,1226.65,0.0,6133.25,5,May,2,Wednesday
2025-11-11,Bangalore,Clothing,9.0,1495.41,0.0,13458.69,11,Nov,4,Tuesday
2025-02-17,Pune,Electronics,7.0,6020.81,0.0,42145.67,2,Feb,1,Monday
2025-05-04,Chennai,Home & Kitchen,3.0,2010.41,0.0,6031.23,5,May,2,Sunday
2024-03-26,Mumbai,Clothing,10.0,1309.95,0.0,13099.5,3,Mar,1,Tuesday
2025-12-05,Mumbai,Sports,12.0,1696.39,5.0,19338.85,12,Dec,4,Friday
2024-04-18,Mumbai,Sports,7.0,2229.78,0.0,15608.46,4,Apr,2,Thursday
2024-07-20,Delhi,Groceries,1.0,255.67,20.0,204.54,7,Jul,3,Saturday
2024-05-09,Chennai,Sports,8.0,2328.31,25.0,13969.86,5,May,2,Thursday
2025-07-03,Mumbai,Clothing,2.0,1445.48,0.0,2890.96,7,Jul,3,Thursday
2025-01-31,Delhi,Electronics,9.0,11573.41,5.0,98952.66,1,Jan,1,Friday
2024-02-08,Delhi,Clothing,6.0,1100.89,20.0,5284.27,2,Feb,1,Thursday
2024-01-21,Delhi,Groceries,4.0,358.43,15.0,1218.66,1,Jan,1,Sunday
2025-07-22,Mumbai,Groceries,6.0,397.81,5.0,2267.52,7,Jul,3,Tuesday
2025-10-23,Pune,Groceries,3.0,370.22,25.0,833.0,10,Oct,4,Thursday
2025-09-27,Delhi,Electronics,4.0,9310.08,0.0,37240.32,9,Sep,3,Saturday
2024-08-05,Pune,Groceries,8.0,312.49,10.0,2249.93,8,Aug,3,Monday
2025-01-18,Pune,Sports,4.0,2344.92,10.0,8441.71,1,Jan,1,Saturday
2024-05-06,Mumbai,Home & Kitchen,8.0,985.87,0.0,7886.96,5,May,2,Monday
2024-11-25,Bangalore,Clothing,10.0,946.06,0.0,9460.6,11,Nov,4,Monday
2024-07-31,Bangalore,Clothing,6.0,1550.23,10.0,8371.24,7,Jul,3,Wednesday
2024-10-25,Bangalore,Clothing,6.0,1359.32,10.0,7340.33,10,Oct,4,Friday
2025-05-14,Pune,Electronics,2.0,6648.93,10.0,11968.07,5,May,2,Wednesday
2024-09-02,Bangalore,Beauty,6.0,562.07,0.0,3372.42,9,Sep,3,Monday
2024-04-23,Chennai,Electronics,7.0,9217.37,0.0,64521.59,4,Apr,2,Tuesday
2024-01-12,Mumbai,Home & Kitchen,8.0,1243.57,0.0,9948.56,1,Jan,1,Friday
2025-07-12,Chennai,Groceries,6.0,349.29,20.0,1676.59,7,Jul,3,Saturday
2025-09-18,Delhi,Electronics,5.0,8485.38,10.0,38184.21,9,Sep,3,Thursday
2025-03-06,Delhi,Home & Kitchen,8.0,2312.59,0.0,18500.72,3,Mar,1,Thursday
2024-07-12,Mumbai,Beauty,10.0,617.85,5.0,5869.58,7,Jul,3,Friday
2025-04-23,Bangalore,Groceries,8.0,293.15,0.0,2345.2,4,Apr,2,Wednesday
2024-02-02,Bangalore,Electronics,10.0,7878.5,15.0,66967.25,2,Feb,1,Friday
2025-07-06,Bangalore,Clothing,5.0,1259.29,20.0,5037.16,7,Jul,3,Sunday
2025-02-22,Delhi,Clothing,7.0,1640.87,5.0,10911.79,2,Feb,1,Saturday
2025-03-10,Mumbai,Groceries,9.0,362.7,10.0,2937.87,3,Mar,1,Monday
2024-11-07,Mumbai,Sports,10.0,2215.29,0.0,22152.9,11,Nov,4,Thursday
2024-04-15,Mumbai,Electronics,11.0,11183.11,0.0,123014.21,4,Apr,2,Monday
2025-03-29,Delhi,Home & Kitchen,4.0,1752.49,20.0,5607.97,3,Mar,1,Saturday
2025-07-14,Bangalore,Groceries,5.0,323.18,5.0,1535.1,7,Jul,3,Monday
2025-08-14,Delhi,Beauty,7.0,411.1,15.0,2446.04,8,Aug,3,Thursday
2025-06-27,Bangalore,Beauty,7.0,590.71,0.0,4134.97,6,Jun,2,Friday
2024-10-20,Mumbai,Clothing,13.0,834.23,10.0,9760.49,10,Oct,4,Sunday
2025-08-13,Bangalore,Clothing,3.0,1217.79,10.0,3288.03,8,Aug,3,Wednesday
2024-09-08,Mumbai,Clothing,6.0,1164.38,0.0,6986.28,9,Sep,3,Sunday
2024-04-23,Mumbai,Home & Kitchen,8.0,1685.97,5.0,12813.37,4,Apr,2,Tuesday
2025-02-28,Bangalore,Clothing,11.0,1165.2,20.0,10253.76,2,Feb,1,Friday
2024-07-24,Pune,Sports,5.0,2665.8,25.0,9996.75,7,Jul,3,Wednesday
2024-07-17,Pune,Groceries,6.0,424.13,10.0,2290.3,7,Jul,3,Wednesday
2025-02-06,Bangalore,Electronics,6.0,6502.41,25.0,29260.84,2,Feb,1,Thursday
2025-07-11,Mumbai,Electronics,5.0,8790.1,0.0,43950.5,7,Jul,3,Friday
2025-05-02,Bangalore,Beauty,4.0,713.35,0.0,2853.4,5,May,2,Friday
2025-05-11,Chennai,Clothing,4.0,1337.16,5.0,5081.21,5,May,2,Sunday
2025-06-03,Delhi,Groceries,4.0,421.55,5.0,1601.89,6,Jun,2,Tuesday
2025-08-27,Delhi,Clothing,7.0,1173.4,0.0,8213.8,8,Aug,3,Wednesday
2025-11-28,Bangalore,Sports,12.0,2103.7,15.0,21457.74,11,Nov,4,Friday
2025-03-10,Bangalore,Electronics,7.0,8138.05,0.0,56966.35,3,Mar,1,Monday
2025-01-08,Bangalore,Clothing,9.0,976.8,0.0,8791.2,1,Jan,1,Wednesday
2025-08-06,Mumbai,Groceries,3.0,446.39,0.0,1339.17,8,Aug,3,Wednesday
2024-11-22,Delhi,Clothing,9.0,940.68,15.0,7196.2,11,Nov,4,Friday
2025-05-13,Mumbai,Home & Kitchen,5.0,1151.63,5.0,5470.24,5,May,2,Tuesday
2024-06-17,Chennai,Clothing,5.0,1125.92,5.0,5348.12,6,Jun,2,Monday
2025-12-21,Bangalore,Sports,8.0,2174.31,25.0,13045.86,12,Dec,4,Sunday
2025-09-16,Delhi,Groceries,8.0,343.45,5.0,2610.22,9,Sep,3,Tuesday
2024-09-15,Mumbai,Sports,4.0,2050.53,0.0,8202.12,9,Sep,3,Sunday
2025-09-16,Bangalore,Groceries,4.0,205.85,15.0,699.89,9,Sep,3,Tuesday
2024-09-17,Mumbai,Beauty,8.0,584.39,0.0,4675.12,9,Sep,3,Tuesday
2024-02-09,Mumbai,Home & Kitchen,5.0,1769.21,0.0,8846.05,2,Feb,1,Friday
2025-05-16,Delhi,Clothing,3.0,1615.69,0.0,4847.07,5,May,2,Friday
2025-04-09,Delhi,Electronics,7.0,9216.09,0.0,64512.63,4,Apr,2,Wednesday
2025-04-20,Chennai,Groceries,7.0,310.27,10.0,1954.7,4,Apr,2,Sunday
2024-11-27,Mumbai,Clothing,3.0,1449.17,10.0,3912.76,11,Nov,4,Wednesday
2025-01-25,Chennai,Clothing,8.0,1023.2,0.0,8185.6,1,Jan,1,Saturday
2025-08-16,Mumbai,Sports,4.0,1770.49,0.0,7081.96,8,Aug,3,Saturday
2024-02-06,Bangalore,Groceries,7.0,456.25,0.0,3193.75,2,Feb,1,Tuesday
2025-09-04,Pune,Groceries,6.0,394.62,15.0,2012.56,9,Sep,3,Thursday
2025-10-28,Bangalore,Groceries,9.0,420.07,0.0,3780.63,10,Oct,4,Tuesday
2025-02-17,Chennai,Groceries,6.0,284.12,0.0,1704.72,2,Feb,1,Monday
2025-04-16,Mumbai,Clothing,10.0,1170.68,10.0,10536.12,4,Apr,2,Wednesday
2024-08-24,Mumbai,Beauty,4.0,621.32,0.0,2485.28,8,Aug,3,Saturday
2024-10-22,Delhi,Clothing,13.0,911.74,5.0,11259.99,10,Oct,4,Tuesday
2025-03-18,Pune,Beauty,10.0,626.41,10.0,5637.69,3,Mar,1,Tuesday
2024-05-12,Pune,Electronics,8.0,6395.38,5.0,48604.89,5,May,2,Sunday
2025-09-27,Chennai,Home & Kitchen,11.0,1665.44,10.0,16487.86,9,Sep,3,Saturday
2024-08-07,Mumbai,Home & Kitchen,4.0,1722.98,0.0,6891.92,8,Aug,3,Wednesday
2025-07-05,Mumbai,Home & Kitchen,4.0,1732.88,0.0,6931.52,7,Jul,3,Saturday
2024-06-28,Delhi,Groceries,3.0,415.8,0.0,1247.4,6,Jun,2,Friday
2025-08-03,Mumbai,Electronics,5.0,7315.4,0.0,36577.0,8,Aug,3,Sunday
2024-07-23,Pune,Groceries,17.0,343.81,0.0,5844.77,7,Jul,3,Tuesday
2024-05-13,Delhi,Clothing,5.0,1379.3,0.0,6896.5,5,May,2,Monday
2025-05-30,Delhi,Sports,4.0,2177.93,10.0,7840.55,5,May,2,Friday
2024-09-05,Pune,Home & Kitchen,6.0,1728.61,0.0,10371.66,9,Sep,3,Thursday
2025-09-12,Chennai,Home & Kitchen,10.0,2483.21,15.0,21107.28,9,Sep,3,Friday
2025-08-02,Delhi,Clothing,12.0,1194.04,0.0,14328.48,8,Aug,3,Saturday
2025-02-26,Delhi,Groceries,7.0,482.66,10.0,3040.76,2,Feb,1,Wednesday
2025-02-01,Pune,Electronics,4.0,8284.8,20.0,26511.36,2,Feb,1,Saturday
2025-11-17,Mumbai,Groceries,10.0,462.3,10.0,4160.7,11,Nov,4,Monday
2025-10-30,Mumbai,Groceries,12.0,350.75,10.0,3788.1,10,Oct,4,Thursday
2024-03-18,Pune,Sports,6.0,2452.95,10.0,13245.93,3,Mar,1,Monday
2025-12-18,Mumbai,Electronics,8.0,6624.78,5.0,50348.33,12,Dec,4,Thursday
2024-05-20,Mumbai,Beauty,8.0,674.15,0.0,5393.2,5,May,2,Monday
2024-08-30,Pune,Electronics,5.0,8062.02,5.0,38294.6,8,Aug,3,Friday
2024-08-09,Delhi,Groceries,6.0,367.58,5.0,2095.21,8,Aug,3,Friday
2025-12-15,Pune,Clothing,7.0,936.89,0.0,6558.23,12,Dec,4,Monday
2024-11-10,Mumbai,Beauty,10.0,669.76,0.0,6697.6,11,Nov,4,Sunday
2024-03-03,Mumbai,Clothing,6.0,1242.26,15.0,6335.53,3,Mar,1,Sunday
2025-02-18,Bangalore,Groceries,3.0,368.51,10.0,994.98,2,Feb,1,Tuesday
2024-04-12,Chennai,Beauty,9.0,699.23,20.0,5034.46,4,Apr,2,Friday
2024-03-14,Delhi,Groceries,7.0,228.59,15.0,1360.11,3,Mar,1,Thursday
2025-06-03,Pune,Clothing,3.0,1357.63,5.0,3869.25,6,Jun,2,Tuesday
2025-09-10,Mumbai,Electronics,10.0,10470.2,25.0,78526.5,9,Sep,3,Wednesday
2024-08-18,Bangalore,Electronics,6.0,5912.81,0.0,35476.86,8,Aug,3,Sunday
2024-10-28,Mumbai,Electronics,6.0,7084.37,20.0,34004.98,10,Oct,4,Monday
2024-08-20,Bangalore,Sports,3.0,2053.26,0.0,6159.78,8,Aug,3,Tuesday
2024-08-23,Mumbai,Electronics,6.0,8358.79,20.0,40122.19,8,Aug,3,Friday
2024-10-10,Mumbai,Home & Kitchen,8.0,1768.18,0.0,14145.44,10,Oct,4,Thursday
2025-12-24,Delhi,Clothing,14.0,1324.48,0.0,18542.72,12,Dec,4,Wednesday
2025-06-24,Bangalore,Electronics,9.0,7871.6,15.0,60217.74,6,Jun,2,Tuesday
2025-12-03,Mumbai,Sports,13.0,1998.79,5.0,24685.06,12,Dec,4,Wednesday
2025-03-01,Delhi,Sports,11.0,1647.72,5.0,17218.67,3,Mar,1,Saturday
2025-05-12,Bangalore,Groceries,10.0,203.05,5.0,1928.98,5,May,2,Monday
2025-12-24,Pune,Groceries,8.0,402.64,15.0,2737.95,12,Dec,4,Wednesday
2024-02-01,Chennai,Clothing,2.0,987.86,0.0,1975.72,2,Feb,1,Thursday
2024-05-09,Mumbai,Beauty,5.0,658.05,0.0,3290.25,5,May,2,Thursday
2025-08-13,Chennai,Sports,4.0,2560.18,25.0,7680.54,8,Aug,3,Wednesday
2025-09-17,Mumbai,Groceries,5.0,387.79,0.0,1938.95,9,Sep,3,Wednesday
2024-02-22,Mumbai,Groceries,5.0,424.04,15.0,1802.17,2,Feb,1,Thursday
2025-05-19,Bangalore,Groceries,7.0,349.34,20.0,1956.3,5,May,2,Monday
2025-10-11,Mumbai,Groceries,6.0,364.87,0.0,2189.22,10,Oct,4,Saturday
2025-10-10,Mumbai,Clothing,11.0,1176.57,15.0,11000.93,10,Oct,4,Friday
2024-05-14,Mumbai,Clothing,6.0,1008.06,15.0,5141.11,5,May,2,Tuesday
2025-08-12,Delhi,Electronics,6.0,8618.44,15.0,43954.04,8,Aug,3,Tuesday
2025-06-07,Pune,Home & Kitchen,6.0,2024.19,5.0,11537.88,6,Jun,2,Saturday
2024-11-15,Bangalore,Groceries,9.0,237.82,0.0,2140.38,11,Nov,4,Friday
2024-08-03,Bangalore,Groceries,4.0,415.82,0.0,1663.28,8,Aug,3,Saturday
2024-10-12,Mumbai,Groceries,8.0,384.52,10.0,2768.54,10,Oct,4,Saturday
2024-07-18,Delhi,Home & Kitchen,6.0,1402.27,25.0,6310.21,7,Jul,3,Thursday
2025-01-26,Bangalore,Clothing,6.0,830.33,10.0,4483.78,1,Jan,1,Sunday
2024-06-09,Mumbai,Electronics,6.0,10271.73,5.0,58548.86,6,Jun,2,Sunday
2024-09-10,Delhi,Beauty,2.0,597.82,5.0,1135.86,9,Sep,3,Tuesday
2024-09-10,Mumbai,Clothing,7.0,1026.61,5.0,6826.96,9,Sep,3,Tuesday
2024-02-16,Bangalore,Home & Kitchen,5.0,1742.29,25.0,6533.59,2,Feb,1,Friday
2024-07-20,Chennai,Electronics,5.0,8461.24,5.0,40190.89,7,Jul,3,Saturday
2024-08-14,Mumbai,Home & Kitchen,7.0,1889.35,5.0,12564.18,8,Aug,3,Wednesday
2025-04-24,Bangalore,Clothing,6.0,1438.05,10.0,7765.47,4,Apr,2,Thursday
2024-10-07,Mumbai,Home & Kitchen,7.0,1575.3,0.0,11027.1,10,Oct,4,Monday
2025-06-30,Mumbai,Beauty,6.0,820.86,0.0,4925.16,6,Jun,2,Monday
2025-07-04,Bangalore,Beauty,6.0,886.03,5.0,5050.37,7,Jul,3,Friday
2025-10-10,Pune,Groceries,9.0,339.52,0.0,3055.68,10,Oct,4,Friday
2024-12-14,Delhi,Home & Kitchen,7.0,1170.52,15.0,6964.59,12,Dec,4,Saturday
2025-04-29,Bangalore,Groceries,8.0,365.72,15.0,2486.9,4,Apr,2,Tuesday
2024-08-28,Bangalore,Home & Kitchen,6.0,1361.45,0.0,8168.7,8,Aug,3,Wednesday
2025-01-18,Pune,Groceries,5.0,331.78,15.0,1410.06,1,Jan,1,Saturday
2025-10-03,Bangalore,Groceries,5.0,261.91,0.0,1309.55,10,Oct,4,Friday
2024-10-09,Pune,Sports,9.0,1963.64,0.0,17672.76,10,Oct,4,Wednesday
2024-06-27,Chennai,Groceries,5.0,342.59,20.0,1370.36,6,Jun,2,Thursday
2025-01-17,Mumbai,Clothing,5.0,849.02,5.0,4032.84,1,Jan,1,Friday
2024-02-12,Bangalore,Clothing,7.0,1593.62,0.0,11155.34,2,Feb,1,Monday
2025-03-07,Bangalore,Sports,6.0,2817.71,0.0,16906.26,3,Mar,1,Friday
2024-12-08,Pune,Groceries,13.0,361.51,10.0,4229.67,12,Dec,4,Sunday
2025-05-06,Mumbai,Clothing,8.0,1053.53,0.0,8428.24,5,May,2,Tuesday
2025-12-15,Mumbai,Groceries,7.0,380.3,10.0,2395.89,12,Dec,4,Monday
2024-09-05,Chennai,Groceries,9.0,449.56,25.0,3034.53,9,Sep,3,Thursday
2025-07-26,Mumbai,Beauty,6.0,805.44,0.0,4832.64,7,Jul,3,Saturday
2024-06-13,Mumbai,Home & Kitchen,4.0,1068.96,5.0,4062.05,6,Jun,2,Thursday
2025-06-11,Chennai,Electronics,7.0,8804.64,15.0,52387.61,6,Jun,2,Wednesday
2024-03-13,Delhi,Groceries,12.0,262.36,0.0,3148.32,3,Mar,1,Wednesday
2024-04-21,Mumbai,Clothing,10.0,808.33,25.0,6062.48,4,Apr,2,Sunday
2025-01-06,Bangalore,Clothing,10.0,1059.45,20.0,8475.6,1,Jan,1,Monday
2025-01-23,Chennai,Beauty,8.0,810.42,10.0,5835.02,1,Jan,1,Thursday
2025-07-29,Pune,Clothing,5.0,1224.01,10.0,5508.04,7,Jul,3,Tuesday
2024-09-08,Delhi,Groceries,9.0,268.27,15.0,2052.27,9,Sep,3,Sunday
2024-02-07,Bangalore,Electronics,5.0,6528.73,5.0,31011.47,2,Feb,1,Wednesday
2024-01-08,Bangalore,Clothing,8.0,855.26,10.0,6157.87,1,Jan,1,Monday
2024-04-17,Mumbai,Electronics,7.0,9489.51,10.0,59783.91,4,Apr,2,Wednesday
2025-08-08,Delhi,Clothing,10.0,1234.47,10.0,11110.23,8,Aug,3,Friday
2024-05-22,Pune,Electronics,9.0,10910.25,0.0,98192.25,5,May,2,Wednesday
2025-10-15,Mumbai,Clothing,8.0,1321.04,0.0,10568.32,10,Oct,4,Wednesday
2024-08-21,Chennai,Sports,5.0,1942.67,5.0,9227.68,8,Aug,3,Wednesday
2025-05-08,Mumbai,Electronics,6.0,8753.35,10.0,47268.09,5,May,2,Thursday
2025-02-16,Bangalore,Sports,5.0,1811.67,0.0,9058.35,2,Feb,1,Sunday
2025-07-28,Pune,Groceries,9.0,283.27,10.0,2294.49,7,Jul,3,Monday
2025-07-25,Bangalore,Clothing,3.0,1875.0,5.0,5343.75,7,Jul,3,Friday
2024-03-15,Delhi,Clothing,11.0,1297.08,20.0,11414.3,3,Mar,1,Friday
2024-10-09,Delhi,Clothing,7.0,1376.7,0.0,9636.9,10,Oct,4,Wednesday
2024-09-21,Delhi,Home & Kitchen,7.0,1569.0,5.0,10433.85,9,Sep,3,Saturday
2024-02-06,Chennai,Electronics,6.0,7698.85,0.0,46193.1,2,Feb,1,Tuesday
2025-04-15,Pune,Sports,7.0,1914.5,10.0,12061.35,4,Apr,2,Tuesday
2024-05-20,Mumbai,Electronics,5.0,7530.38,20.0,30121.52,5,May,2,Monday
2024-04-26,Bangalore,Electronics,7.0,9091.24,0.0,63638.68,4,Apr,2,Friday
2025-08-15,Bangalore,Groceries,2.0,466.2,0.0,932.4,8,Aug,3,Friday
2024-12-25,Mumbai,Electronics,10.0,11568.12,5.0,109897.14,12,Dec,4,Wednesday
2025-05-06,Delhi,Electronics,3.0,9550.42,10.0,25786.13,5,May,2,Tuesday
2024-10-30,Mumbai,Clothing,4.0,811.91,0.0,3247.64,10,Oct,4,Wednesday
2025-02-21,Bangalore,Groceries,5.0,151.88,5.0,721.43,2,Feb,1,Friday
2024-05-04,Delhi,Groceries,6.0,352.34,0.0,2114.04,5,May,2,Saturday
2025-11-07,Chennai,Groceries,5.0,425.69,0.0,2128.45,11,Nov,4,Friday
2025-11-13,Pune,Electronics,9.0,7329.85,20.0,52774.92,11,Nov,4,Thursday
2025-11-14,Pune,Home & Kitchen,10.0,1788.22,10.0,16093.98,11,Nov,4,Friday
2025-02-10,Bangalore,Sports,8.0,3361.48,0.0,26891.84,2,Feb,1,Monday
2025-11-20,Delhi,Clothing,9.0,1639.11,5.0,14014.39,11,Nov,4,Thursday
2025-04-02,Bangalore,Electronics,7.0,8833.07,25.0,46373.62,4,Apr,2,Wednesday
2024-03-03,Mumbai,Groceries,8.0,322.69,0.0,2581.52,3,Mar,1,Sunday
2024-09-20,Pune,Groceries,5.0,463.76,5.0,2202.86,9,Sep,3,Friday
2024-07-30,Pune,Clothing,8.0,1828.36,0.0,14626.88,7,Jul,3,Tuesday
2025-05-13,Delhi,Electronics,9.0,6855.99,25.0,46277.93,5,May,2,Tuesday
2024-11-27,Pune,Groceries,6.0,396.09,0.0,2376.54,11,Nov,4,Wednesday
2024-08-27,Pune,Groceries,6.0,330.02,10.0,1782.11,8,Aug,3,Tuesday
2024-05-07,Mumbai,Clothing,1.0,1201.06,5.0,1141.01,5,May,2,Tuesday
2024-02-07,Pune,Sports,5.0,2449.07,10.0,11020.82,2,Feb,1,Wednesday
2024-01-06,Mumbai,Electronics,10.0,11657.77,10.0,104919.93,1,Jan,1,Saturday
2025-09-15,Chennai,Electronics,5.0,8114.16,5.0,38542.26,9,Sep,3,Monday
2025-12-16,Mumbai,Sports,3.0,3153.69,10.0,8514.96,12,Dec,4,Tuesday
2025-07-04,Mumbai,Home & Kitchen,7.0,925.34,10.0,5829.64,7,Jul,3,Friday
2025-04-14,Pune,Clothing,9.0,1239.35,10.0,10038.74,4,Apr,2,Monday
2025-02-02,Chennai,Clothing,8.0,1412.45,25.0,8474.7,2,Feb,1,Sunday
2025-06-11,Bangalore,Clothing,4.0,851.67,15.0,2895.68,6,Jun,2,Wednesday
2024-09-18,Bangalore,Groceries,9.0,385.93,20.0,2778.7,9,Sep,3,Wednesday
2025-10-28,Mumbai,Beauty,9.0,573.31,10.0,4643.81,10,Oct,4,Tuesday
2024-09-26,Delhi,Electronics,11.0,8979.26,10.0,88894.67,9,Sep,3,Thursday
2025-02-02,Delhi,Groceries,2.0,295.4,5.0,561.26,2,Feb,1,Sunday
2024-07-28,Bangalore,Groceries,7.0,390.71,5.0,2598.22,7,Jul,3,Sunday
2025-03-20,Delhi,Clothing,10.0,1375.33,0.0,13753.3,3,Mar,1,Thursday
2024-04-21,Chennai,Home & Kitchen,9.0,1166.33,5.0,9972.12,4,Apr,2,Sunday
2025-10-04,Mumbai,Groceries,7.0,223.71,5.0,1487.67,10,Oct,4,Saturday
2024-10-22,Mumbai,Groceries,6.0,248.88,10.0,1343.95,10,Oct,4,Tuesday
2025-08-15,Chennai,Electronics,5.0,9101.29,0.0,45506.45,8,Aug,3,Friday
2024-05-29,Mumbai,Sports,6.0,1305.99,15.0,6660.55,5,May,2,Wednesday
2024-06-23,Bangalore,Clothing,5.0,1142.02,10.0,5139.09,6,Jun,2,Sunday
2025-10-28,Mumbai,Clothing,9.0,1227.34,5.0,10493.76,10,Oct,4,Tuesday
2024-08-10,Pune,Clothing,3.0,1287.78,10.0,3477.01,8,Aug,3,Saturday
2024-03-04,Chennai,Sports,4.0,2349.87,5.0,8929.51,3,Mar,1,Monday
2025-10-20,Mumbai,Groceries,13.0,266.43,5.0,3290.41,10,Oct,4,Monday
2025-12-10,Bangalore,Clothing,4.0,1579.08,0.0,6316.32,12,Dec,4,Wednesday
2024-10-25,Delhi,Home & Kitchen,7.0,1682.25,0.0,11775.75,10,Oct,4,Friday
2024-04-04,Pune,Sports,6.0,2201.23,0.0,13207.38,4,Apr,2,Thursday
2024-06-11,Mumbai,Groceries,5.0,279.02,0.0,1395.1,6,Jun,2,Tuesday
2025-02-17,Mumbai,Electronics,6.0,6183.69,25.0,27826.6,2,Feb,1,Monday
2025-05-06,Pune,Electronics,7.0,6147.87,0.0,43035.09,5,May,2,Tuesday
2024-05-22,Mumbai,Clothing,8.0,1233.06,15.0,8384.81,5,May,2,Wednesday
2025-07-03,Bangalore,Beauty,3.0,639.84,20.0,1535.62,7,Jul,3,Thursday
2025-12-06,Chennai,Groceries,9.0,425.08,0.0,3825.72,12,Dec,4,Saturday
2024-11-16,Bangalore,Electronics,9.0,5965.07,0.0,53685.63,11,Nov,4,Saturday
2024-06-13,Bangalore,Clothing,6.0,1417.67,5.0,8080.72,6,Jun,2,Thursday
2024-01-06,Delhi,Clothing,6.0,1202.69,5.0,6855.33,1,Jan,1,Saturday
2024-12-26,Bangalore,Electronics,7.0,5490.46,0.0,38433.22,12,Dec,4,Thursday
2024-04-22,Delhi,Beauty,6.0,551.67,5.0,3144.52,4,Apr,2,Monday
2024-01-22,Delhi,Groceries,3.0,293.34,5.0,836.02,1,Jan,1,Monday
2025-07-06,Bangalore,Electronics,7.0,6895.44,5.0,45854.68,7,Jul,3,Sunday
2024-06-22,Mumbai,Beauty,5.0,734.91,5.0,3490.82,6,Jun,2,Saturday
2025-11-26,Mumbai,Electronics,7.0,8085.51,5.0,53768.64,11,Nov,4,Wednesday
2025-09-08,Pune,Sports,2.0,1523.31,20.0,2437.3,9,Sep,3,Monday
2024-04-28,Chennai,Clothing,6.0,968.74,5.0,5521.82,4,Apr,2,Sunday
2025-08-18,Bangalore,Clothing,12.0,1166.71,0.0,14000.52,8,Aug,3,Monday
2024-11-19,Delhi,Electronics,6.0,7809.01,0.0,46854.06,11,Nov,4,Tuesday
2024-03-27,Delhi,Electronics,2.0,7914.08,0.0,15828.16,3,Mar,1,Wednesday
2024-07-22,Chennai,Electronics,8.0,7905.09,5.0,60078.68,7,Jul,3,Monday
2024-07-31,Delhi,Groceries,10.0,353.63,20.0,2829.04,7,Jul,3,Wednesday
2025-04-26,Pune,Electronics,6.0,6650.82,10.0,35914.43,4,Apr,2,Saturday
2024-12-12,Chennai,Home & Kitchen,10.0,2289.35,25.0,17170.12,12,Dec,4,Thursday
2025-03-24,Pune,Clothing,6.0,1464.16,10.0,7906.46,3,Mar,1,Monday
2024-10-30,Delhi,Groceries,8.0,349.69,10.0,2517.77,10,Oct,4,Wednesday
2024-05-15,Mumbai,Groceries,4.0,245.65,0.0,982.6,5,May,2,Wednesday
2025-08-01,Delhi,Groceries,3.0,311.49,10.0,841.02,8,Aug,3,Friday
2024-09-21,Mumbai,Sports,8.0,2488.99,10.0,17920.73,9,Sep,3,Saturday
2024-08-22,Bangalore,Electronics,2.0,6368.2,15.0,10825.94,8,Aug,3,Thursday
2024-09-09,Pune,Clothing,5.0,1593.16,20.0,6372.64,9,Sep,3,Monday
2025-03-22,Chennai,Clothing,2.0,1513.57,15.0,2573.07,3,Mar,1,Saturday
2025-09-05,Pune,Beauty,7.0,613.42,0.0,4293.94,9,Sep,3,Friday
2025-03-02,Chennai,Electronics,3.0,9825.28,5.0,28002.05,3,Mar,1,Sunday
2024-08-19,Bangalore,Electronics,8.0,6995.73,10.0,50369.26,8,Aug,3,Monday
2025-11-17,Pune,Clothing,6.0,1434.67,5.0,8177.62,11,Nov,4,Monday
2025-09-16,Pune,Clothing,4.0,1134.55,0.0,4538.2,9,Sep,3,Tuesday
2025-09-05,Chennai,Home & Kitchen,9.0,1309.21,5.0,11193.75,9,Sep,3,Friday
2024-10-21,Pune,Sports,13.0,1501.71,0.0,19522.23,10,Oct,4,Monday
2024-08-01,Pune,Electronics,2.0,9446.22,20.0,15113.95,8,Aug,3,Thursday
2025-09-20,Bangalore,Home & Kitchen,5.0,1709.76,15.0,7266.48,9,Sep,3,Saturday
2025-10-20,Delhi,Electronics,10.0,6612.39,0.0,66123.9,10,Oct,4,Monday
2024-06-07,Delhi,Clothing,8.0,1244.34,5.0,9456.98,6,Jun,2,Friday
2024-02-02,Bangalore,Electronics,4.0,8425.2,5.0,32015.76,2,Feb,1,Friday
2024-04-07,Mumbai,Groceries,6.0,257.24,5.0,1466.27,4,Apr,2,Sunday
2024-12-10,Chennai,Electronics,8.0,7927.03,0.0,63416.24,12,Dec,4,Tuesday
2025-08-06,Bangalore,Home & Kitchen,9.0,1788.82,10.0,14489.44,8,Aug,3,Wednesday
2024-08-06,Mumbai,Home & Kitchen,7.0,1992.48,15.0,11855.26,8,Aug,3,Tuesday
2024-02-27,Pune,Clothing,6.0,1146.27,10.0,6189.86,2,Feb,1,Tuesday
2025-12-19,Mumbai,Groceries,16.0,344.62,15.0,4686.83,12,Dec,4,Friday
2024-12-09,Delhi,Home & Kitchen,6.0,1600.09,10.0,8640.49,12,Dec,4,Monday
2024-01-30,Bangalore,Home & Kitchen,5.0,1688.99,10.0,7600.46,1,Jan,1,Tuesday
2025-06-22,Mumbai,Clothing,6.0,845.41,15.0,4311.59,6,Jun,2,Sunday
2025-11-11,Mumbai,Electronics,9.0,9547.24,0.0,85925.16,11,Nov,4,Tuesday
2024-04-15,Mumbai,Electronics,8.0,6217.65,15.0,42280.02,4,Apr,2,Monday
2025-05-27,Pune,Electronics,5.0,8319.29,15.0,35356.98,5,May,2,Tuesday
2024-09-05,Pune,Groceries,5.0,452.07,10.0,2034.32,9,Sep,3,Thursday
2025-11-06,Mumbai,Groceries,8.0,240.41,0.0,1923.28,11,Nov,4,Thursday
2024-12-07,Pune,Groceries,7.0,320.2,5.0,2129.33,12,Dec,4,Saturday
2025-03-07,Delhi,Sports,4.0,1728.63,5.0,6568.79,3,Mar,1,Friday
2024-12-15,Delhi,Groceries,11.0,291.68,10.0,2887.63,12,Dec,4,Sunday
2025-04-07,Mumbai,Electronics,3.0,9801.74,5.0,27934.96,4,Apr,2,Monday
2024-11-05,Delhi,Clothing,11.0,1519.23,5.0,15875.95,11,Nov,4,Tuesday
2025-11-03,Mumbai,Clothing,7.0,1731.5,0.0,12120.5,11,Nov,4,Monday
2025-01-27,Pune,Electronics,8.0,7887.53,10.0,56790.22,1,Jan,1,Monday
2024-05-17,Pune,Electronics,11.0,8573.91,15.0,80166.06,5,May,2,Friday
2024-01-09,Mumbai,Clothing,8.0,1496.79,10.0,10776.89,1,Jan,1,Tuesday
2025-08-01,Mumbai,Groceries,2.0,214.73,5.0,407.99,8,Aug,3,Friday
2024-09-24,Mumbai,Sports,8.0,2335.16,15.0,15879.09,9,Sep,3,Tuesday
2024-10-15,Bangalore,Home & Kitchen,12.0,1708.12,0.0,20497.44,10,Oct,4,Tuesday
2025-05-08,Delhi,Sports,8.0,2875.02,10.0,20700.14,5,May,2,Thursday
2025-04-28,Delhi,Groceries,8.0,334.4,5.0,2541.44,4,Apr,2,Monday
2025-06-20,Mumbai,Clothing,3.0,1029.35,10.0,2779.24,6,Jun,2,Friday
2025-03-18,Bangalore,Home & Kitchen,7.0,2012.95,25.0,10567.99,3,Mar,1,Tuesday
2025-02-20,Pune,Groceries,2.0,346.32,25.0,519.48,2,Feb,1,Thursday
2024-03-08,Pune,Groceries,6.0,324.66,15.0,1655.77,3,Mar,1,Friday
2024-06-23,Delhi,Electronics,9.0,7744.74,0.0,69702.66,6,Jun,2,Sunday
2025-09-04,Chennai,Home & Kitchen,8.0,2057.56,0.0,16460.48,9,Sep,3,Thursday
2025-03-16,Chennai,Electronics,11.0,6133.67,10.0,60723.33,3,Mar,1,Sunday
2025-07-09,Mumbai,Clothing,2.0,1175.96,10.0,2116.73,7,Jul,3,Wednesday
2024-01-11,Mumbai,Clothing,5.0,1433.79,20.0,5735.16,1,Jan,1,Thursday
2025-05-18,Bangalore,Beauty,12.0,516.5,5.0,5888.1,5,May,2,Sunday
2024-05-31,Mumbai,Beauty,11.0,662.89,15.0,6198.02,5,May,2,Friday
2025-12-07,Chennai,Clothing,6.0,830.06,10.0,4482.32,12,Dec,4,Sunday
2024-01-07,Bangalore,Clothing,3.0,834.85,0.0,2504.55,1,Jan,1,Sunday
2024-01-29,Delhi,Sports,6.0,3203.64,15.0,16338.56,1,Jan,1,Monday
2025-12-07,Delhi,Groceries,9.0,367.51,15.0,2811.45,12,Dec,4,Sunday
2025-12-26,Bangalore,Groceries,8.0,345.02,15.0,2346.14,12,Dec,4,Friday
2024-08-24,Bangalore,Groceries,6.0,273.23,0.0,1639.38,8,Aug,3,Saturday
2024-09-15,Mumbai,Beauty,7.0,686.49,0.0,4805.43,9,Sep,3,Sunday
2024-05-16,Mumbai,Clothing,6.0,1136.36,5.0,6477.25,5,May,2,Thursday
2024-11-12,Chennai,Electronics,6.0,8995.55,0.0,53973.3,11,Nov,4,Tuesday
2024-03-19,Pune,Sports,7.0,2277.65,10.0,14349.2,3,Mar,1,Tuesday
2025-11-17,Bangalore,Electronics,8.0,11425.83,25.0,68554.98,11,Nov,4,Monday
2025-10-08,Chennai,Electronics,7.0,5396.46,5.0,35886.46,10,Oct,4,Wednesday
2025-03-05,Mumbai,Clothing,10.0,1387.1,0.0,13871.0,3,Mar,1,Wednesday
2025-04-26,Chennai,Groceries,6.0,362.29,5.0,2065.05,4,Apr,2,Saturday
2025-09-07,Pune,Sports,7.0,1585.53,20.0,8878.97,9,Sep,3,Sunday
2025-06-23,Chennai,Clothing,6.0,1196.83,10.0,6462.88,6,Jun,2,Monday
2025-01-25,Pune,Sports,2.0,1874.48,10.0,3374.06,1,Jan,1,Saturday
2024-06-17,Pune,Groceries,6.0,331.73,10.0,1791.34,6,Jun,2,Monday
2024-07-19,Delhi,Groceries,3.0,343.78,10.0,928.21,7,Jul,3,Friday
2024-01-23,Bangalore,Clothing,4.0,1252.84,0.0,5011.36,1,Jan,1,Tuesday
2025-09-25,Mumbai,Clothing,3.0,1119.43,10.0,3022.46,9,Sep,3,Thursday
2024-02-04,Bangalore,Clothing,6.0,883.4,20.0,4240.32,2,Feb,1,Sunday
2024-08-02,Delhi,Beauty,7.0,542.26,10.0,3416.24,8,Aug,3,Friday
2024-02-27,Delhi,Home & Kitchen,7.0,2135.69,15.0,12707.36,2,Feb,1,Tuesday
2025-11-20,Delhi,Sports,12.0,2221.45,0.0,26657.4,11,Nov,4,Thursday
2024-08-26,Pune,Clothing,1.0,953.12,0.0,953.12,8,Aug,3,Monday
2025-02-13,Mumbai,Electronics,3.0,7331.38,0.0,21994.14,2,Feb,1,Thursday
2025-07-03,Bangalore,Groceries,5.0,391.67,10.0,1762.52,7,Jul,3,Thursday
2024-05-03,Delhi,Groceries,5.0,308.74,15.0,1312.14,5,May,2,Friday
2024-05-12,Pune,Electronics,5.0,6679.83,0.0,33399.15,5,May,2,Sunday
2025-12-24,Chennai,Sports,6.0,2315.01,20.0,11112.05,12,Dec,4,Wednesday
2025-09-21,Pune,Beauty,4.0,880.73,5.0,3346.77,9,Sep,3,Sunday
2024-06-10,Mumbai,Home & Kitchen,5.0,1202.22,5.0,5710.54,6,Jun,2,Monday
2025-01-11,Bangalore,Clothing,6.0,1436.78,15.0,7327.58,1,Jan,1,Saturday
2024-06-25,Mumbai,Beauty,10.0,591.15,20.0,4729.2,6,Jun,2,Tuesday
2024-07-04,Mumbai,Electronics,10.0,8969.87,0.0,89698.7,7,Jul,3,Thursday
2025-12-25,Delhi,Electronics,7.0,8322.15,5.0,55342.3,12,Dec,4,Thursday
2025-08-02,Pune,Groceries,9.0,343.4,5.0,2936.07,8,Aug,3,Saturday
2024-11-07,Delhi,Groceries,7.0,365.84,10.0,2304.79,11,Nov,4,Thursday
2025-10-02,Delhi,Sports,10.0,2324.25,20.0,18594.0,10,Oct,4,Thursday
2024-09-25,Delhi,Groceries,5.0,453.42,0.0,2267.1,9,Sep,3,Wednesday
2024-12-12,Delhi,Electronics,7.0,8943.04,15.0,53211.09,12,Dec,4,Thursday
2024-03-27,Delhi,Clothing,5.0,1471.38,15.0,6253.37,3,Mar,1,Wednesday
2024-05-16,Pune,Groceries,6.0,329.31,5.0,1877.07,5,May,2,Thursday
2024-12-02,Delhi,Groceries,4.0,211.88,10.0,762.77,12,Dec,4,Monday
2025-06-12,Chennai,Groceries,7.0,461.41,25.0,2422.4,6,Jun,2,Thursday
2024-08-12,Chennai,Electronics,2.0,7379.97,10.0,13283.95,8,Aug,3,Monday
2024-01-03,Bangalore,Electronics,8.0,6724.96,0.0,53799.68,1,Jan,1,Wednesday
2024-08-12,Delhi,Electronics,11.0,10261.86,0.0,112880.46,8,Aug,3,Monday
2025-08-29,Mumbai,Sports,4.0,2323.82,5.0,8830.52,8,Aug,3,Friday
2024-09-18,Bangalore,Groceries,4.0,325.76,0.0,1303.04,9,Sep,3,Wednesday
2025-09-09,Pune,Groceries,4.0,306.26,0.0,1225.04,9,Sep,3,Tuesday
2024-02-18,Mumbai,Electronics,2.0,7924.34,0.0,15848.68,2,Feb,1,Sunday
2025-07-09,Pune,Electronics,5.0,8278.87,5.0,39324.63,7,Jul,3,Wednesday
2025-01-17,Chennai,Electronics,4.0,7352.09,5.0,27937.94,1,Jan,1,Friday
2024-11-17,Mumbai,Clothing,11.0,724.71,10.0,7174.63,11,Nov,4,Sunday
2025-07-22,Bangalore,Groceries,6.0,200.12,15.0,1020.61,7,Jul,3,Tuesday
2025-01-05,Mumbai,Groceries,7.0,356.05,15.0,2118.5,1,Jan,1,Sunday
2024-11-01,Mumbai,Home & Kitchen,12.0,2222.72,10.0,24005.38,11,Nov,4,Friday
2024-06-20,Mumbai,Electronics,4.0,10163.16,25.0,30489.48,6,Jun,2,Thursday
2024-04-30,Delhi,Beauty,9.0,676.28,5.0,5782.19,4,Apr,2,Tuesday
2025-09-05,Delhi,Groceries,10.0,349.44,15.0,2970.24,9,Sep,3,Friday
2024-12-10,Mumbai,Clothing,6.0,933.59,5.0,5321.46,12,Dec,4,Tuesday
2024-01-07,Pune,Groceries,4.0,274.12,10.0,986.83,1,Jan,1,Sunday
2025-11-04,Delhi,Clothing,8.0,1495.29,5.0,11364.2,11,Nov,4,Tuesday
2024-10-06,Delhi,Home & Kitchen,4.0,1646.38,5.0,6256.24,10,Oct,4,Sunday
2025-04-15,Delhi,Electronics,1.0,6253.64,0.0,6253.64,4,Apr,2,Tuesday
2025-04-05,Chennai,Electronics,6.0,9301.2,5.0,53016.84,4,Apr,2,Saturday
2025-11-07,Delhi,Sports,5.0,2405.62,0.0,12028.1,11,Nov,4,Friday
2024-02-01,Pune,Groceries,6.0,285.91,15.0,1458.14,2,Feb,1,Thursday
2024-12-16,Mumbai,Sports,6.0,2226.21,10.0,12021.53,12,Dec,4,Monday
2024-12-07,Chennai,Groceries,10.0,250.88,0.0,2508.8,12,Dec,4,Saturday
2024-02-20,Bangalore,Home & Kitchen,3.0,1938.51,5.0,5524.75,2,Feb,1,Tuesday
2025-06-23,Delhi,Groceries,7.0,345.1,0.0,2415.7,6,Jun,2,Monday
2024-12-27,Delhi,Groceries,7.0,433.48,10.0,2730.92,12,Dec,4,Friday
2025-10-14,Pune,Home & Kitchen,8.0,1534.86,0.0,12278.88,10,Oct,4,Tuesday
2025-03-02,Mumbai,Groceries,7.0,382.92,25.0,2010.33,3,Mar,1,Sunday
2025-07-11,Pune,Electronics,4.0,10368.01,10.0,37324.84,7,Jul,3,Friday
2025-05-25,Pune,Clothing,4.0,1385.13,15.0,4709.44,5,May,2,Sunday
2025-07-13,Pune,Groceries,6.0,368.86,5.0,2102.5,7,Jul,3,Sunday
2024-11-24,Mumbai,Clothing,13.0,1171.78,25.0,11424.86,11,Nov,4,Sunday
2025-04-12,Pune,Electronics,8.0,4463.09,0.0,35704.72,4,Apr,2,Saturday
2025-08-07,Mumbai,Sports,6.0,2949.53,15.0,15042.6,8,Aug,3,Thursday
2024-07-06,Bangalore,Home & Kitchen,6.0,1942.79,0.0,11656.74,7,Jul,3,Saturday
2025-06-01,Chennai,Electronics,10.0,9572.01,10.0,86148.09,6,Jun,2,Sunday
2025-11-26,Pune,Home & Kitchen,11.0,2088.83,25.0,17232.85,11,Nov,4,Wednesday
2024-07-30,Mumbai,Home & Kitchen,8.0,2064.66,5.0,15691.42,7,Jul,3,Tuesday
2025-03-31,Mumbai,Home & Kitchen,7.0,1609.33,0.0,11265.31,3,Mar,1,Monday
2024-03-17,Pune,Sports,2.0,1736.22,0.0,3472.44,3,Mar,1,Sunday
2024-05-02,Delhi,Groceries,7.0,355.79,15.0,2116.95,5,May,2,Thursday
2025-07-31,Mumbai,Beauty,8.0,583.47,5.0,4434.37,7,Jul,3,Thursday
2024-12-10,Delhi,Clothing,2.0,1303.24,5.0,2476.16,12,Dec,4,Tuesday
2025-08-07,Mumbai,Home & Kitchen,7.0,1394.77,15.0,8298.88,8,Aug,3,Thursday
2024-07-17,Chennai,Beauty,8.0,485.29,5.0,3688.2,7,Jul,3,Wednesday
2025-04-09,Chennai,Electronics,7.0,7635.19,10.0,48101.7,4,Apr,2,Wednesday
2024-04-18,Pune,Electronics,5.0,10064.62,5.0,47806.94,4,Apr,2,Thursday
2024-12-15,Bangalore,Clothing,16.0,1185.26,15.0,16119.54,12,Dec,4,Sunday
2024-07-10,Mumbai,Sports,6.0,2517.17,5.0,14347.87,7,Jul,3,Wednesday
2025-10-07,Pune,Groceries,14.0,222.35,10.0,2801.61,10,Oct,4,Tuesday
2025-02-23,Mumbai,Clothing,6.0,1021.79,10.0,5517.67,2,Feb,1,Sunday
2025-12-28,Mumbai,Groceries,9.0,405.36,10.0,3283.42,12,Dec,4,Sunday
2024-09-02,Bangalore,Beauty,3.0,829.4,0.0,2488.2,9,Sep,3,Monday
2025-10-25,Delhi,Groceries,9.0,303.22,15.0,2319.63,10,Oct,4,Saturday
2025-10-21,Bangalore,Sports,7.0,1442.28,5.0,9591.16,10,Oct,4,Tuesday
2025-06-18,Delhi,Clothing,8.0,1212.67,10.0,8731.22,6,Jun,2,Wednesday
2025-04-21,Bangalore,Groceries,2.0,331.91,20.0,531.06,4,Apr,2,Monday
2025-10-27,Mumbai,Groceries,12.0,421.48,0.0,5057.76,10,Oct,4,Monday
2024-01-06,Pune,Home & Kitchen,6.0,1977.42,0.0,11864.52,1,Jan,1,Saturday
2025-10-23,Pune,Groceries,13.0,290.96,10.0,3404.23,10,Oct,4,Thursday
2024-08-20,Bangalore,Groceries,9.0,188.05,10.0,1523.21,8,Aug,3,Tuesday
2025-02-18,Pune,Clothing,6.0,934.41,25.0,4204.84,2,Feb,1,Tuesday
2024-06-20,Mumbai,Clothing,5.0,1227.29,5.0,5829.63,6,Jun,2,Thursday
2025-10-15,Pune,Home & Kitchen,10.0,1678.32,0.0,16783.2,10,Oct,4,Wednesday
2024-01-22,Chennai,Clothing,5.0,1332.72,0.0,6663.6,1,Jan,1,Monday
2024-01-07,Chennai,Groceries,2.0,352.62,0.0,705.24,1,Jan,1,Sunday
2024-01-11,Bangalore,Home & Kitchen,4.0,1922.95,20.0,6153.44,1,Jan,1,Thursday
2024-04-10,Mumbai,Home & Kitchen,8.0,2244.04,5.0,17054.7,4,Apr,2,Wednesday
2024-03-30,Mumbai,Clothing,6.0,637.06,0.0,3822.36,3,Mar,1,Saturday
2024-09-02,Delhi,Electronics,4.0,10321.21,20.0,33027.87,9,Sep,3,Monday
2025-02-12,Mumbai,Groceries,3.0,270.02,10.0,729.05,2,Feb,1,Wednesday
2024-10-03,Bangalore,Clothing,6.0,1353.69,10.0,7309.93,10,Oct,4,Thursday
2025-11-11,Bangalore,Clothing,10.0,990.62,10.0,8915.58,11,Nov,4,Tuesday
2024-09-29,Bangalore,Beauty,9.0,460.29,5.0,3935.48,9,Sep,3,Sunday
2024-04-27,Mumbai,Home & Kitchen,6.0,1857.28,20.0,8914.94,4,Apr,2,Saturday
2025-09-21,Delhi,Clothing,5.0,1289.04,0.0,6445.2,9,Sep,3,Sunday
2024-10-26,Mumbai,Electronics,13.0,6412.78,25.0,62524.6,10,Oct,4,Saturday
2025-03-06,Pune,Electronics,4.0,8559.73,5.0,32526.97,3,Mar,1,Thursday
2025-12-01,Mumbai,Sports,9.0,1957.12,0.0,17614.08,12,Dec,4,Monday
2024-11-30,Bangalore,Electronics,9.0,8134.21,5.0,69547.5,11,Nov,4,Saturday
2025-09-11,Pune,Clothing,7.0,1618.29,0.0,11328.03,9,Sep,3,Thursday
2024-11-01,Pune,Sports,10.0,1917.51,15.0,16298.84,11,Nov,4,Friday
2025-08-12,Pune,Electronics,8.0,11373.89,0.0,90991.12,8,Aug,3,Tuesday
2024-06-29,Chennai,Electronics,6.0,10197.57,0.0,61185.42,6,Jun,2,Saturday
2024-04-08,Delhi,Home & Kitchen,6.0,2060.13,0.0,12360.78,4,Apr,2,Monday
2025-09-28,Delhi,Beauty,7.0,774.53,0.0,5421.71,9,Sep,3,Sunday
2025-01-08,Bangalore,Electronics,7.0,9453.33,15.0,56247.31,1,Jan,1,Wednesday
2024-08-23,Bangalore,Electronics,8.0,9075.64,10.0,65344.61,8,Aug,3,Friday
2024-05-21,Pune,Beauty,8.0,545.98,10.0,3931.06,5,May,2,Tuesday
2025-10-29,Delhi,Groceries,8.0,274.33,10.0,1975.18,10,Oct,4,Wednesday
2025-07-03,Delhi,Beauty,5.0,684.02,10.0,3078.09,7,Jul,3,Thursday
2025-01-28,Delhi,Clothing,7.0,1546.71,5.0,10285.62,1,Jan,1,Tuesday
2025-08-22,Delhi,Sports,7.0,2721.14,10.0,17143.18,8,Aug,3,Friday
2024-08-06,Delhi,Home & Kitchen,4.0,1044.29,0.0,4177.16,8,Aug,3,Tuesday
2024-05-24,Chennai,Home & Kitchen,8.0,1642.46,25.0,9854.76,5,May,2,Friday
2025-11-06,Chennai,Clothing,17.0,1289.92,25.0,16446.48,11,Nov,4,Thursday
2024-05-17,Mumbai,Clothing,2.0,1014.08,15.0,1723.94,5,May,2,Friday
2024-04-13,Delhi,Groceries,7.0,329.98,10.0,2078.87,4,Apr,2,Saturday
2025-03-05,Delhi,Beauty,8.0,760.74,5.0,5781.62,3,Mar,1,Wednesday
2024-07-22,Mumbai,Sports,7.0,2737.29,15.0,16286.88,7,Jul,3,Monday
2024-06-19,Chennai,Electronics,3.0,8781.46,5.0,25027.16,6,Jun,2,Wednesday
2024-03-23,Mumbai,Clothing,10.0,1361.2,15.0,11570.2,3,Mar,1,Saturday
2025-12-09,Mumbai,Electronics,8.0,5376.81,10.0,38713.03,12,Dec,4,Tuesday
2024-12-20,Delhi,Sports,5.0,1369.75,0.0,6848.75,12,Dec,4,Friday
2024-05-08,Chennai,Electronics,9.0,7817.8,0.0,70360.2,5,May,2,Wednesday
2025-06-11,Delhi,Clothing,6.0,1540.74,0.0,9244.44,6,Jun,2,Wednesday
2025-11-30,Delhi,Electronics,5.0,8769.31,5.0,41654.22,11,Nov,4,Sunday
2024-10-01,Bangalore,Beauty,4.0,621.98,5.0,2363.52,10,Oct,4,Tuesday
2025-03-22,Delhi,Sports,7.0,2584.82,5.0,17189.05,3,Mar,1,Saturday
2024-11-18,Pune,Sports,8.0,2471.98,0.0,19775.84,11,Nov,4,Monday
2024-12-22,Bangalore,Home & Kitchen,6.0,2121.4,0.0,12728.4,12,Dec,4,Sunday
2024-03-24,Mumbai,Electronics,9.0,8001.97,0.0,72017.73,3,Mar,1,Sunday
2024-06-22,Mumbai,Groceries,6.0,312.9,15.0,1595.79,6,Jun,2,Saturday
2025-10-21,Pune,Clothing,8.0,1041.37,0.0,8330.96,10,Oct,4,Tuesday
2025-08-28,Mumbai,Groceries,2.0,403.8,0.0,807.6,8,Aug,3,Thursday
2024-12-31,Bangalore,Groceries,12.0,342.64,0.0,4111.68,12,Dec,4,Tuesday
2025-06-04,Delhi,Groceries,6.0,273.33,25.0,1229.99,6,Jun,2,Wednesday
2024-02-29,Bangalore,Groceries,5.0,474.58,0.0,2372.9,2,Feb,1,Thursday
2024-09-30,Delhi,Home & Kitchen,4.0,1647.62,0.0,6590.48,9,Sep,3,Monday
2024-05-27,Mumbai,Beauty,7.0,584.01,25.0,3066.05,5,May,2,Monday
2024-03-26,Delhi,Groceries,3.0,449.74,10.0,1214.3,3,Mar,1,Tuesday
2025-06-23,Delhi,Clothing,5.0,1349.03,20.0,5396.12,6,Jun,2,Monday
2024-03-31,Pune,Home & Kitchen,5.0,2922.96,10.0,13153.32,3,Mar,1,Sunday
2024-07-13,Bangalore,Beauty,3.0,788.17,0.0,2364.51,7,Jul,3,Saturday
2025-10-05,Bangalore,Sports,8.0,1584.16,0.0,12673.28,10,Oct,4,Sunday
2025-10-26,Bangalore,Groceries,14.0,487.4,20.0,5458.88,10,Oct,4,Sunday
2024-10-02,Delhi,Electronics,8.0,11036.11,25.0,66216.66,10,Oct,4,Wednesday
2025-09-24,Delhi,Home & Kitchen,8.0,2111.85,5.0,16050.06,9,Sep,3,Wednesday
2025-11-03,Pune,Groceries,10.0,332.53,0.0,3325.3,11,Nov,4,Monday
2025-02-11,Delhi,Beauty,3.0,731.74,15.0,1865.94,2,Feb,1,Tuesday
2024-07-31,Chennai,Electronics,11.0,8434.04,15.0,78858.27,7,Jul,3,Wednesday
2025-01-31,Chennai,Groceries,8.0,408.29,15.0,2776.37,1,Jan,1,Friday
2024-01-10,Delhi,Home & Kitchen,8.0,1500.3,15.0,10202.04,1,Jan,1,Wednesday
2025-11-22,Chennai,Electronics,10.0,9495.12,25.0,71213.4,11,Nov,4,Saturday
2025-01-02,Chennai,Beauty,7.0,438.25,5.0,2914.36,1,Jan,1,Thursday
2025-06-11,Chennai,Groceries,2.0,518.25,0.0,1036.5,6,Jun,2,Wednesday
2025-01-25,Pune,Electronics,9.0,6149.51,5.0,52578.31,1,Jan,1,Saturday
2024-06-08,Delhi,Home & Kitchen,5.0,2081.86,10.0,9368.37,6,Jun,2,Saturday
2025-11-05,Mumbai,Clothing,8.0,1461.31,20.0,9352.38,11,Nov,4,Wednesday
2024-10-16,Pune,Electronics,14.0,7536.9,5.0,100240.77,10,Oct,4,Wednesday
2025-02-05,Bangalore,Sports,5.0,1870.56,5.0,8885.16,2,Feb,1,Wednesday
2025-07-24,Pune,Home & Kitchen,9.0,2198.48,0.0,19786.32,7,Jul,3,Thursday
2024-10-06,Bangalore,Clothing,8.0,1181.86,5.0,8982.14,10,Oct,4,Sunday
2024-12-02,Bangalore,Electronics,9.0,7401.86,10.0,59955.07,12,Dec,4,Monday
2024-05-13,Bangalore,Sports,4.0,1754.44,5.0,6666.87,5,May,2,Monday
2025-07-12,Pune,Groceries,2.0,234.69,20.0,375.5,7,Jul,3,Saturday
2024-10-30,Delhi,Groceries,11.0,312.3,10.0,3091.77,10,Oct,4,Wednesday
2024-10-11,Mumbai,Beauty,7.0,814.8,15.0,4848.06,10,Oct,4,Friday
2025-01-10,Pune,Home & Kitchen,4.0,1445.69,15.0,4915.35,1,Jan,1,Friday
2024-04-27,Bangalore,Electronics,7.0,10992.13,10.0,69250.42,4,Apr,2,Saturday
2024-06-03,Pune,Beauty,5.0,616.72,20.0,2466.88,6,Jun,2,Monday
2025-11-15,Pune,Clothing,11.0,996.91,0.0,10966.01,11,Nov,4,Saturday
2025-11-30,Delhi,Clothing,3.0,1421.89,10.0,3839.1,11,Nov,4,Sunday
2024-08-23,Mumbai,Home & Kitchen,2.0,1802.31,25.0,2703.46,8,Aug,3,Friday
2024-11-04,Chennai,Home & Kitchen,13.0,1834.43,15.0,20270.45,11,Nov,4,Monday
2025-10-05,Delhi,Beauty,8.0,492.62,0.0,3940.96,10,Oct,4,Sunday
2024-10-26,Delhi,Clothing,8.0,1341.07,0.0,10728.56,10,Oct,4,Saturday
2024-03-31,Delhi,Electronics,10.0,7746.51,15.0,65845.34,3,Mar,1,Sunday
2024-01-08,Delhi,Sports,6.0,2973.73,0.0,17842.38,1,Jan,1,Monday
2024-07-12,Delhi,Clothing,5.0,902.23,0.0,4511.15,7,Jul,3,Friday
2024-03-04,Mumbai,Beauty,9.0,654.09,10.0,5298.13,3,Mar,1,Monday
2025-08-26,Chennai,Sports,7.0,2123.18,0.0,14862.26,8,Aug,3,Tuesday
2025-09-01,Chennai,Beauty,4.0,605.16,0.0,2420.64,9,Sep,3,Monday
2024-05-24,Delhi,Clothing,5.0,792.22,15.0,3366.94,5,May,2,Friday
2025-09-15,Chennai,Electronics,6.0,9689.94,10.0,52325.68,9,Sep,3,Monday
2025-08-15,Delhi,Beauty,3.0,656.46,0.0,1969.38,8,Aug,3,Friday
2024-11-16,Delhi,Clothing,6.0,1196.65,10.0,6461.91,11,Nov,4,Saturday
2025-09-20,Mumbai,Clothing,11.0,1452.15,0.0,15973.65,9,Sep,3,Saturday
2025-07-13,Pune,Clothing,6.0,1254.87,0.0,7529.22,7,Jul,3,Sunday
2025-12-23,Bangalore,Electronics,5.0,7640.25,10.0,34381.12,12,Dec,4,Tuesday
2025-12-02,Bangalore,Home & Kitchen,13.0,1795.11,5.0,22169.61,12,Dec,4,Tuesday
2025-01-14,Mumbai,Groceries,4.0,481.86,25.0,1445.58,1,Jan,1,Tuesday
2025-09-10,Pune,Sports,5.0,3005.59,10.0,13525.16,9,Sep,3,Wednesday
2025-10-07,Chennai,Groceries,7.0,386.58,10.0,2435.45,10,Oct,4,Tuesday
2024-08-27,Bangalore,Electronics,11.0,10909.89,5.0,114008.35,8,Aug,3,Tuesday
2025-04-01,Bangalore,Sports,5.0,2619.66,5.0,12443.38,4,Apr,2,Tuesday
2024-12-22,Bangalore,Groceries,5.0,343.65,15.0,1460.51,12,Dec,4,Sunday
2025-01-22,Pune,Clothing,6.0,1257.74,0.0,7546.44,1,Jan,1,Wednesday
2025-05-18,Bangalore,Clothing,4.0,1280.46,10.0,4609.66,5,May,2,Sunday
2024-01-27,Mumbai,Electronics,7.0,9837.23,5.0,65417.58,1,Jan,1,Saturday
2025-06-06,Delhi,Clothing,9.0,891.48,5.0,7622.15,6,Jun,2,Friday
2025-12-21,Mumbai,Electronics,6.0,7788.56,20.0,37385.09,12,Dec,4,Sunday
2024-12-20,Bangalore,Electronics,8.0,8552.81,5.0,65001.36,12,Dec,4,Friday
2024-09-12,Delhi,Clothing,5.0,1039.82,25.0,3899.32,9,Sep,3,Thursday
2025-03-04,Delhi,Clothing,9.0,955.67,10.0,7740.93,3,Mar,1,Tuesday
2024-06-03,Delhi,Electronics,8.0,11567.74,5.0,87914.82,6,Jun,2,Monday
2024-07-29,Mumbai,Beauty,6.0,597.23,25.0,2687.54,7,Jul,3,Monday
2025-03-25,Pune,Home & Kitchen,9.0,1852.8,10.0,15007.68,3,Mar,1,Tuesday
2024-06-08,Pune,Groceries,8.0,236.28,0.0,1890.24,6,Jun,2,Saturday
2024-05-21,Chennai,Clothing,6.0,706.74,0.0,4240.44,5,May,2,Tuesday
2024-01-17,Mumbai,Sports,8.0,2482.24,25.0,14893.44,1,Jan,1,Wednesday
2024-12-21,Bangalore,Clothing,5.0,933.84,5.0,4435.74,12,Dec,4,Saturday
2024-05-12,Bangalore,Home & Kitchen,5.0,1824.02,15.0,7752.08,5,May,2,Sunday
2025-03-24,Mumbai,Groceries,11.0,260.61,20.0,2293.37,3,Mar,1,Monday
2024-11-03,Chennai,Electronics,12.0,7112.27,5.0,81079.88,11,Nov,4,Sunday
2024-10-23,Mumbai,Groceries,7.0,379.8,0.0,2658.6,10,Oct,4,Wednesday
2024-02-23,Pune,Groceries,3.0,527.34,5.0,1502.92,2,Feb,1,Friday
2025-10-02,Bangalore,Groceries,5.0,468.05,15.0,1989.21,10,Oct,4,Thursday
2025-09-03,Pune,Beauty,2.0,508.16,10.0,914.69,9,Sep,3,Wednesday
2024-09-24,Mumbai,Home & Kitchen,8.0,2118.9,5.0,16103.64,9,Sep,3,Tuesday
2025-09-22,Chennai,Clothing,8.0,1022.46,20.0,6543.74,9,Sep,3,Monday
2024-02-12,Mumbai,Beauty,12.0,739.41,0.0,8872.92,2,Feb,1,Monday
2024-01-07,Chennai,Home & Kitchen,3.0,2308.64,5.0,6579.62,1,Jan,1,Sunday
2025-04-16,Pune,Sports,1.0,2693.79,5.0,2559.1,4,Apr,2,Wednesday
2025-07-17,Bangalore,Home & Kitchen,8.0,1497.81,0.0,11982.48,7,Jul,3,Thursday
2024-05-29,Bangalore,Electronics,7.0,9726.96,20.0,54470.98,5,May,2,Wednesday
2025-09-28,Mumbai,Clothing,3.0,959.6,0.0,2878.8,9,Sep,3,Sunday
2024-05-13,Pune,Clothing,8.0,1412.67,0.0,11301.36,5,May,2,Monday
2024-05-28,Mumbai,Clothing,12.0,1228.23,0.0,14738.76,5,May,2,Tuesday
2024-05-21,Chennai,Sports,11.0,1882.45,15.0,17600.91,5,May,2,Tuesday
2025-10-12,Bangalore,Groceries,3.0,318.82,5.0,908.64,10,Oct,4,Sunday
2024-01-06,Pune,Electronics,6.0,8004.93,5.0,45628.1,1,Jan,1,Saturday
2025-06-10,Chennai,Groceries,7.0,396.14,0.0,2772.98,6,Jun,2,Tuesday
2024-04-18,Mumbai,Electronics,9.0,9256.99,15.0,70815.97,4,Apr,2,Thursday
2024-08-08,Mumbai,Clothing,8.0,1071.31,10.0,7713.43,8,Aug,3,Thursday
2025-08-20,Bangalore,Clothing,4.0,1259.13,5.0,4784.69,8,Aug,3,Wednesday
2024-02-15,Mumbai,Clothing,5.0,1077.63,5.0,5118.74,2,Feb,1,Thursday
2024-07-16,Chennai,Beauty,7.0,597.08,20.0,3343.65,7,Jul,3,Tuesday
2025-12-09,Pune,Groceries,4.0,218.81,5.0,831.48,12,Dec,4,Tuesday
2025-12-07,Pune,Electronics,8.0,9156.25,20.0,58600.0,12,Dec,4,Sunday
2025-09-21,Bangalore,Electronics,4.0,10720.44,0.0,42881.76,9,Sep,3,Sunday
2025-09-16,Pune,Clothing,8.0,1341.12,0.0,10728.96,9,Sep,3,Tuesday
2024-08-08,Pune,Groceries,5.0,307.17,0.0,1535.85,8,Aug,3,Thursday
2024-09-03,Pune,Electronics,7.0,9419.93,5.0,62642.53,9,Sep,3,Tuesday
2024-06-16,Pune,Electronics,4.0,6325.61,5.0,24037.32,6,Jun,2,Sunday
2025-03-13,Chennai,Electronics,7.0,8537.4,0.0,59761.8,3,Mar,1,Thursday
2024-01-10,Delhi,Clothing,5.0,1221.79,5.0,5803.5,1,Jan,1,Wednesday
2024-08-25,Chennai,Sports,7.0,2404.09,15.0,14304.34,8,Aug,3,Sunday
2025-12-09,Mumbai,Groceries,7.0,358.97,10.0,2261.51,12,Dec,4,Tuesday
2024-07-05,Delhi,Sports,5.0,1900.59,0.0,9502.95,7,Jul,3,Friday
2025-09-28,Pune,Electronics,6.0,11683.18,10.0,63089.17,9,Sep,3,Sunday
2024-11-12,Pune,Groceries,10.0,205.46,0.0,2054.6,11,Nov,4,Tuesday
2024-11-12,Pune,Groceries,5.0,285.46,15.0,1213.2,11,Nov,4,Tuesday
2024-11-26,Pune,Beauty,6.0,587.37,15.0,2995.59,11,Nov,4,Tuesday
2025-04-08,Mumbai,Clothing,5.0,1193.45,5.0,5668.89,4,Apr,2,Tuesday
2024-04-15,Delhi,Groceries,7.0,406.98,20.0,2279.09,4,Apr,2,Monday
2024-10-02,Bangalore,Home & Kitchen,9.0,2038.46,10.0,16511.53,10,Oct,4,Wednesday
2025-04-21,Delhi,Groceries,4.0,329.63,5.0,1252.59,4,Apr,2,Monday
2025-04-05,Chennai,Home & Kitchen,8.0,1680.39,10.0,12098.81,4,Apr,2,Saturday
2025-10-14,Chennai,Home & Kitchen,7.0,1804.48,10.0,11368.22,10,Oct,4,Tuesday
2025-03-01,Chennai,Clothing,13.0,1237.03,5.0,15277.32,3,Mar,1,Saturday
2024-07-14,Delhi,Beauty,5.0,881.89,5.0,4188.98,7,Jul,3,Sunday
2024-10-29,Bangalore,Groceries,6.0,483.02,20.0,2318.5,10,Oct,4,Tuesday
2024-05-30,Mumbai,Beauty,9.0,671.22,0.0,6040.98,5,May,2,Thursday
2025-09-29,Mumbai,Groceries,2.0,315.88,5.0,600.17,9,Sep,3,Monday
2024-05-07,Mumbai,Groceries,5.0,501.3,10.0,2255.85,5,May,2,Tuesday
2024-09-17,Mumbai,Groceries,2.0,409.94,5.0,778.89,9,Sep,3,Tuesday
2024-05-10,Mumbai,Clothing,5.0,1180.69,10.0,5313.1,5,May,2,Friday
2024-08-19,Pune,Groceries,3.0,415.21,10.0,1121.07,8,Aug,3,Monday
2025-12-04,Pune,Clothing,10.0,1278.54,5.0,12146.13,12,Dec,4,Thursday
2025-09-17,Bangalore,Clothing,5.0,1553.44,15.0,6602.12,9,Sep,3,Wednesday
2024-05-22,Delhi,Electronics,6.0,5989.04,0.0,35934.24,5,May,2,Wednesday
2025-10-13,Bangalore,Clothing,10.0,1402.29,15.0,11919.46,10,Oct,4,Monday
2025-08-10,Chennai,Clothing,4.0,1052.39,15.0,3578.13,8,Aug,3,Sunday
2024-12-07,Pune,Electronics,5.0,7875.02,15.0,33468.84,12,Dec,4,Saturday
2024-08-06,Mumbai,Clothing,3.0,1008.58,0.0,3025.74,8,Aug,3,Tuesday
2024-05-10,Bangalore,Groceries,7.0,493.24,10.0,3107.41,5,May,2,Friday
2025-04-13,Delhi,Beauty,6.0,575.24,5.0,3278.87,4,Apr,2,Sunday
2025-01-09,Delhi,Home & Kitchen,18.0,1926.83,15.0,29480.5,1,Jan,1,Thursday
2024-01-03,Mumbai,Clothing,5.0,1102.07,10.0,4959.31,1,Jan,1,Wednesday
2024-03-15,Delhi,Home & Kitchen,11.0,1621.07,0.0,17831.77,3,Mar,1,Friday
2024-01-01,Pune,Groceries,3.0,363.94,0.0,1091.82,1,Jan,1,Monday
2024-10-13,Mumbai,Clothing,13.0,1538.08,10.0,17995.54,10,Oct,4,Sunday
2025-03-21,Chennai,Electronics,8.0,11886.91,10.0,85585.75,3,Mar,1,Friday
2024-04-15,Mumbai,Electronics,9.0,8633.39,10.0,69930.46,4,Apr,2,Monday
2025-12-23,Chennai,Sports,7.0,3024.87,20.0,16939.27,12,Dec,4,Tuesday
2025-07-30,Delhi,Home & Kitchen,2.0,1818.4,0.0,3636.8,7,Jul,3,Wednesday
2025-09-11,Delhi,Home & Kitchen,6.0,1756.61,0.0,10539.66,9,Sep,3,Thursday
2025-03-04,Bangalore,Groceries,11.0,322.01,5.0,3365.0,3,Mar,1,Tuesday
2025-08-23,Bangalore,Sports,3.0,2381.73,5.0,6787.93,8,Aug,3,Saturday
2024-09-22,Pune,Clothing,4.0,1236.36,5.0,4698.17,9,Sep,3,Sunday
2025-11-26,Chennai,Home & Kitchen,9.0,1769.17,0.0,15922.53,11,Nov,4,Wednesday
2025-09-17,Bangalore,Electronics,5.0,9432.9,0.0,47164.5,9,Sep,3,Wednesday
2024-08-31,Delhi,Electronics,7.0,7782.7,0.0,54478.9,8,Aug,3,Saturday
2024-02-03,Mumbai,Home & Kitchen,5.0,2094.9,20.0,8379.6,2,Feb,1,Saturday
2025-10-29,Delhi,Groceries,12.0,304.93,0.0,3659.16,10,Oct,4,Wednesday
2024-01-14,Delhi,Home & Kitchen,6.0,1502.9,5.0,8566.53,1,Jan,1,Sunday
2024-09-05,Mumbai,Electronics,6.0,7595.9,10.0,41017.86,9,Sep,3,Thursday
2025-09-05,Mumbai,Clothing,7.0,1285.97,5.0,8551.7,9,Sep,3,Friday
2025-03-23,Mumbai,Groceries,8.0,421.73,5.0,3205.15,3,Mar,1,Sunday
2024-08-01,Pune,Clothing,8.0,709.11,10.0,5105.59,8,Aug,3,Thursday
2025-07-22,Delhi,Home & Kitchen,8.0,2048.7,10.0,14750.64,7,Jul,3,Tuesday
2024-11-11,Mumbai,Clothing,8.0,905.9,15.0,6160.12,11,Nov,4,Monday
2025-09-08,Bangalore,Electronics,9.0,8534.48,10.0,69129.29,9,Sep,3,Monday
2024-11-04,Bangalore,Groceries,9.0,409.67,15.0,3133.98,11,Nov,4,Monday
2024-09-09,Mumbai,Home & Kitchen,8.0,2038.73,25.0,12232.38,9,Sep,3,Monday
2025-01-08,Delhi,Sports,4.0,2330.2,0.0,9320.8,1,Jan,1,Wednesday
2024-02-22,Delhi,Sports,5.0,2216.68,10.0,9975.06,2,Feb,1,Thursday
2024-12-19,Mumbai,Clothing,9.0,1109.16,5.0,9483.32,12,Dec,4,Thursday
2024-03-14,Mumbai,Electronics,11.0,7575.47,25.0,62497.63,3,Mar,1,Thursday
2024-01-10,Bangalore,Home & Kitchen,8.0,2284.35,0.0,18274.8,1,Jan,1,Wednesday
2024-10-09,Delhi,Clothing,12.0,982.35,20.0,9430.56,10,Oct,4,Wednesday
2025-09-20,Delhi,Groceries,4.0,291.52,20.0,932.86,9,Sep,3,Saturday
2025-11-05,Delhi,Electronics,9.0,8421.66,10.0,68215.45,11,Nov,4,Wednesday
2025-07-18,Mumbai,Groceries,6.0,473.67,5.0,2699.92,7,Jul,3,Friday
2024-02-03,Delhi,Electronics,7.0,5180.34,5.0,34449.26,2,Feb,1,Saturday
2025-03-08,Delhi,Home & Kitchen,8.0,2061.55,0.0,16492.4,3,Mar,1,Saturday
2024-07-07,Delhi,Sports,8.0,2304.64,5.0,17515.26,7,Jul,3,Sunday
2025-01-30,Chennai,Clothing,10.0,1101.35,0.0,11013.5,1,Jan,1,Thursday
2025-04-03,Bangalore,Groceries,6.0,434.81,5.0,2478.42,4,Apr,2,Thursday
2024-10-22,Mumbai,Electronics,4.0,12049.95,10.0,43379.82,10,Oct,4,Tuesday
2025-10-13,Chennai,Groceries,10.0,405.0,10.0,3645.0,10,Oct,4,Monday
2024-07-23,Mumbai,Beauty,7.0,592.75,0.0,4149.25,7,Jul,3,Tuesday
2025-01-29,Pune,Groceries,3.0,404.1,25.0,909.23,1,Jan,1,Wednesday
2024-10-10,Mumbai,Sports,7.0,1977.68,10.0,12459.38,10,Oct,4,Thursday
2025-09-05,Mumbai,Groceries,12.0,400.99,0.0,4811.88,9,Sep,3,Friday
2025-06-17,Mumbai,Home & Kitchen,8.0,1881.07,5.0,14296.13,6,Jun,2,Tuesday
2024-09-04,Delhi,Groceries,8.0,382.97,5.0,2910.57,9,Sep,3,Wednesday
2024-09-16,Mumbai,Clothing,5.0,1003.91,5.0,4768.57,9,Sep,3,Monday
2025-04-29,Pune,Electronics,11.0,8822.67,10.0,87344.43,4,Apr,2,Tuesday
2025-05-12,Delhi,Groceries,13.0,291.48,10.0,3410.32,5,May,2,Monday
2024-09-05,Bangalore,Clothing,7.0,1126.0,5.0,7487.9,9,Sep,3,Thursday
2025-10-01,Delhi,Electronics,12.0,8313.44,0.0,99761.28,10,Oct,4,Wednesday
2024-06-22,Delhi,Electronics,5.0,7348.85,0.0,36744.25,6,Jun,2,Saturday
2025-03-11,Delhi,Sports,10.0,1716.24,20.0,13729.92,3,Mar,1,Tuesday
2025-05-04,Mumbai,Electronics,8.0,7909.05,0.0,63272.4,5,May,2,Sunday
2025-12-15,Mumbai,Electronics,6.0,6794.31,15.0,34650.98,12,Dec,4,Monday
2024-11-04,Delhi,Clothing,7.0,1136.5,10.0,7159.95,11,Nov,4,Monday
2024-04-09,Chennai,Groceries,5.0,287.69,25.0,1078.84,4,Apr,2,Tuesday
2024-07-06,Mumbai,Sports,6.0,2103.83,10.0,11360.68,7,Jul,3,Saturday
2024-05-26,Delhi,Home & Kitchen,2.0,1711.47,25.0,2567.2,5,May,2,Sunday
2025-08-28,Mumbai,Electronics,6.0,8926.49,5.0,50880.99,8,Aug,3,Thursday
2025-01-20,Mumbai,Clothing,8.0,1139.1,15.0,7745.88,1,Jan,1,Monday
2025-11-16,Mumbai,Groceries,11.0,406.1,0.0,4467.1,11,Nov,4,Sunday
2024-08-10,Chennai,Clothing,6.0,1108.89,25.0,4990.0,8,Aug,3,Saturday
2024-02-15,Chennai,Beauty,7.0,612.57,5.0,4073.59,2,Feb,1,Thursday
2024-06-04,Bangalore,Electronics,7.0,8063.88,10.0,50802.44,6,Jun,2,Tuesday
2025-09-24,Pune,Groceries,8.0,350.26,0.0,2802.08,9,Sep,3,Wednesday
2025-02-08,Mumbai,Clothing,5.0,1144.52,0.0,5722.6,2,Feb,1,Saturday
2025-11-29,Pune,Electronics,5.0,5272.2,5.0,25042.95,11,Nov,4,Saturday
2025-07-19,Mumbai,Electronics,10.0,6150.83,0.0,61508.3,7,Jul,3,Saturday
2024-09-13,Mumbai,Electronics,5.0,10743.63,0.0,53718.15,9,Sep,3,Friday
2024-12-03,Mumbai,Sports,8.0,3123.5,0.0,24988.0,12,Dec,4,Tuesday
2024-10-23,Pune,Groceries,6.0,332.91,15.0,1697.84,10,Oct,4,Wednesday
2024-02-24,Chennai,Sports,8.0,2216.86,0.0,17734.88,2,Feb,1,Saturday
2024-07-11,Delhi,Electronics,10.0,7983.35,15.0,67858.47,7,Jul,3,Thursday
2024-05-29,Chennai,Clothing,6.0,1238.27,0.0,7429.62,5,May,2,Wednesday
2025-12-26,Delhi,Groceries,6.0,371.49,10.0,2006.05,12,Dec,4,Friday
2024-02-23,Mumbai,Groceries,9.0,317.83,5.0,2717.45,2,Feb,1,Friday
2024-12-19,Mumbai,Electronics,6.0,4287.93,20.0,20582.06,12,Dec,4,Thursday
2025-09-20,Chennai,Groceries,4.0,369.97,5.0,1405.89,9,Sep,3,Saturday
2025-06-24,Pune,Groceries,1.0,324.66,0.0,324.66,6,Jun,2,Tuesday
2025-02-21,Delhi,Electronics,8.0,12976.02,15.0,88236.94,2,Feb,1,Friday
2024-04-13,Pune,Clothing,9.0,1010.81,5.0,8642.43,4,Apr,2,Saturday
2025-07-31,Pune,Groceries,5.0,359.51,15.0,1527.92,7,Jul,3,Thursday
2025-11-02,Mumbai,Groceries,6.0,364.3,0.0,2185.8,11,Nov,4,Sunday
2024-03-21,Pune,Home & Kitchen,8.0,1868.45,5.0,14200.22,3,Mar,1,Thursday
2024-01-23,Mumbai,Clothing,9.0,1075.48,0.0,9679.32,1,Jan,1,Tuesday
2025-08-10,Mumbai,Electronics,3.0,7524.65,5.0,21445.25,8,Aug,3,Sunday
2025-04-05,Chennai,Groceries,10.0,366.74,0.0,3667.4,4,Apr,2,Saturday
2024-02-19,Delhi,Electronics,3.0,9804.14,0.0,29412.42,2,Feb,1,Monday
2024-06-09,Pune,Home & Kitchen,5.0,1626.35,0.0,8131.75,6,Jun,2,Sunday
2024-04-28,Mumbai,Home & Kitchen,7.0,1924.44,5.0,12797.53,4,Apr,2,Sunday
2024-03-22,Delhi,Electronics,5.0,12062.05,15.0,51263.71,3,Mar,1,Friday
2025-05-03,Bangalore,Electronics,5.0,8428.6,10.0,37928.7,5,May,2,Saturday
2025-05-18,Pune,Clothing,6.0,1304.84,0.0,7829.04,5,May,2,Sunday
2024-07-07,Mumbai,Groceries,4.0,424.42,10.0,1527.91,7,Jul,3,Sunday
2024-05-10,Mumbai,Home & Kitchen,3.0,1606.01,0.0,4818.03,5,May,2,Friday
2025-06-25,Chennai,Electronics,8.0,9470.5,10.0,68187.6,6,Jun,2,Wednesday
2024-01-21,Mumbai,Beauty,4.0,856.77,0.0,3427.08,1,Jan,1,Sunday
2024-11-08,Pune,Groceries,13.0,344.87,0.0,4483.31,11,Nov,4,Friday
2025-04-13,Mumbai,Home & Kitchen,8.0,1541.06,0.0,12328.48,4,Apr,2,Sunday
2024-02-18,Bangalore,Electronics,10.0,7681.18,0.0,76811.8,2,Feb,1,Sunday
2025-06-01,Bangalore,Groceries,7.0,356.27,5.0,2369.2,6,Jun,2,Sunday
2024-02-08,Bangalore,Clothing,4.0,1431.74,5.0,5440.61,2,Feb,1,Thursday
2025-07-11,Pune,Clothing,7.0,1350.84,5.0,8983.09,7,Jul,3,Friday
2025-09-12,Bangalore,Groceries,11.0,256.83,0.0,2825.13,9,Sep,3,Friday
2024-11-27,Mumbai,Electronics,6.0,12024.13,0.0,72144.78,11,Nov,4,Wednesday
2024-11-10,Chennai,Groceries,10.0,360.8,0.0,3608.0,11,Nov,4,Sunday
2024-06-17,Chennai,Home & Kitchen,9.0,1305.1,0.0,11745.9,6,Jun,2,Monday
2025-02-11,Delhi,Beauty,11.0,988.77,0.0,10876.47,2,Feb,1,Tuesday
2024-04-17,Chennai,Electronics,7.0,7076.07,15.0,42102.62,4,Apr,2,Wednesday
2024-01-14,Chennai,Beauty,2.0,744.38,0.0,1488.76,1,Jan,1,Sunday
2025-11-05,Bangalore,Beauty,8.0,646.15,15.0,4393.82,11,Nov,4,Wednesday
2025-01-19,Bangalore,Sports,3.0,1696.12,15.0,4325.11,1,Jan,1,Sunday
2024-01-09,Pune,Electronics,9.0,8747.17,0.0,78724.53,1,Jan,1,Tuesday
2024-11-26,Mumbai,Clothing,10.0,1227.03,0.0,12270.3,11,Nov,4,Tuesday
2025-11-01,Mumbai,Clothing,7.0,1115.79,0.0,7810.53,11,Nov,4,Saturday
2024-10-19,Pune,Groceries,8.0,374.24,15.0,2544.83,10,Oct,4,Saturday
2024-10-19,Bangalore,Clothing,11.0,1396.07,25.0,11517.58,10,Oct,4,Saturday
2024-05-10,Delhi,Home & Kitchen,2.0,1316.36,0.0,2632.72,5,May,2,Friday
2025-05-09,Mumbai,Clothing,4.0,1367.15,10.0,4921.74,5,May,2,Friday
2024-03-02,Pune,Clothing,8.0,950.55,10.0,6843.96,3,Mar,1,Saturday
2025-03-16,Bangalore,Home & Kitchen,6.0,1639.13,20.0,7867.82,3,Mar,1,Sunday
2025-06-12,Pune,Home & Kitchen,8.0,1813.73,0.0,14509.84,6,Jun,2,Thursday
2025-02-05,Mumbai,Beauty,6.0,484.42,0.0,2906.52,2,Feb,1,Wednesday
2024-04-27,Mumbai,Clothing,5.0,1458.32,10.0,6562.44,4,Apr,2,Saturday
2024-10-17,Mumbai,Electronics,4.0,8871.06,10.0,31935.82,10,Oct,4,Thursday
2024-07-30,Bangalore,Beauty,1.0,689.33,15.0,585.93,7,Jul,3,Tuesday
2025-03-14,Delhi,Electronics,11.0,9182.61,25.0,75756.53,3,Mar,1,Friday
2024-09-04,Delhi,Clothing,5.0,1544.83,0.0,7724.15,9,Sep,3,Wednesday
2024-04-12,Mumbai,Groceries,8.0,346.89,5.0,2636.36,4,Apr,2,Friday
2024-02-06,Bangalore,Electronics,4.0,8528.06,15.0,28995.4,2,Feb,1,Tuesday
2024-09-06,Bangalore,Electronics,9.0,7947.82,15.0,60800.82,9,Sep,3,Friday
2024-03-08,Delhi,Clothing,8.0,1241.42,10.0,8938.22,3,Mar,1,Friday
2024-07-23,Chennai,Groceries,7.0,380.42,0.0,2662.94,7,Jul,3,Tuesday
2025-12-20,Delhi,Beauty,8.0,634.26,5.0,4820.38,12,Dec,4,Saturday
2025-10-17,Chennai,Groceries,6.0,409.29,0.0,2455.74,10,Oct,4,Friday
2024-02-05,Pune,Electronics,2.0,10340.67,5.0,19647.27,2,Feb,1,Monday
2024-08-03,Pune,Clothing,6.0,1364.78,0.0,8188.68,8,Aug,3,Saturday
2024-06-01,Mumbai,Electronics,6.0,6220.88,0.0,37325.28,6,Jun,2,Saturday
2025-08-29,Mumbai,Groceries,7.0,266.72,5.0,1773.69,8,Aug,3,Friday
2025-05-26,Bangalore,Electronics,3.0,7727.8,25.0,17387.55,5,May,2,Monday
2024-08-21,Delhi,Electronics,4.0,7077.74,20.0,22648.77,8,Aug,3,Wednesday
2024-09-08,Mumbai,Beauty,5.0,783.92,10.0,3527.64,9,Sep,3,Sunday
2024-09-26,Mumbai,Electronics,9.0,6368.72,25.0,42988.86,9,Sep,3,Thursday
2024-04-20,Mumbai,Electronics,7.0,9939.78,25.0,52183.84,4,Apr,2,Saturday
2024-07-25,Chennai,Electronics,6.0,6502.84,15.0,33164.48,7,Jul,3,Thursday
2024-03-27,Delhi,Groceries,3.0,272.71,5.0,777.22,3,Mar,1,Wednesday
2024-06-05,Mumbai,Sports,8.0,1790.56,10.0,12892.03,6,Jun,2,Wednesday
2025-05-01,Mumbai,Electronics,7.0,7778.33,15.0,46281.06,5,May,2,Thursday
2025-09-25,Delhi,Beauty,10.0,923.59,20.0,7388.72,9,Sep,3,Thursday
2024-06-29,Pune,Electronics,2.0,10060.46,0.0,20120.92,6,Jun,2,Saturday
2024-11-19,Chennai,Clothing,13.0,1326.89,10.0,15524.61,11,Nov,4,Tuesday
2024-05-27,Bangalore,Sports,6.0,2457.95,0.0,14747.7,5,May,2,Monday
2025-09-18,Mumbai,Groceries,5.0,480.58,0.0,2402.9,9,Sep,3,Thursday
2025-03-31,Mumbai,Home & Kitchen,9.0,2053.83,15.0,15711.8,3,Mar,1,Monday
2025-05-21,Bangalore,Clothing,8.0,1192.87,0.0,9542.96,5,May,2,Wednesday
2024-01-01,Mumbai,Electronics,6.0,7847.61,15.0,40022.81,1,Jan,1,Monday
2024-09-09,Mumbai,Electronics,11.0,9436.61,0.0,103802.71,9,Sep,3,Monday
2024-12-04,Mumbai,Beauty,10.0,671.34,0.0,6713.4,12,Dec,4,Wednesday
2025-08-30,Chennai,Groceries,8.0,448.46,0.0,3587.68,8,Aug,3,Saturday
2025-05-07,Pune,Clothing,3.0,1112.35,10.0,3003.34,5,May,2,Wednesday
2025-09-11,Delhi,Beauty,5.0,551.19,10.0,2480.36,9,Sep,3,Thursday
2025-05-15,Pune,Groceries,8.0,219.93,0.0,1759.44,5,May,2,Thursday
2025-11-30,Delhi,Groceries,9.0,345.97,15.0,2646.67,11,Nov,4,Sunday
2024-12-28,Chennai,Home & Kitchen,18.0,2319.47,0.0,41750.46,12,Dec,4,Saturday
2024-09-16,Mumbai,Electronics,3.0,9335.11,0.0,28005.33,9,Sep,3,Monday
2024-08-24,Delhi,Groceries,5.0,244.95,0.0,1224.75,8,Aug,3,Saturday
2024-10-06,Pune,Groceries,8.0,316.13,15.0,2149.68,10,Oct,4,Sunday
2025-02-19,Delhi,Clothing,5.0,1162.29,15.0,4939.73,2,Feb,1,Wednesday
2025-03-08,Pune,Clothing,7.0,1075.24,5.0,7150.35,3,Mar,1,Saturday
2024-11-22,Mumbai,Beauty,9.0,406.48,5.0,3475.4,11,Nov,4,Friday
2024-01-28,Mumbai,Groceries,10.0,369.71,15.0,3142.54,1,Jan,1,Sunday
2025-07-16,Pune,Home & Kitchen,6.0,2024.96,25.0,9112.32,7,Jul,3,Wednesday
2024-03-27,Mumbai,Electronics,9.0,4637.97,0.0,41741.73,3,Mar,1,Wednesday
2025-07-24,Pune,Groceries,7.0,340.07,10.0,2142.44,7,Jul,3,Thursday
2025-12-11,Bangalore,Beauty,8.0,611.12,5.0,4644.51,12,Dec,4,Thursday
2024-08-18,Mumbai,Clothing,5.0,1116.81,0.0,5584.05,8,Aug,3,Sunday
2024-09-27,Delhi,Clothing,11.0,1278.77,10.0,12659.82,9,Sep,3,Friday
2025-02-13,Delhi,Clothing,12.0,1212.99,10.0,13100.29,2,Feb,1,Thursday
2024-08-18,Mumbai,Clothing,6.0,1163.16,10.0,6281.06,8,Aug,3,Sunday
2024-09-23,Delhi,Groceries,10.0,308.55,0.0,3085.5,9,Sep,3,Monday
2025-10-27,Mumbai,Electronics,8.0,6043.96,10.0,43516.51,10,Oct,4,Monday
2025-12-03,Delhi,Electronics,8.0,7363.87,0.0,58910.96,12,Dec,4,Wednesday
2025-10-30,Bangalore,Electronics,8.0,8412.52,5.0,63935.15,10,Oct,4,Thursday
2024-12-10,Mumbai,Clothing,7.0,825.48,5.0,5489.44,12,Dec,4,Tuesday
2024-08-12,Delhi,Groceries,6.0,395.36,25.0,1779.12,8,Aug,3,Monday
2024-02-12,Bangalore,Groceries,6.0,422.32,15.0,2153.83,2,Feb,1,Monday
2024-08-29,Pune,Sports,7.0,2296.29,0.0,16074.03,8,Aug,3,Thursday
2025-02-10,Pune,Beauty,8.0,492.26,0.0,3938.08,2,Feb,1,Monday
2024-11-09,Mumbai,Sports,7.0,2783.83,5.0,18512.47,11,Nov,4,Saturday
2025-09-29,Mumbai,Groceries,8.0,360.02,5.0,2736.15,9,Sep,3,Monday
2025-01-11,Pune,Electronics,9.0,8779.98,0.0,79019.82,1,Jan,1,Saturday
2024-04-28,Delhi,Electronics,11.0,6957.71,15.0,65054.59,4,Apr,2,Sunday
2024-10-21,Bangalore,Beauty,7.0,497.54,5.0,3308.64,10,Oct,4,Monday
2025-02-25,Mumbai,Sports,6.0,2458.55,10.0,13276.17,2,Feb,1,Tuesday
2025-11-29,Bangalore,Beauty,7.0,620.66,0.0,4344.62,11,Nov,4,Saturday
2025-01-29,Delhi,Home & Kitchen,3.0,2116.09,25.0,4761.2,1,Jan,1,Wednesday
2024-10-12,Pune,Groceries,9.0,302.32,5.0,2584.84,10,Oct,4,Saturday
2025-03-04,Mumbai,Clothing,11.0,1303.83,15.0,12190.81,3,Mar,1,Tuesday
2024-11-17,Delhi,Clothing,11.0,1275.52,10.0,12627.65,11,Nov,4,Sunday
2025-07-25,Delhi,Electronics,5.0,4718.84,10.0,21234.78,7,Jul,3,Friday
2024-11-12,Delhi,Home & Kitchen,12.0,2063.24,10.0,22282.99,11,Nov,4,Tuesday
2025-06-28,Pune,Clothing,4.0,1226.78,0.0,4907.12,6,Jun,2,Saturday
2024-02-02,Bangalore,Clothing,1.0,1278.76,20.0,1023.01,2,Feb,1,Friday
2025-11-24,Pune,Clothing,6.0,1049.76,15.0,5353.78,11,Nov,4,Monday
2024-11-06,Mumbai,Electronics,12.0,8100.4,10.0,87484.32,11,Nov,4,Wednesday
2024-05-31,Mumbai,Groceries,5.0,273.24,0.0,1366.2,5,May,2,Friday
2024-11-14,Bangalore,Home & Kitchen,9.0,1886.76,0.0,16980.84,11,Nov,4,Thursday
2025-10-18,Bangalore,Clothing,7.0,1512.29,5.0,10056.73,10,Oct,4,Saturday
2025-08-18,Delhi,Groceries,5.0,480.47,0.0,2402.35,8,Aug,3,Monday
2025-08-18,Chennai,Beauty,4.0,654.97,0.0,2619.88,8,Aug,3,Monday
2025-02-28,Pune,Clothing,5.0,1001.18,10.0,4505.31,2,Feb,1,Friday
2025-08-12,Delhi,Electronics,8.0,8851.22,10.0,63728.78,8,Aug,3,Tuesday
2024-03-04,Bangalore,Electronics,10.0,4892.87,0.0,48928.7,3,Mar,1,Monday
2024-08-08,Mumbai,Sports,7.0,2894.95,10.0,18238.18,8,Aug,3,Thursday
2025-01-06,Delhi,Sports,3.0,1915.5,10.0,5171.85,1,Jan,1,Monday
2024-06-21,Delhi,Electronics,7.0,8051.76,5.0,53544.2,6,Jun,2,Friday
2025-12-08,Mumbai,Clothing,9.0,1270.45,10.0,10290.64,12,Dec,4,Monday
2025-07-23,Bangalore,Electronics,4.0,7174.18,0.0,28696.72,7,Jul,3,Wednesday
2025-08-14,Mumbai,Electronics,1.0,6735.88,0.0,6735.88,8,Aug,3,Thursday
2025-09-15,Mumbai,Groceries,2.0,207.0,15.0,351.9,9,Sep,3,Monday
2025-06-08,Bangalore,Groceries,3.0,394.49,0.0,1183.47,6,Jun,2,Sunday
2025-09-24,Mumbai,Groceries,7.0,304.0,0.0,2128.0,9,Sep,3,Wednesday
2024-12-09,Pune,Sports,11.0,2458.13,5.0,25687.46,12,Dec,4,Monday
2024-11-26,Mumbai,Groceries,8.0,383.63,15.0,2608.68,11,Nov,4,Tuesday
2024-01-07,Pune,Beauty,4.0,764.6,10.0,2752.56,1,Jan,1,Sunday
2024-07-10,Delhi,Groceries,4.0,144.64,5.0,549.63,7,Jul,3,Wednesday
2024-03-26,Pune,Sports,11.0,2505.58,5.0,26183.31,3,Mar,1,Tuesday
2024-03-06,Delhi,Clothing,4.0,1115.9,10.0,4017.24,3,Mar,1,Wednesday
2024-05-24,Bangalore,Home & Kitchen,2.0,2044.91,10.0,3680.84,5,May,2,Friday
2024-04-06,Delhi,Clothing,5.0,623.24,5.0,2960.39,4,Apr,2,Saturday
2024-05-21,Mumbai,Clothing,7.0,934.98,0.0,6544.86,5,May,2,Tuesday
2024-09-24,Bangalore,Beauty,4.0,747.82,0.0,2991.28,9,Sep,3,Tuesday
2025-07-27,Pune,Beauty,4.0,779.94,25.0,2339.82,7,Jul,3,Sunday
2024-10-04,Chennai,Clothing,5.0,964.44,0.0,4822.2,10,Oct,4,Friday
2024-11-11,Pune,Clothing,8.0,945.78,15.0,6431.3,11,Nov,4,Monday
2024-02-04,Delhi,Groceries,5.0,279.22,0.0,1396.1,2,Feb,1,Sunday
2025-05-31,Mumbai,Groceries,5.0,397.89,10.0,1790.5,5,May,2,Saturday
2025-07-08,Pune,Groceries,5.0,370.0,5.0,1757.5,7,Jul,3,Tuesday
2025-11-20,Bangalore,Beauty,10.0,1015.81,0.0,10158.1,11,Nov,4,Thursday
2024-07-20,Chennai,Groceries,13.0,364.82,0.0,4742.66,7,Jul,3,Saturday
2024-04-10,Chennai,Sports,8.0,1999.93,5.0,15199.47,4,Apr,2,Wednesday
2025-06-08,Pune,Electronics,2.0,9469.16,0.0,18938.32,6,Jun,2,Sunday
2025-01-10,Delhi,Home & Kitchen,5.0,1291.93,5.0,6136.67,1,Jan,1,Friday
2024-11-30,Pune,Beauty,8.0,737.97,0.0,5903.76,11,Nov,4,Saturday
2024-06-29,Pune,Electronics,8.0,8245.29,10.0,59366.09,6,Jun,2,Saturday
2024-09-11,Pune,Beauty,7.0,609.91,25.0,3202.03,9,Sep,3,Wednesday
2025-05-24,Delhi,Home & Kitchen,8.0,1451.26,10.0,10449.07,5,May,2,Saturday
2025-12-10,Mumbai,Home & Kitchen,7.0,1961.62,10.0,12358.21,12,Dec,4,Wednesday
2024-04-11,Mumbai,Sports,4.0,1781.44,20.0,5700.61,4,Apr,2,Thursday
2024-03-30,Pune,Beauty,7.0,834.72,15.0,4966.58,3,Mar,1,Saturday
2025-04-09,Pune,Clothing,11.0,1277.7,20.0,11243.76,4,Apr,2,Wednesday
2025-08-21,Delhi,Clothing,7.0,1190.69,0.0,8334.83,8,Aug,3,Thursday
2024-03-09,Mumbai,Home & Kitchen,9.0,1665.71,5.0,14241.82,3,Mar,1,Saturday
2024-10-28,Pune,Beauty,10.0,560.18,0.0,5601.8,10,Oct,4,Monday
2025-09-12,Pune,Clothing,10.0,887.5,0.0,8875.0,9,Sep,3,Friday
2024-05-26,Pune,Electronics,4.0,9250.16,0.0,37000.64,5,May,2,Sunday
2025-11-07,Pune,Beauty,6.0,773.02,15.0,3942.4,11,Nov,4,Friday
2024-09-26,Bangalore,Electronics,3.0,7932.65,25.0,17848.46,9,Sep,3,Thursday
2024-05-05,Delhi,Home & Kitchen,5.0,2061.05,0.0,10305.25,5,May,2,Sunday
2025-05-15,Delhi,Electronics,5.0,8225.39,0.0,41126.95,5,May,2,Thursday
2024-03-01,Mumbai,Groceries,7.0,235.2,0.0,1646.4,3,Mar,1,Friday
2025-02-23,Delhi,Home & Kitchen,4.0,1171.85,0.0,4687.4,2,Feb,1,Sunday
2025-07-14,Delhi,Home & Kitchen,7.0,1898.84,5.0,12627.29,7,Jul,3,Monday
2025-02-09,Mumbai,Groceries,2.0,342.93,15.0,582.98,2,Feb,1,Sunday
2025-11-16,Mumbai,Electronics,8.0,7392.45,5.0,56182.62,11,Nov,4,Sunday
2024-07-26,Bangalore,Electronics,7.0,8310.8,15.0,49449.26,7,Jul,3,Friday
2025-04-12,Mumbai,Beauty,10.0,537.38,10.0,4836.42,4,Apr,2,Saturday
2024-05-12,Mumbai,Groceries,8.0,377.03,20.0,2412.99,5,May,2,Sunday
2025-03-17,Bangalore,Clothing,7.0,1015.46,10.0,6397.4,3,Mar,1,Monday
2024-06-19,Mumbai,Clothing,10.0,907.87,0.0,9078.7,6,Jun,2,Wednesday
2024-04-14,Bangalore,Groceries,4.0,422.43,5.0,1605.23,4,Apr,2,Sunday
2025-12-31,Bangalore,Beauty,6.0,575.6,5.0,3280.92,12,Dec,4,Wednesday
2024-01-12,Bangalore,Electronics,7.0,8887.45,0.0,62212.15,1,Jan,1,Friday
2024-11-25,Mumbai,Home & Kitchen,7.0,2277.36,20.0,12753.22,11,Nov,4,Monday
2025-06-26,Mumbai,Groceries,6.0,441.34,0.0,2648.04,6,Jun,2,Thursday
2024-11-21,Pune,Clothing,10.0,1186.46,5.0,11271.37,11,Nov,4,Thursday
2024-06-15,Mumbai,Electronics,3.0,7945.01,15.0,20259.78,6,Jun,2,Saturday
2024-08-24,Delhi,Groceries,7.0,332.76,0.0,2329.32,8,Aug,3,Saturday
2024-05-07,Chennai,Electronics,2.0,9015.25,10.0,16227.45,5,May,2,Tuesday
2025-02-27,Pune,Electronics,6.0,5527.92,10.0,29850.77,2,Feb,1,Thursday
2024-03-21,Delhi,Groceries,9.0,259.36,10.0,2100.82,3,Mar,1,Thursday
2025-04-12,Pune,Groceries,10.0,394.64,25.0,2959.8,4,Apr,2,Saturday
2025-03-09,Bangalore,Groceries,6.0,404.76,5.0,2307.13,3,Mar,1,Sunday
2024-08-04,Delhi,Groceries,6.0,235.59,5.0,1342.86,8,Aug,3,Sunday
2024-09-08,Delhi,Clothing,2.0,1072.05,0.0,2144.1,9,Sep,3,Sunday
2024-07-12,Chennai,Beauty,2.0,586.68,15.0,997.36,7,Jul,3,Friday
2025-10-06,Bangalore,Groceries,6.0,317.25,0.0,1903.5,10,Oct,4,Monday
2025-01-26,Mumbai,Beauty,5.0,963.76,15.0,4095.98,1,Jan,1,Sunday
2024-12-16,Delhi,Electronics,9.0,8686.13,10.0,70357.65,12,Dec,4,Monday
2025-10-23,Mumbai,Beauty,11.0,772.59,15.0,7223.72,10,Oct,4,Thursday
2024-09-22,Delhi,Groceries,4.0,400.29,0.0,1601.16,9,Sep,3,Sunday
2025-05-26,Bangalore,Home & Kitchen,8.0,2045.75,5.0,15547.7,5,May,2,Monday
2024-09-13,Delhi,Clothing,5.0,1055.65,5.0,5014.34,9,Sep,3,Friday
2025-02-21,Bangalore,Groceries,7.0,512.48,10.0,3228.62,2,Feb,1,Friday
2024-10-05,Bangalore,Beauty,10.0,726.42,5.0,6900.99,10,Oct,4,Saturday
2025-11-23,Delhi,Electronics,12.0,8010.97,10.0,86518.48,11,Nov,4,Sunday
2024-08-15,Mumbai,Sports,10.0,1503.31,15.0,12778.13,8,Aug,3,Thursday
2024-11-15,Delhi,Electronics,3.0,7262.36,5.0,20697.73,11,Nov,4,Friday
2025-10-22,Mumbai,Clothing,10.0,1621.06,25.0,12157.95,10,Oct,4,Wednesday
2024-06-19,Chennai,Clothing,4.0,1491.44,5.0,5667.47,6,Jun,2,Wednesday
2024-08-11,Bangalore,Clothing,4.0,1366.17,5.0,5191.45,8,Aug,3,Sunday
2024-07-09,Delhi,Home & Kitchen,6.0,1467.84,15.0,7485.98,7,Jul,3,Tuesday
2025-03-24,Pune,Clothing,5.0,1213.9,0.0,6069.5,3,Mar,1,Monday
2025-01-09,Chennai,Groceries,7.0,331.89,0.0,2323.23,1,Jan,1,Thursday
2025-10-26,Bangalore,Clothing,8.0,1128.96,20.0,7225.34,10,Oct,4,Sunday
2025-02-23,Pune,Groceries,3.0,389.09,5.0,1108.91,2,Feb,1,Sunday
2024-07-30,Delhi,Home & Kitchen,3.0,1864.07,0.0,5592.21,7,Jul,3,Tuesday
2025-10-08,Mumbai,Clothing,12.0,1000.37,0.0,12004.44,10,Oct,4,Wednesday
2025-07-20,Bangalore,Groceries,6.0,433.6,15.0,2211.36,7,Jul,3,Sunday
2024-01-02,Mumbai,Clothing,2.0,879.24,15.0,1494.71,1,Jan,1,Tuesday
2025-12-03,Bangalore,Groceries,8.0,303.71,5.0,2308.2,12,Dec,4,Wednesday
2025-08-06,Delhi,Groceries,3.0,406.55,5.0,1158.67,8,Aug,3,Wednesday
2025-11-28,Mumbai,Sports,8.0,2281.19,0.0,18249.52,11,Nov,4,Friday
2024-04-17,Chennai,Clothing,11.0,999.2,0.0,10991.2,4,Apr,2,Wednesday
2025-12-28,Pune,Groceries,7.0,366.17,5.0,2435.03,12,Dec,4,Sunday
2025-04-07,Mumbai,Electronics,7.0,8924.63,0.0,62472.41,4,Apr,2,Monday
2024-08-21,Mumbai,Clothing,9.0,863.42,0.0,7770.78,8,Aug,3,Wednesday
2024-10-10,Chennai,Home & Kitchen,10.0,1568.78,0.0,15687.8,10,Oct,4,Thursday
2024-08-08,Delhi,Groceries,4.0,299.61,20.0,958.75,8,Aug,3,Thursday
2025-02-16,Chennai,Sports,10.0,1988.39,0.0,19883.9,2,Feb,1,Sunday
2025-07-02,Bangalore,Groceries,10.0,463.5,15.0,3939.75,7,Jul,3,Wednesday
2025-03-21,Mumbai,Electronics,2.0,8021.49,15.0,13636.53,3,Mar,1,Friday
2024-09-25,Mumbai,Electronics,11.0,6764.89,0.0,74413.79,9,Sep,3,Wednesday
2024-11-23,Mumbai,Groceries,18.0,387.62,10.0,6279.44,11,Nov,4,Saturday
2025-09-10,Chennai,Groceries,7.0,517.85,5.0,3443.7,9,Sep,3,Wednesday
2025-12-29,Delhi,Clothing,9.0,1035.47,0.0,9319.23,12,Dec,4,Monday
2025-11-25,Pune,Home & Kitchen,5.0,1473.49,0.0,7367.45,11,Nov,4,Tuesday
2025-08-10,Bangalore,Beauty,8.0,661.16,15.0,4495.89,8,Aug,3,Sunday
2025-01-26,Delhi,Beauty,6.0,551.6,15.0,2813.16,1,Jan,1,Sunday
2025-10-29,Chennai,Electronics,11.0,4132.43,10.0,40911.06,10,Oct,4,Wednesday
2025-10-25,Chennai,Clothing,7.0,1003.31,5.0,6672.01,10,Oct,4,Saturday
2024-07-19,Pune,Home & Kitchen,5.0,1948.59,5.0,9255.8,7,Jul,3,Friday
2024-11-09,Delhi,Clothing,6.0,971.37,0.0,5828.22,11,Nov,4,Saturday
2024-04-21,Delhi,Groceries,8.0,407.23,15.0,2769.16,4,Apr,2,Sunday
2025-11-04,Pune,Electronics,5.0,10320.13,0.0,51600.65,11,Nov,4,Tuesday
2025-12-06,Mumbai,Beauty,10.0,808.15,0.0,8081.5,12,Dec,4,Saturday
2024-08-04,Bangalore,Electronics,5.0,9989.83,15.0,42456.78,8,Aug,3,Sunday
2025-07-07,Delhi,Beauty,7.0,653.48,0.0,4574.36,7,Jul,3,Monday
2025-05-06,Mumbai,Groceries,8.0,447.78,0.0,3582.24,5,May,2,Tuesday
2024-03-06,Mumbai,Clothing,3.0,951.66,25.0,2141.24,3,Mar,1,Wednesday
2024-07-18,Bangalore,Groceries,7.0,440.69,10.0,2776.35,7,Jul,3,Thursday
2024-02-26,Mumbai,Clothing,9.0,1159.09,25.0,7823.86,2,Feb,1,Monday
2024-07-17,Pune,Electronics,6.0,5935.53,0.0,35613.18,7,Jul,3,Wednesday
2024-07-18,Mumbai,Electronics,5.0,10734.09,0.0,53670.45,7,Jul,3,Thursday
2024-05-06,Delhi,Beauty,5.0,839.89,5.0,3989.48,5,May,2,Monday
2025-07-06,Mumbai,Groceries,5.0,428.22,15.0,1819.94,7,Jul,3,Sunday
2024-10-30,Bangalore,Beauty,6.0,544.67,10.0,2941.22,10,Oct,4,Wednesday
2025-08-31,Chennai,Clothing,6.0,1153.6,10.0,6229.44,8,Aug,3,Sunday
2024-06-22,Chennai,Electronics,11.0,7576.95,0.0,83346.45,6,Jun,2,Saturday
2025-09-21,Pune,Groceries,2.0,310.5,0.0,621.0,9,Sep,3,Sunday
2024-05-20,Pune,Beauty,9.0,759.52,20.0,5468.54,5,May,2,Monday
2025-06-30,Bangalore,Sports,4.0,2895.49,10.0,10423.76,6,Jun,2,Monday
2024-06-12,Pune,Clothing,4.0,1032.63,10.0,3717.47,6,Jun,2,Wednesday
2025-12-12,Pune,Electronics,9.0,6053.36,10.0,49032.22,12,Dec,4,Friday
2024-08-18,Pune,Electronics,4.0,9446.44,0.0,37785.76,8,Aug,3,Sunday
2025-10-18,Mumbai,Sports,13.0,1516.0,0.0,19708.0,10,Oct,4,Saturday
2025-09-19,Bangalore,Home & Kitchen,4.0,1299.36,0.0,5197.44,9,Sep,3,Friday
2025-07-22,Delhi,Home & Kitchen,8.0,2364.91,10.0,17027.35,7,Jul,3,Tuesday
2025-10-24,Delhi,Groceries,14.0,471.56,5.0,6271.75,10,Oct,4,Friday
2025-10-11,Delhi,Clothing,11.0,1218.34,25.0,10051.3,10,Oct,4,Saturday
2024-06-24,Mumbai,Groceries,6.0,334.13,20.0,1603.82,6,Jun,2,Monday
2024-11-04,Mumbai,Clothing,6.0,1292.98,15.0,6594.2,11,Nov,4,Monday
2024-09-21,Delhi,Sports,13.0,2046.56,0.0,26605.28,9,Sep,3,Saturday
2025-04-14,Chennai,Electronics,6.0,10275.43,0.0,61652.58,4,Apr,2,Monday
2025-07-28,Mumbai,Clothing,3.0,1333.91,5.0,3801.64,7,Jul,3,Monday
2024-04-24,Delhi,Groceries,6.0,331.39,5.0,1888.92,4,Apr,2,Wednesday
2024-11-18,Bangalore,Clothing,13.0,1330.88,5.0,16436.37,11,Nov,4,Monday
2025-03-19,Chennai,Sports,9.0,1861.59,5.0,15916.59,3,Mar,1,Wednesday
2024-08-14,Mumbai,Beauty,8.0,698.6,0.0,5588.8,8,Aug,3,Wednesday
2024-04-09,Bangalore,Home & Kitchen,7.0,2008.1,15.0,11948.19,4,Apr,2,Tuesday
2025-06-14,Mumbai,Groceries,6.0,347.62,25.0,1564.29,6,Jun,2,Saturday
2024-09-29,Delhi,Clothing,8.0,882.22,0.0,7057.76,9,Sep,3,Sunday
2025-06-07,Chennai,Electronics,7.0,9086.11,5.0,60422.63,6,Jun,2,Saturday
2025-11-19,Bangalore,Sports,7.0,2023.82,0.0,14166.74,11,Nov,4,Wednesday
2024-02-20,Bangalore,Home & Kitchen,9.0,2219.14,0.0,19972.26,2,Feb,1,Tuesday
2024-12-10,Pune,Groceries,7.0,360.5,0.0,2523.5,12,Dec,4,Tuesday
2025-07-26,Mumbai,Electronics,6.0,7436.61,0.0,44619.66,7,Jul,3,Saturday
2024-12-07,Chennai,Groceries,9.0,306.29,20.0,2205.29,12,Dec,4,Saturday
2025-12-28,Bangalore,Groceries,7.0,351.54,10.0,2214.7,12,Dec,4,Sunday
2025-07-26,Mumbai,Groceries,7.0,290.3,0.0,2032.1,7,Jul,3,Saturday
2025-05-11,Bangalore,Clothing,9.0,1156.66,10.0,9368.95,5,May,2,Sunday
2024-01-17,Delhi,Groceries,7.0,303.03,20.0,1696.97,1,Jan,1,Wednesday
2024-09-08,Pune,Groceries,3.0,232.49,15.0,592.85,9,Sep,3,Sunday
2024-10-08,Mumbai,Clothing,3.0,1283.15,20.0,3079.56,10,Oct,4,Tuesday
2025-05-09,Bangalore,Home & Kitchen,6.0,2046.71,0.0,12280.26,5,May,2,Friday
2024-01-29,Chennai,Electronics,6.0,8087.97,0.0,48527.82,1,Jan,1,Monday
2024-10-07,Mumbai,Sports,8.0,2064.8,10.0,14866.56,10,Oct,4,Monday
2024-04-14,Mumbai,Clothing,5.0,1378.47,25.0,5169.26,4,Apr,2,Sunday
2024-01-18,Bangalore,Sports,9.0,2753.1,0.0,24777.9,1,Jan,1,Thursday
2024-05-27,Mumbai,Groceries,3.0,317.93,5.0,906.1,5,May,2,Monday
2024-11-29,Chennai,Electronics,9.0,6434.58,15.0,49224.54,11,Nov,4,Friday
2025-04-06,Delhi,Electronics,6.0,7686.44,0.0,46118.64,4,Apr,2,Sunday
2024-08-11,Mumbai,Home & Kitchen,5.0,2113.02,0.0,10565.1,8,Aug,3,Sunday
2025-12-13,Chennai,Clothing,11.0,1120.13,0.0,12321.43,12,Dec,4,Saturday
2024-04-23,Bangalore,Beauty,7.0,625.29,0.0,4377.03,4,Apr,2,Tuesday
2024-08-24,Mumbai,Electronics,5.0,10184.35,0.0,50921.75,8,Aug,3,Saturday
2025-04-24,Delhi,Groceries,4.0,334.32,0.0,1337.28,4,Apr,2,Thursday
2025-01-27,Bangalore,Sports,8.0,1626.18,10.0,11708.5,1,Jan,1,Monday
2025-05-28,Delhi,Clothing,8.0,1193.65,15.0,8116.82,5,May,2,Wednesday
2024-02-05,Mumbai,Groceries,5.0,274.77,10.0,1236.46,2,Feb,1,Monday
2024-03-05,Bangalore,Groceries,6.0,458.96,0.0,2753.76,3,Mar,1,Tuesday
2025-01-23,Chennai,Groceries,5.0,403.69,5.0,1917.53,1,Jan,1,Thursday
2024-08-06,Bangalore,Home & Kitchen,12.0,1544.38,5.0,17605.93,8,Aug,3,Tuesday
2024-12-31,Pune,Clothing,7.0,1409.09,25.0,7397.72,12,Dec,4,Tuesday
2025-08-22,Delhi,Groceries,4.0,291.34,20.0,932.29,8,Aug,3,Friday
2025-07-27,Pune,Groceries,8.0,344.71,10.0,2481.91,7,Jul,3,Sunday
2025-07-06,Mumbai,Home & Kitchen,10.0,1971.69,10.0,17745.21,7,Jul,3,Sunday
2024-07-12,Delhi,Clothing,6.0,1482.19,15.0,7559.17,7,Jul,3,Friday
2024-04-26,Bangalore,Groceries,7.0,339.53,5.0,2257.87,4,Apr,2,Friday
2025-08-22,Mumbai,Clothing,5.0,990.79,0.0,4953.95,8,Aug,3,Friday
2024-03-09,Delhi,Groceries,8.0,448.05,10.0,3225.96,3,Mar,1,Saturday
2025-10-10,Delhi,Home & Kitchen,7.0,1944.77,0.0,13613.39,10,Oct,4,Friday
2025-06-06,Mumbai,Groceries,11.0,271.59,0.0,2987.49,6,Jun,2,Friday
2024-09-20,Delhi,Groceries,3.0,305.64,15.0,779.38,9,Sep,3,Friday
2024-12-12,Delhi,Sports,15.0,2284.22,10.0,30836.97,12,Dec,4,Thursday
2025-10-14,Bangalore,Home & Kitchen,6.0,2152.57,10.0,11623.88,10,Oct,4,Tuesday
2024-03-28,Bangalore,Groceries,5.0,359.44,20.0,1437.76,3,Mar,1,Thursday
2024-08-14,Mumbai,Groceries,6.0,493.21,5.0,2811.3,8,Aug,3,Wednesday
2025-03-03,Mumbai,Groceries,4.0,305.46,20.0,977.47,3,Mar,1,Monday
2025-05-24,Mumbai,Groceries,4.0,373.33,0.0,1493.32,5,May,2,Saturday
2025-05-16,Pune,Sports,6.0,2074.09,0.0,12444.54,5,May,2,Friday
2025-12-05,Chennai,Home & Kitchen,7.0,1514.13,5.0,10068.96,12,Dec,4,Friday
2025-11-13,Chennai,Beauty,15.0,803.94,0.0,12059.1,11,Nov,4,Thursday
2025-03-01,Pune,Electronics,8.0,11077.81,0.0,88622.48,3,Mar,1,Saturday
2025-10-28,Mumbai,Beauty,9.0,631.45,15.0,4830.59,10,Oct,4,Tuesday
2024-05-27,Bangalore,Clothing,3.0,1310.09,5.0,3733.76,5,May,2,Monday
2024-08-21,Pune,Home & Kitchen,8.0,2168.41,5.0,16479.92,8,Aug,3,Wednesday
2025-03-28,Bangalore,Home & Kitchen,4.0,1633.14,0.0,6532.56,3,Mar,1,Friday
2025-06-07,Delhi,Electronics,6.0,8231.9,10.0,44452.26,6,Jun,2,Saturday
2024-03-17,Pune,Clothing,6.0,819.75,15.0,4180.72,3,Mar,1,Sunday
2025-02-21,Bangalore,Sports,6.0,1017.18,15.0,5187.62,2,Feb,1,Friday
2024-07-28,Bangalore,Groceries,5.0,274.64,10.0,1235.88,7,Jul,3,Sunday
2024-07-03,Delhi,Electronics,6.0,6790.18,10.0,36666.97,7,Jul,3,Wednesday
2024-04-19,Mumbai,Clothing,5.0,1383.74,0.0,6918.7,4,Apr,2,Friday
2024-02-10,Delhi,Home & Kitchen,11.0,2175.86,5.0,22737.74,2,Feb,1,Saturday
2025-06-03,Pune,Clothing,5.0,1140.24,20.0,4560.96,6,Jun,2,Tuesday
2024-08-24,Bangalore,Sports,4.0,1814.88,15.0,6170.59,8,Aug,3,Saturday
2024-12-29,Bangalore,Clothing,11.0,1491.69,15.0,13947.3,12,Dec,4,Sunday
2025-01-03,Pune,Sports,7.0,2607.69,5.0,17341.14,1,Jan,1,Friday
2025-12-17,Mumbai,Electronics,8.0,9126.74,15.0,62061.83,12,Dec,4,Wednesday
2025-05-15,Bangalore,Groceries,6.0,287.33,0.0,1723.98,5,May,2,Thursday
2025-04-03,Mumbai,Groceries,7.0,324.43,10.0,2043.91,4,Apr,2,Thursday
2025-02-04,Mumbai,Beauty,10.0,426.34,10.0,3837.06,2,Feb,1,Tuesday
2025-01-07,Mumbai,Groceries,5.0,389.21,25.0,1459.54,1,Jan,1,Tuesday
2024-02-11,Mumbai,Clothing,7.0,1256.47,10.0,7915.76,2,Feb,1,Sunday
2025-05-19,Delhi,Groceries,8.0,245.07,5.0,1862.53,5,May,2,Monday
2025-08-03,Pune,Groceries,3.0,256.48,0.0,769.44,8,Aug,3,Sunday
2024-01-28,Bangalore,Clothing,2.0,1103.42,10.0,1986.16,1,Jan,1,Sunday
2024-06-23,Bangalore,Clothing,7.0,1125.52,0.0,7878.64,6,Jun,2,Sunday
2025-10-24,Chennai,Beauty,9.0,761.73,15.0,5827.23,10,Oct,4,Friday
2024-09-04,Mumbai,Groceries,6.0,269.48,10.0,1455.19,9,Sep,3,Wednesday
2025-07-18,Mumbai,Sports,7.0,2155.19,0.0,15086.33,7,Jul,3,Friday
2025-09-03,Mumbai,Clothing,4.0,835.41,5.0,3174.56,9,Sep,3,Wednesday
2025-08-31,Bangalore,Groceries,6.0,269.03,15.0,1372.05,8,Aug,3,Sunday
2025-07-18,Pune,Sports,5.0,1906.74,0.0,9533.7,7,Jul,3,Friday
2024-08-14,Pune,Electronics,7.0,5877.13,0.0,41139.91,8,Aug,3,Wednesday
2025-05-08,Delhi,Clothing,6.0,920.17,0.0,5521.02,5,May,2,Thursday
