Date,Store,Category,Units Sold,Unit Price,Discount %,Revenue
2024-06-24,Mumbai,Clothing,4.0,1191.1,5.0,4526.16
2025-03-08,Bangalore,Clothing,6.0,1295.87,10.0,6997.7
2024-10-17,Mumbai,Groceries,11.0,465.55,5.0,4864.99
2025-08-02,Pune,Clothing,10.0,1237.04,5.0,11751.89
2025-06-08,Mumbai,Home & Kitchen,5.0,2488.33,25.0,9331.23
2025-07-09,Pune,Groceries,4.0,366.61,15.0,1246.48
2025-10-23,Mumbai,Clothing,12.0,913.54,20.0,8769.96
2025-09-09,Mumbai,Electronics,9.0,6714.97,15.0,51369.53
2024-03-17,Mumbai,Clothing,8.0,1108.31,10.0,7979.84
2024-04-05,Mumbai,Groceries,10.0,436.96,10.0,3932.61
2025-05-21,Chennai,Clothing,9.0,1120.03,10.0,9072.27
2025-06-01,Pune,Groceries,3.0,478.88,15.0,1221.13
2025-01-01,Mumbai,Electronics,7.0,7358.59,0.0,51510.12
2024-03-09,Mumbai,Home & Kitchen,10.0,2237.37,5.0,21254.97
2024-09-17,Mumbai,Beauty,2.0,922.74,10.0,1660.93
2025-03-26,Delhi,Home & Kitchen,6.0,2563.42,25.0,11535.38
2025-01-21,Bangalore,Clothing,4.0,1317.97,10.0,4744.68
2024-05-19,Mumbai,Home & Kitchen,7.0,1620.34,5.0,10775.27
2025-03-19,Bangalore,Groceries,7.0,369.14,0.0,2583.99
2025-07-28,Delhi,Beauty,4.0,552.62,10.0,1989.44
2024-03-20,Pune,Groceries,9.0,491.19,20.0,3536.55
2025-12-29,Mumbai,Sports,7.0,2650.21,0.0,18551.45
2024-03-13,Mumbai,Electronics,4.0,6731.78,25.0,20195.33
2025-01-29,Mumbai,Beauty,9.0,652.96,5.0,5582.82
2024-04-03,Delhi,Beauty,5.0,745.73,20.0,2982.92
2025-11-15,Mumbai,Groceries,10.0,267.9,10.0,2411.06
2025-01-17,Mumbai,Sports,7.0,2489.61,25.0,13070.46
2024-10-14,Bangalore,Groceries,9.0,383.52,5.0,3279.07
2025-03-03,Bangalore,Electronics,3.0,9484.44,5.0,27030.66
2025-06-26,Pune,Groceries,11.0,266.26,20.0,2343.06
2025-03-29,Mumbai,Groceries,3.0,365.17,10.0,985.96
2025-01-22,Bangalore,Sports,6.0,1873.36,10.0,10116.17
2025-12-15,Chennai,Sports,10.0,1800.2,10.0,16201.84
2024-04-29,Bangalore,Electronics,8.0,6529.38,20.0,41788.04
2024-01-30,Mumbai,Sports,6.0,1976.74,10.0,10674.39
2024-01-06,Pune,Electronics,9.0,6955.93,5.0,59473.2
2024-06-18,Mumbai,Sports,7.0,1345.2,25.0,7062.28
2025-02-21,Delhi,Groceries,5.0,422.4,15.0,1795.21
2024-03-22,Delhi,Groceries,5.0,458.51,10.0,2063.31
2024-08-13,Pune,Electronics,3.0,5033.02,0.0,15099.06
2025-10-21,Delhi,Groceries,5.0,345.8,5.0,1642.55
2025-05-06,Mumbai,Beauty,7.0,752.4,15.0,4476.77
2024-08-30,Bangalore,Home & Kitchen,6.0,1795.4,10.0,9695.14
2024-11-06,Mumbai,Groceries,11.0,441.83,5.0,4617.13
2025-06-27,Delhi,Home & Kitchen,6.0,1601.88,15.0,8169.6
2025-02-08,Mumbai,Clothing,4.0,1463.65,5.0,5561.89
2024-10-30,Chennai,Clothing,9.0,990.2,0.0,8911.83
2025-05-09,Mumbai,Beauty,5.0,672.19,10.0,3024.87
2025-07-09,Bangalore,Electronics,7.0,10509.97,5.0,69891.3
2024-08-05,Mumbai,Sports,2.0,1681.46,10.0,3026.62
2024-08-22,Bangalore,Groceries,1.0,324.62,25.0,243.46
2024-10-19,Mumbai,Electronics,3.0,5657.74,15.0,14427.23
2025-05-12,Bangalore,Electronics,6.0,6291.99,5.0,35864.34
2024-11-17,Delhi,Home & Kitchen,7.0,1906.9,10.0,12013.47
2025-10-04,Bangalore,Groceries,9.0,442.68,5.0,3784.9
2024-06-22,Mumbai,Groceries,7.0,315.85,5.0,2100.42
2025-02-12,Pune,Sports,4.0,2551.86,10.0,9186.71
2024-09-29,Bangalore,Electronics,9.0,6981.9,5.0,59695.22
2024-06-10,Chennai,Clothing,4.0,1218.99,10.0,4388.38
2024-03-26,Mumbai,Electronics,8.0,10704.18,5.0,81351.76
2025-10-18,Delhi,Beauty,9.0,511.86,10.0,4146.04
2025-08-08,Pune,Home & Kitchen,5.0,1551.63,15.0,6594.45
2024-07-02,Mumbai,Sports,8.0,1997.94,10.0,14385.2
2024-05-14,Mumbai,Groceries,6.0,340.86,0.0,2045.16
2024-05-04,Mumbai,Sports,8.0,2124.75,0.0,16998.01
2024-09-13,Pune,Groceries,9.0,442.53,10.0,3584.49
2025-04-17,Pune,Groceries,9.0,225.68,0.0,2031.13
2025-08-14,Pune,Groceries,5.0,372.58,5.0,1769.78
2024-03-21,Delhi,Electronics,9.0,10175.49,0.0,91579.38
2025-11-17,Delhi,Electronics,10.0,5991.65,10.0,53924.88
2025-11-06,Pune,Electronics,11.0,8488.87,5.0,88708.73
2024-05-03,Pune,Groceries,6.0,375.13,5.0,2138.21
2025-10-25,Delhi,Electronics,7.0,6803.91,0.0,47627.39
2024-09-15,Bangalore,Groceries,9.0,217.65,5.0,1860.91
2024-05-06,Chennai,Beauty,5.0,519.48,15.0,2207.8
2025-04-09,Delhi,Groceries,13.0,453.51,0.0,5895.59
2024-12-28,Mumbai,Clothing,4.0,1235.72,0.0,4942.86
2024-09-02,Chennai,Beauty,6.0,602.38,15.0,3072.14
2024-01-16,Chennai,Groceries,4.0,371.36,25.0,1114.08
2025-07-31,Delhi,Beauty,7.0,597.49,10.0,3764.21
2025-03-13,Mumbai,Electronics,7.0,7704.1,5.0,51232.28
2024-09-11,Pune,Home & Kitchen,5.0,1922.01,20.0,7688.02
2025-06-12,Mumbai,Electronics,5.0,6137.54,15.0,26084.56
2025-10-16,Bangalore,Clothing,10.0,1542.93,5.0,14657.79
2025-11-20,Chennai,Groceries,14.0,396.95,0.0,5557.32
2024-10-20,Mumbai,Electronics,5.0,7950.22,0.0,39751.09
2025-03-31,Chennai,Groceries,2.0,382.68,0.0,765.36
2025-12-26,Delhi,Clothing,6.0,1064.51,15.0,5429.0
2025-05-08,Mumbai,Electronics,9.0,7996.12,15.0,61170.33
2024-05-08,Chennai,Groceries,10.0,403.2,25.0,3023.97
2025-01-22,Mumbai,Groceries,4.0,220.1,10.0,792.36
2024-10-14,Chennai,Electronics,11.0,11486.41,0.0,126350.53
2024-12-23,Delhi,Electronics,14.0,10640.38,10.0,134068.77
2025-05-20,Delhi,Clothing,10.0,1443.56,0.0,14435.63
2025-01-05,Chennai,Home & Kitchen,5.0,1778.85,0.0,8894.24
2024-08-10,Pune,Groceries,3.0,265.06,5.0,755.42
2025-03-11,Delhi,Electronics,7.0,8894.07,0.0,62258.5
2025-03-30,Pune,Groceries,8.0,404.18,5.0,3071.79
2024-03-24,Bangalore,Groceries,8.0,388.14,5.0,2949.87
2024-05-23,Mumbai,Sports,3.0,2366.32,5.0,6744.03
2024-11-30,Pune,Groceries,11.0,441.26,15.0,4125.82
2024-05-03,Mumbai,Electronics,11.0,9995.9,10.0,98959.37
2025-02-25,Mumbai,Groceries,4.0,342.78,10.0,1234.01
2024-09-18,Mumbai,Electronics,6.0,7824.22,25.0,35208.99
2024-01-11,Delhi,Electronics,6.0,4591.42,0.0,27548.5
2024-12-02,Pune,Home & Kitchen,8.0,2134.39,20.0,13660.1
2025-06-05,Chennai,Beauty,5.0,675.92,5.0,3210.63
2024-02-15,Delhi,Groceries,2.0,532.55,0.0,1065.1
2025-11-23,Mumbai,Electronics,10.0,6746.4,10.0,60717.57
2024-12-10,Bangalore,Groceries,9.0,406.56,10.0,3293.15
2025-06-25,Bangalore,Groceries,5.0,350.81,10.0,1578.64
2025-12-31,Bangalore,Electronics,6.0,9692.82,10.0,52341.22
2024-04-06,Delhi,Electronics,6.0,4517.05,5.0,25747.16
2025-05-19,Bangalore,Electronics,9.0,8024.16,25.0,54163.05
2024-06-17,Bangalore,Electronics,3.0,5128.98,0.0,15386.94
2024-04-01,Delhi,Sports,6.0,2825.09,20.0,13560.45
2025-12-22,Delhi,Groceries,12.0,245.54,0.0,2946.48
2025-08-27,Delhi,Groceries,3.0,354.36,25.0,797.32
2025-12-22,Mumbai,Groceries,7.0,351.36,10.0,2213.56
2025-11-20,Pune,Sports,13.0,1875.96,15.0,20729.33
2024-05-04,Pune,Sports,9.0,2386.54,10.0,19330.99
2024-02-22,Mumbai,Clothing,8.0,1238.43,0.0,9907.44
2024-09-07,Bangalore,Groceries,7.0,303.55,5.0,2018.64
2024-10-04,Mumbai,Sports,11.0,2675.39,0.0,29429.26
2024-04-10,Pune,Groceries,10.0,274.71,10.0,2472.36
2024-07-28,Chennai,Groceries,5.0,391.68,0.0,1958.4
2024-12-03,Mumbai,Groceries,10.0,240.96,20.0,1927.69
2025-03-01,Chennai,Home & Kitchen,6.0,2331.69,0.0,13990.12
2024-12-25,Mumbai,Beauty,5.0,435.45,0.0,2177.24
2024-04-24,Chennai,Clothing,9.0,1419.08,20.0,10217.38
2025-11-13,Pune,Home & Kitchen,12.0,1745.18,5.0,19895.05
2024-10-19,Pune,Electronics,5.0,11279.08,0.0,56395.38
2024-11-13,Mumbai,Clothing,7.0,1173.67,10.0,7394.14
2024-10-30,Mumbai,Groceries,7.0,382.28,0.0,2675.99
2024-12-08,Mumbai,Groceries,7.0,314.81,15.0,1873.14
2025-04-29,Pune,Sports,4.0,1801.59,25.0,5404.78
2025-02-10,Pune,Clothing,10.0,1071.24,10.0,9641.2
2024-10-19,Bangalore,Electronics,5.0,9694.29,15.0,41200.71
2025-01-24,Mumbai,Electronics,11.0,10158.63,0.0,111744.93
2024-09-29,Mumbai,Electronics,9.0,10769.01,0.0,96921.13
2025-12-17,Delhi,Home & Kitchen,9.0,1691.3,10.0,13699.52
2025-02-22,Delhi,Groceries,7.0,393.15,5.0,2614.48
2024-12-01,Pune,Sports,11.0,1903.36,5.0,19890.14
2024-11-05,Mumbai,Groceries,9.0,377.85,0.0,3400.65
2025-04-05,Chennai,Groceries,9.0,349.97,0.0,3149.73
2025-07-29,Delhi,Beauty,6.0,522.49,0.0,3134.96
2024-09-04,Delhi,Clothing,3.0,1326.67,5.0,3781.01
2025-06-12,Mumbai,Electronics,5.0,4957.56,20.0,19830.25
2024-01-19,Pune,Beauty,3.0,732.35,10.0,1977.35
2025-07-09,Mumbai,Beauty,4.0,749.88,0.0,2999.54
2025-06-21,Delhi,Home & Kitchen,6.0,1597.15,15.0,8145.47
2024-08-14,Pune,Electronics,4.0,10723.11,10.0,38603.19
2024-08-31,Mumbai,Sports,5.0,1958.57,25.0,7344.64
2025-07-12,Delhi,Groceries,4.0,420.05,10.0,1512.17
2025-04-01,Bangalore,Electronics,14.0,10676.89,5.0,142002.61
2024-06-18,Mumbai,Groceries,11.0,344.83,10.0,3413.78
2025-04-29,Pune,Clothing,10.0,887.52,10.0,7987.66
2025-09-03,Delhi,Electronics,4.0,8949.3,0.0,35797.19
2025-02-03,Chennai,Clothing,5.0,1517.4,0.0,7587.01
2025-12-20,Bangalore,Home & Kitchen,4.0,1745.89,5.0,6634.37
2024-08-06,Chennai,Groceries,4.0,407.21,0.0,1628.83
2024-07-03,Delhi,Home & Kitchen,6.0,1942.07,15.0,9904.55
2024-05-09,Pune,Beauty,10.0,725.38,15.0,6165.7
2025-09-09,Pune,Groceries,11.0,191.01,10.0,1890.95
2024-03-07,Mumbai,Home & Kitchen,7.0,2323.73,0.0,16266.13
2025-09-23,Mumbai,Electronics,6.0,10729.34,10.0,57938.44
2024-10-24,Bangalore,Groceries,1.0,356.03,0.0,356.03
2025-07-09,Bangalore,Electronics,6.0,9199.65,10.0,49678.09
2024-12-03,Bangalore,Sports,7.0,1857.2,10.0,11700.36
2025-06-03,Mumbai,Electronics,7.0,9250.53,15.0,55040.67
2025-09-11,Chennai,Groceries,7.0,207.91,0.0,1455.37
2025-02-01,Chennai,Clothing,7.0,1323.96,20.0,7414.17
2024-08-14,Delhi,Electronics,3.0,7019.59,5.0,20005.82
2025-02-07,Chennai,Sports,5.0,2168.57,15.0,9216.44
2025-06-07,Mumbai,Groceries,6.0,341.77,0.0,2050.65
2025-06-28,Pune,Electronics,7.0,9199.24,0.0,64394.68
2024-10-07,Bangalore,Clothing,7.0,1122.75,10.0,7073.34
2024-05-08,Chennai,Electronics,6.0,11646.13,10.0,62889.09
2025-03-03,Delhi,Electronics,4.0,8013.5,0.0,32054.02
2024-03-25,Mumbai,Clothing,3.0,1089.67,10.0,2942.1
2025-01-15,Bangalore,Clothing,5.0,989.17,10.0,4451.25
2025-06-29,Pune,Home & Kitchen,9.0,1805.41,5.0,15436.27
2024-09-10,Chennai,Beauty,2.0,619.8,0.0,1239.61
2025-06-06,Delhi,Sports,3.0,1965.21,5.0,5600.85
2024-10-23,Mumbai,Electronics,14.0,9081.27,5.0,120780.91
2024-10-08,Chennai,Sports,13.0,2711.73,10.0,31727.19
2024-12-31,Pune,Groceries,8.0,333.39,10.0,2400.44
2025-12-10,Delhi,Clothing,2.0,1285.41,0.0,2570.82
2024-09-02,Mumbai,Groceries,4.0,307.28,5.0,1167.66
2025-11-22,Pune,Electronics,8.0,10242.95,0.0,81943.58
2025-09-15,Bangalore,Groceries,4.0,387.44,15.0,1317.3
2025-09-21,Mumbai,Clothing,5.0,1269.28,0.0,6346.39
2024-02-10,Pune,Groceries,4.0,318.89,10.0,1148.02
2024-04-18,Mumbai,Home & Kitchen,10.0,2137.56,0.0,21375.63
2025-01-08,Chennai,Clothing,8.0,1247.06,10.0,8978.8
2024-07-07,Delhi,Sports,6.0,2722.51,5.0,15518.33
2025-05-04,Pune,Groceries,6.0,406.31,0.0,2437.83
2024-12-17,Bangalore,Clothing,10.0,982.78,0.0,9827.75
2024-10-15,Bangalore,Electronics,4.0,7980.23,15.0,27132.77
2025-09-28,Mumbai,Clothing,8.0,1439.21,5.0,10937.97
2024-07-15,Delhi,Clothing,4.0,1818.27,20.0,5818.46
2025-02-23,Delhi,Groceries,12.0,228.61,5.0,2606.17
2025-12-29,Pune,Groceries,5.0,402.96,15.0,1712.57
2024-10-18,Chennai,Sports,7.0,1641.71,10.0,10342.75
2024-01-08,Bangalore,Groceries,3.0,306.46,5.0,873.42
2025-09-03,Delhi,Beauty,5.0,524.06,10.0,2358.28
2025-07-05,Bangalore,Groceries,10.0,258.09,0.0,2580.92
2025-05-09,Mumbai,Electronics,9.0,8923.89,15.0,68267.76
2024-01-29,Bangalore,Home & Kitchen,10.0,2217.0,0.0,22170.03
2024-07-25,Mumbai,Electronics,7.0,9735.09,5.0,64738.32
2024-11-04,Bangalore,Home & Kitchen,3.0,1733.7,5.0,4941.04
2025-05-04,Delhi,Sports,4.0,1158.17,10.0,4169.4
2024-04-19,Mumbai,Beauty,7.0,575.37,5.0,3826.23
2024-11-10,Delhi,Groceries,14.0,263.57,15.0,3136.44
2025-09-29,Bangalore,Groceries,5.0,330.99,5.0,1572.21
2024-08-12,Bangalore,Home & Kitchen,8.0,1074.85,5.0,8168.85
2025-06-30,Delhi,Beauty,6.0,655.4,10.0,3539.16
2024-11-04,Bangalore,Groceries,4.0,334.52,5.0,1271.16
2024-07-30,Pune,Groceries,4.0,348.82,10.0,1255.74
2024-08-30,Pune,Beauty,6.0,727.49,5.0,4146.69
2025-03-12,Bangalore,Groceries,7.0,351.41,10.0,2213.89
2025-09-21,Pune,Groceries,3.0,426.73,10.0,1152.17
2024-10-07,Delhi,Groceries,12.0,408.24,0.0,4898.92
2025-03-15,Pune,Clothing,2.0,1329.51,10.0,2393.13
2025-04-07,Mumbai,Clothing,6.0,993.92,10.0,5367.18
2025-08-18,Pune,Groceries,6.0,291.3,5.0,1660.41
2025-12-14,Chennai,Electronics,8.0,8489.72,0.0,67917.78
2024-05-26,Mumbai,Groceries,1.0,502.86,20.0,402.29
2024-09-25,Bangalore,Clothing,4.0,1477.13,5.0,5613.11
2024-12-05,Pune,Electronics,16.0,8034.75,0.0,128556.03
2024-12-24,Delhi,Groceries,15.0,349.93,10.0,4724.03
2024-07-09,Chennai,Groceries,5.0,328.93,20.0,1315.72
2024-09-19,Delhi,Beauty,10.0,660.89,0.0,6608.93
2024-07-16,Mumbai,Electronics,9.0,6990.05,0.0,62910.48
2024-07-09,Mumbai,Groceries,4.0,419.17,20.0,1341.34
2024-05-04,Chennai,Groceries,3.0,429.82,10.0,1160.5
2024-03-11,Bangalore,Sports,5.0,2781.44,0.0,13907.19
2025-05-10,Bangalore,Groceries,9.0,396.65,0.0,3569.86
2025-03-06,Bangalore,Electronics,5.0,7046.02,25.0,26422.57
2025-05-20,Pune,Groceries,10.0,233.91,0.0,2339.08
2025-04-02,Mumbai,Electronics,10.0,7520.92,0.0,75209.16
2024-08-02,Mumbai,Sports,9.0,2150.83,10.0,17421.68
2025-04-26,Delhi,Groceries,7.0,329.77,0.0,2308.41
2024-05-19,Pune,Electronics,3.0,6537.03,15.0,16669.42
2025-05-11,Pune,Clothing,4.0,743.62,15.0,2528.3
2025-01-23,Mumbai,Groceries,6.0,418.69,0.0,2512.12
2024-09-12,Pune,Sports,7.0,2136.35,25.0,11215.82
2024-01-23,Mumbai,Groceries,5.0,464.38,15.0,1973.61
2025-02-26,Delhi,Home & Kitchen,8.0,2346.99,5.0,17837.16
2024-07-27,Bangalore,Sports,6.0,1799.77,0.0,10798.64
2024-12-15,Bangalore,Sports,8.0,3353.54,10.0,24145.5
2024-03-08,Pune,Sports,13.0,1831.24,25.0,17854.54
2024-12-31,Pune,Clothing,8.0,1435.08,10.0,10332.55
2024-09-22,Mumbai,Clothing,11.0,1231.03,20.0,10833.1
2024-09-11,Chennai,Groceries,6.0,280.91,0.0,1685.48
2024-04-05,Delhi,Home & Kitchen,7.0,1814.56,15.0,10796.63
2025-07-04,Bangalore,Clothing,4.0,1202.82,15.0,4089.6
2024-06-14,Bangalore,Clothing,5.0,977.56,0.0,4887.82
2024-05-12,Chennai,Clothing,6.0,730.01,15.0,3723.03
2025-04-25,Bangalore,Electronics,8.0,8313.39,0.0,66507.13
2024-06-29,Mumbai,Electronics,8.0,10333.08,20.0,66131.74
2025-01-27,Chennai,Groceries,8.0,274.31,0.0,2194.49
2024-11-20,Bangalore,Electronics,4.0,8315.53,5.0,31599.02
2025-10-16,Bangalore,Electronics,11.0,5200.28,15.0,48622.62
2024-01-11,Mumbai,Clothing,8.0,865.77,5.0,6579.84
2024-12-13,Bangalore,Electronics,9.0,9243.91,5.0,79035.42
2025-08-30,Mumbai,Clothing,8.0,1062.36,15.0,7224.06
2025-10-05,Mumbai,Electronics,7.0,7380.6,5.0,49080.97
2024-09-28,Bangalore,Home & Kitchen,7.0,997.7,0.0,6983.9
2025-08-04,Chennai,Electronics,7.0,9009.5,10.0,56759.88
2024-10-05,Delhi,Electronics,9.0,10139.28,0.0,91253.54
2025-04-24,Delhi,Clothing,6.0,1056.42,0.0,6338.52
2024-12-01,Delhi,Sports,5.0,2567.04,20.0,10268.16
2024-03-31,Pune,Beauty,9.0,726.57,20.0,5231.31
2025-12-27,Chennai,Beauty,7.0,1001.81,15.0,5960.76
2024-05-10,Delhi,Electronics,6.0,10827.34,5.0,61715.85
2024-06-01,Mumbai,Clothing,5.0,1439.32,5.0,6836.75
2025-11-24,Pune,Beauty,7.0,715.81,5.0,4760.15
2025-08-28,Delhi,Sports,6.0,2011.72,20.0,9656.25
2024-09-30,Chennai,Clothing,3.0,983.44,0.0,2950.31
2024-10-15,Chennai,Groceries,10.0,350.35,0.0,3503.45
2025-09-19,Delhi,Sports,6.0,2265.75,15.0,11555.33
2025-03-29,Mumbai,Electronics,6.0,6104.41,5.0,34795.16
2024-12-12,Delhi,Sports,13.0,2482.79,10.0,29048.7
2024-08-10,Chennai,Groceries,4.0,398.79,15.0,1355.89
2024-08-01,Pune,Home & Kitchen,8.0,1677.03,0.0,13416.26
2024-04-29,Bangalore,Home & Kitchen,12.0,1715.11,0.0,20581.35
2024-07-03,Chennai,Home & Kitchen,10.0,1384.06,25.0,10380.42
2024-11-11,Delhi,Electronics,,8073.74,0.0,64589.91
2024-03-07,Mumbai,Home & Kitchen,4.0,1780.39,0.0,7121.57
2024-11-28,Mumbai,Clothing,6.0,1521.16,10.0,8214.24
2024-07-22,Mumbai,Beauty,5.0,956.15,0.0,4780.74
2024-06-17,Bangalore,Beauty,1.0,604.75,5.0,574.51
2024-04-28,Mumbai,Groceries,4.0,336.29,0.0,1345.16
2024-02-20,Pune,Beauty,13.0,604.41,0.0,7857.31
2025-10-06,Pune,Home & Kitchen,5.0,2039.1,5.0,9685.74
2025-06-01,Bangalore,Groceries,7.0,402.86,0.0,2819.99
2025-05-08,Chennai,Groceries,5.0,331.75,0.0,1658.75
2025-02-28,Chennai,Home & Kitchen,6.0,1639.54,0.0,9837.26
2024-10-14,Delhi,Clothing,10.0,1711.94,10.0,15407.5
2025-10-13,Mumbai,Groceries,7.0,368.16,10.0,2319.41
2024-05-26,Mumbai,Clothing,6.0,1289.32,5.0,7349.13
2024-11-02,Delhi,Groceries,5.0,434.46,20.0,1737.82
2025-07-30,Bangalore,Home & Kitchen,7.0,1996.72,10.0,12579.36
2025-05-04,Bangalore,Groceries,9.0,147.61,10.0,1195.65
2024-05-24,Pune,Clothing,7.0,901.28,20.0,5047.16
2024-04-18,Mumbai,Groceries,7.0,335.94,20.0,1881.27
2024-10-08,Bangalore,Sports,6.0,1797.64,0.0,10785.83
2024-11-14,Mumbai,Clothing,11.0,1203.86,5.0,12580.37
2024-06-06,Mumbai,Home & Kitchen,7.0,2222.2,5.0,14777.65
2025-10-11,Mumbai,Home & Kitchen,6.0,2135.63,10.0,11532.4
2024-01-03,Pune,Home & Kitchen,5.0,765.42,5.0,3635.73
2024-04-19,Delhi,Clothing,3.0,1217.57,0.0,3652.7
2025-08-06,Delhi,Sports,5.0,2437.66,5.0,11578.89
2024-12-02,Mumbai,Groceries,6.0,288.75,0.0,1732.48
2024-11-11,Delhi,Electronics,7.0,10664.36,0.0,74650.5
2025-08-27,Bangalore,Clothing,6.0,1067.94,15.0,5446.49
2025-03-24,Chennai,Groceries,10.0,435.85,0.0,4358.53
2025-10-11,Pune,Beauty,5.0,728.37,0.0,3641.83
2025-04-03,Pune,Groceries,8.0,321.51,0.0,2572.12
2025-11-09,Mumbai,Electronics,10.0,7802.8,20.0,62422.43
2025-07-13,Mumbai,Groceries,5.0,375.79,10.0,1691.04
2025-06-18,Bangalore,Sports,9.0,1881.61,15.0,14394.3
2024-10-06,Mumbai,Groceries,11.0,227.9,0.0,2506.95
2025-07-11,Delhi,Clothing,6.0,831.63,0.0,4989.76
2024-08-14,Delhi,Groceries,5.0,327.33,0.0,1636.65
2024-03-22,Pune,Beauty,6.0,713.14,0.0,4278.85
2025-11-09,Chennai,Home & Kitchen,8.0,1247.54,20.0,7984.26
2024-02-18,Delhi,Groceries,6.0,425.51,15.0,2170.13
2024-07-22,Bangalore,Electronics,7.0,7758.05,0.0,54306.33
2024-12-05,Delhi,Sports,10.0,2077.96,0.0,20779.57
2024-07-22,Bangalore,Electronics,6.0,6903.56,15.0,35208.17
2025-12-16,Pune,Clothing,6.0,1027.02,10.0,5545.89
2025-04-07,Chennai,Home & Kitchen,9.0,2360.34,10.0,19118.79
2024-09-07,Delhi,Home & Kitchen,9.0,1127.19,5.0,9637.46
2025-01-03,Delhi,Home & Kitchen,6.0,1648.05,0.0,9888.3
2025-08-21,Bangalore,Electronics,4.0,9782.39,0.0,39129.57
2025-01-10,Bangalore,Sports,2.0,1348.12,0.0,2696.24
2024-12-09,Delhi,Home & Kitchen,6.0,1407.88,15.0,7180.17
2025-07-12,Delhi,Beauty,5.0,478.75,0.0,2393.73
2024-10-12,Bangalore,Groceries,9.0,251.82,0.0,2266.42
2024-06-06,Mumbai,Sports,5.0,1669.7,5.0,7931.05
2024-03-09,Bangalore,Electronics,7.0,9044.49,0.0,63311.4
2025-03-31,Mumbai,Groceries,16.0,333.51,10.0,4802.5
2024-02-19,Mumbai,Clothing,9.0,1241.39,5.0,10613.92
2024-12-24,Mumbai,Electronics,12.0,11145.13,5.0,127054.44
2025-10-01,Chennai,Electronics,10.0,10382.5,5.0,98633.8
2024-03-01,Delhi,Clothing,9.0,1077.49,25.0,7273.08
2025-01-14,Bangalore,Groceries,6.0,387.82,0.0,2326.9
2025-11-11,Mumbai,Clothing,10.0,1139.76,10.0,10257.85
2024-10-03,Mumbai,Electronics,7.0,6097.66,0.0,42683.62
2024-05-15,Pune,Sports,6.0,2683.5,10.0,14490.88
2024-10-11,Mumbai,Electronics,10.0,11941.58,0.0,119415.79
2024-04-25,Bangalore,Home & Kitchen,9.0,2229.09,10.0,18055.61
2025-03-01,Mumbai,Clothing,5.0,1216.62,5.0,5778.92
2025-12-22,Chennai,Clothing,5.0,1282.17,15.0,5449.21
2025-09-15,Pune,Electronics,5.0,5122.07,10.0,23049.3
2024-02-13,Bangalore,Clothing,3.0,1223.35,0.0,3670.05
2024-01-20,Bangalore,Clothing,8.0,1313.02,15.0,8928.51
2024-05-04,Mumbai,Electronics,5.0,8585.53,0.0,42927.66
2025-07-22,Mumbai,Clothing,2.0,1528.42,0.0,3056.85
2024-01-20,Bangalore,Electronics,8.0,8964.84,15.0,60960.92
2024-11-11,Mumbai,Home & Kitchen,4.0,2636.98,5.0,10020.52
2024-03-13,Pune,Clothing,11.0,1256.2,0.0,13818.25
2025-11-08,Mumbai,Beauty,6.0,892.06,15.0,4549.52
2025-04-08,Delhi,Electronics,6.0,6452.41,10.0,34843.04
2024-03-21,Delhi,Beauty,6.0,510.77,15.0,2604.9
2024-11-24,Delhi,Clothing,10.0,928.92,0.0,9289.25
2024-01-15,Mumbai,Groceries,3.0,260.27,0.0,780.8
2025-12-27,Bangalore,Electronics,11.0,8881.33,10.0,87925.18
2025-10-15,Delhi,Clothing,7.0,1298.74,5.0,8636.6
2025-10-06,Bangalore,Home & Kitchen,7.0,2114.08,5.0,14058.65
2024-09-10,Mumbai,Clothing,8.0,1130.8,15.0,7689.46
2025-02-20,Bangalore,Beauty,3.0,652.52,10.0,1761.79
2025-04-06,Mumbai,Home & Kitchen,9.0,1981.39,0.0,17832.51
2024-05-08,Delhi,Home & Kitchen,9.0,1548.94,15.0,11849.4
2025-05-14,Bangalore,Electronics,3.0,6902.63,20.0,16566.3
2024-01-29,Mumbai,Electronics,7.0,9033.92,5.0,60075.55
2025-06-24,Chennai,Home & Kitchen,4.0,2501.88,5.0,9507.14
2024-09-21,Delhi,Groceries,4.0,386.19,20.0,1235.82
2024-01-04,Bangalore,Home & Kitchen,4.0,1845.52,10.0,6643.86
2025-05-04,Delhi,Clothing,8.0,1200.56,20.0,7683.6
2024-03-29,Pune,Clothing,5.0,825.25,25.0,3094.67
2024-11-22,Mumbai,Home & Kitchen,9.0,1860.38,15.0,14231.88
2025-04-17,Pune,Clothing,10.0,1126.02,5.0,10697.18
2025-10-29,Mumbai,Home & Kitchen,9.0,1647.98,10.0,13348.66
2025-06-15,Bangalore,Groceries,7.0,277.63,10.0,1749.07
2024-01-29,Chennai,Home & Kitchen,4.0,1349.8,0.0,5399.19
2024-09-07,Mumbai,Home & Kitchen,8.0,1242.46,15.0,8448.73
2025-09-16,Pune,Electronics,5.0,7356.17,15.0,31263.74
2024-04-15,Chennai,Electronics,8.0,10686.29,5.0,81215.81
2024-05-26,Bangalore,Clothing,6.0,1622.31,0.0,9733.84
2024-03-12,Mumbai,Home & Kitchen,5.0,1683.98,25.0,6314.91
2025-03-07,Mumbai,Clothing,6.0,955.82,15.0,4874.69
2024-04-19,Bangalore,Groceries,6.0,365.51,20.0,1754.46
2025-07-09,Delhi,Sports,9.0,2111.14,10.0,17100.21
2024-05-15,Delhi,Electronics,5.0,8905.39,5.0,42300.58
2024-01-14,Chennai,Home & Kitchen,5.0,1964.2,5.0,9329.96
2025-10-09,Pune,Sports,9.0,2052.75,10.0,16627.26
2025-06-08,Delhi,Clothing,3.0,1266.37,0.0,3799.1
2024-09-15,Pune,Sports,7.0,1576.24,0.0,11033.67
2025-05-04,Pune,Clothing,3.0,1131.43,0.0,3394.28
2024-01-25,Bangalore,Groceries,5.0,369.38,10.0,1662.23
2024-06-05,Mumbai,Clothing,11.0,1067.25,10.0,10565.76
2025-05-25,Delhi,Home & Kitchen,6.0,1641.02,0.0,9846.14
2025-03-01,Bangalore,Sports,8.0,1706.36,0.0,13650.91
2025-11-22,Delhi,Beauty,4.0,742.58,5.0,2821.8
2025-06-17,Mumbai,Clothing,10.0,1238.91,0.0,12389.1
2025-01-06,Mumbai,Groceries,5.0,268.37,10.0,1207.65
2025-10-05,Mumbai,Groceries,6.0,280.98,25.0,1264.39
2024-04-07,Chennai,Beauty,8.0,691.88,0.0,5535.04
2024-02-22,Delhi,Beauty,3.0,807.19,15.0,2058.33
2025-07-19,Chennai,Groceries,3.0,371.69,5.0,1059.32
2024-06-26,Bangalore,Electronics,7.0,9420.42,5.0,62645.82
2025-03-15,Mumbai,Sports,5.0,2256.17,15.0,9588.71
2024-01-10,Bangalore,Home & Kitchen,3.0,1560.44,0.0,4681.33
2025-02-04,Delhi,Clothing,9.0,1109.93,20.0,7991.48
2025-01-31,Bangalore,Clothing,6.0,1112.53,25.0,5006.37
2025-07-28,Bangalore,Clothing,5.0,801.6,0.0,4007.99
2024-06-02,Bangalore,Clothing,5.0,897.42,5.0,4262.75
2025-03-03,Bangalore,Electronics,6.0,6861.93,0.0,41171.58
2024-03-07,Bangalore,Sports,7.0,3002.96,15.0,17867.59
2024-01-30,Mumbai,Beauty,7.0,593.77,25.0,3117.31
2024-12-17,Delhi,Sports,8.0,1983.55,0.0,15868.39
2024-06-01,Bangalore,Home & Kitchen,9.0,1764.91,0.0,15884.2
2025-08-13,Bangalore,Beauty,5.0,502.69,10.0,2262.09
2024-02-01,Mumbai,Electronics,7.0,8009.66,15.0,47657.45
2025-09-18,Delhi,Clothing,3.0,1850.18,0.0,5550.54
2024-02-10,Mumbai,Beauty,4.0,464.96,20.0,1487.86
2024-05-11,Pune,Beauty,7.0,772.58,0.0,5408.09
2024-03-02,Chennai,Beauty,12.0,672.76,25.0,6054.81
2025-07-15,Bangalore,Beauty,2.0,654.45,5.0,1243.46
2025-02-08,Mumbai,Sports,5.0,2117.86,0.0,10589.3
2024-04-28,Pune,Home & Kitchen,6.0,1646.69,20.0,7904.1
2025-04-15,Pune,Home & Kitchen,10.0,2230.76,0.0,22307.58
2025-03-25,Bangalore,Groceries,8.0,332.79,10.0,2396.05
2024-05-09,Mumbai,Electronics,7.0,11834.28,0.0,82839.99
2024-05-22,Bangalore,Electronics,5.0,7852.86,25.0,29448.21
2024-08-21,Delhi,Clothing,4.0,1247.14,5.0,4739.13
2025-06-29,Delhi,Beauty,4.0,903.37,0.0,3613.48
2025-01-14,Delhi,Beauty,5.0,723.3,5.0,3435.7
2024-11-09,Delhi,Groceries,8.0,294.58,10.0,2121.0
2025-03-09,Chennai,Home & Kitchen,5.0,1334.23,0.0,6671.14
2025-11-12,Bangalore,Groceries,7.0,286.62,10.0,1805.73
2025-09-24,Mumbai,Home & Kitchen,1.0,1966.27,5.0,1867.96
2024-03-17,Delhi,Electronics,3.0,8241.74,0.0,24725.22
2024-11-05,Mumbai,Clothing,6.0,1279.81,10.0,6910.99
2025-05-07,Delhi,Groceries,10.0,411.28,10.0,3701.49
2024-11-16,Delhi,Home & Kitchen,9.0,1764.99,0.0,15884.9
2024-01-25,Delhi,Groceries,2.0,312.1,15.0,530.57
2025-03-03,Mumbai,Groceries,7.0,400.98,10.0,2526.17
2025-09-16,Chennai,Groceries,9.0,410.3,0.0,3692.74
2025-10-13,Delhi,Beauty,13.0,648.29,5.0,8006.37
2024-05-26,Pune,Beauty,7.0,431.05,0.0,3017.36
2024-10-18,Pune,Clothing,6.0,1343.57,25.0,6046.08
2025-04-25,Bangalore,Groceries,8.0,319.86,0.0,2558.85
2025-04-04,Delhi,Clothing,4.0,1290.35,5.0,4903.34
2025-09-21,Mumbai,Electronics,4.0,8167.51,5.0,31036.53
2024-08-27,Bangalore,Beauty,8.0,697.34,0.0,5578.69
2025-09-04,Pune,Clothing,1.0,1011.31,0.0,1011.31
2024-03-20,Mumbai,Electronics,6.0,9376.76,0.0,56260.55
2025-09-12,Bangalore,Electronics,6.0,9087.28,0.0,54523.65
2025-12-02,Bangalore,Sports,11.0,2559.92,10.0,25343.23
2024-01-11,Bangalore,Electronics,6.0,11959.39,10.0,64580.71
2024-09-11,Pune,Home & Kitchen,3.0,2258.51,5.0,6436.74
2024-08-15,Pune,Home & Kitchen,6.0,1850.14,0.0,11100.86
2024-12-17,Delhi,Groceries,8.0,379.97,0.0,3039.77
2024-07-05,Mumbai,Groceries,5.0,401.15,15.0,1704.88
2024-02-16,Pune,Beauty,11.0,685.59,10.0,6787.32
2024-11-18,Chennai,Groceries,8.0,370.75,0.0,2966.02
2025-02-20,Chennai,Beauty,5.0,652.76,10.0,2937.44
2024-08-28,Delhi,Home & Kitchen,15.0,1225.75,0.0,18386.22
2024-12-06,Pune,Beauty,8.0,664.55,0.0,5316.44
2024-03-31,Delhi,Groceries,7.0,162.79,0.0,1139.53
2025-05-07,Pune,Electronics,10.0,9978.97,5.0,94800.19
2024-05-07,Delhi,Sports,9.0,2769.7,25.0,18695.49
2024-08-17,Mumbai,Home & Kitchen,5.0,2338.65,0.0,11693.27
2025-09-20,Bangalore,Beauty,6.0,456.24,25.0,2053.08
2024-03-16,Bangalore,Electronics,9.0,7488.89,5.0,64030.0
2025-02-20,Mumbai,Groceries,6.0,444.95,20.0,2135.75
2025-08-01,Pune,Electronics,8.0,10321.81,0.0,82574.51
2025-06-14,Delhi,Sports,8.0,1347.26,5.0,10239.17
2024-01-25,Bangalore,Clothing,7.0,997.38,20.0,5585.32
2024-11-16,Pune,Home & Kitchen,9.0,1684.27,0.0,15158.43
2025-07-09,Chennai,Home & Kitchen,8.0,2180.7,20.0,13956.51
2024-01-06,Pune,Groceries,5.0,301.21,5.0,1430.76
2024-06-21,Delhi,Electronics,7.0,8656.08,0.0,60592.55
2024-06-21,Delhi,Groceries,8.0,350.85,10.0,2526.16
2024-11-09,Mumbai,Groceries,9.0,239.51,0.0,2155.61
2025-10-22,Delhi,Electronics,9.0,7010.15,5.0,59936.81
2025-07-05,Chennai,Home & Kitchen,5.0,2000.12,20.0,8000.47
2024-01-31,Mumbai,Home & Kitchen,2.0,1774.97,10.0,3194.95
2024-03-11,Pune,Home & Kitchen,7.0,1780.01,0.0,12460.06
2024-01-01,Pune,Clothing,4.0,769.61,10.0,2770.6
2024-01-20,Chennai,Groceries,5.0,376.8,15.0,1601.4
2025-09-30,Mumbai,Electronics,8.0,8411.79,10.0,60564.92
2024-10-11,Mumbai,Groceries,8.0,483.49,10.0,3481.1
2025-01-10,Bangalore,Beauty,1.0,754.06,25.0,565.55
2025-07-19,Chennai,Beauty,8.0,712.24,20.0,4558.31
2024-09-11,Pune,Home & Kitchen,7.0,2156.98,10.0,13588.96
2024-03-28,Bangalore,Electronics,7.0,5347.8,0.0,37434.6
2024-05-29,Mumbai,Home & Kitchen,3.0,1630.18,0.0,4890.53
2024-10-08,Delhi,Groceries,6.0,350.93,0.0,2105.6
2025-08-06,Mumbai,Groceries,7.0,361.34,5.0,2402.91
2024-11-27,Bangalore,Beauty,13.0,744.23,0.0,9674.99
2024-12-28,Mumbai,Sports,7.0,2282.56,5.0,15179.04
2024-02-03,Delhi,Groceries,10.0,323.75,0.0,3237.47
2025-12-22,Pune,Clothing,7.0,997.56,0.0,6982.91
2024-04-04,Mumbai,Electronics,7.0,7284.86,10.0,45894.61
2025-12-19,Pune,Sports,8.0,1647.49,0.0,13179.95
2025-09-20,Bangalore,Electronics,5.0,10883.69,20.0,43534.74
2024-01-08,Pune,Clothing,4.0,1444.1,15.0,4909.94
2024-06-11,Chennai,Sports,6.0,2126.72,10.0,11484.28
2025-08-25,Pune,Clothing,4.0,1274.21,25.0,3822.62
2024-04-15,Pune,Sports,6.0,2141.06,20.0,10277.08
2025-01-19,Pune,Electronics,6.0,9162.99,5.0,52229.06
2024-05-18,Delhi,Electronics,5.0,9116.65,15.0,38745.75
2025-12-19,Delhi,Home & Kitchen,7.0,1805.22,10.0,11372.9
2024-12-22,Mumbai,Sports,10.0,2508.52,0.0,25085.24
2025-07-10,Mumbai,Electronics,4.0,4448.36,15.0,15124.42
2025-04-07,Pune,Home & Kitchen,4.0,2019.09,15.0,6864.91
2024-08-02,Pune,Home & Kitchen,8.0,2165.36,0.0,17322.91
2025-05-07,Mumbai,Groceries,2.0,489.14,5.0,929.37
2025-01-01,Mumbai,Sports,5.0,2518.09,0.0,12590.45
2025-12-09,Chennai,Home & Kitchen,7.0,1957.65,0.0,13703.58
2024-11-16,Pune,Groceries,9.0,416.78,15.0,3188.34
2024-01-22,Delhi,Home & Kitchen,3.0,2511.44,20.0,6027.45
2024-06-01,Pune,Electronics,6.0,13054.13,0.0,78324.78
2024-09-12,Delhi,Beauty,3.0,586.34,5.0,1671.08
2025-01-04,Pune,Groceries,6.0,560.07,0.0,3360.42
2025-12-11,Chennai,Clothing,3.0,1140.78,25.0,2566.76
2024-05-31,Delhi,Clothing,7.0,1435.29,0.0,10047.06
2025-06-23,Bangalore,Groceries,6.0,382.73,5.0,2181.58
2024-07-19,Chennai,Electronics,9.0,7314.45,10.0,59247.03
2024-10-08,Bangalore,Beauty,10.0,593.52,15.0,5044.91
2024-01-07,Pune,Electronics,8.0,7478.51,5.0,56836.64
2024-10-29,Pune,Electronics,,9852.77,5.0,121681.67
2024-02-10,Mumbai,Electronics,5.0,8076.65,5.0,38364.09
2024-01-27,Pune,Clothing,6.0,1432.82,0.0,8596.95
2025-02-01,Mumbai,Home & Kitchen,3.0,1858.48,10.0,5017.91
2025-03-17,Mumbai,Groceries,5.0,369.51,0.0,1847.57
2024-03-21,Mumbai,Home & Kitchen,5.0,1956.38,10.0,8803.71
2025-01-23,Mumbai,Beauty,4.0,681.14,5.0,2588.33
2024-12-30,Mumbai,Clothing,11.0,1412.53,5.0,14760.95
2024-09-20,Chennai,Electronics,12.0,7590.07,20.0,72864.7
2025-08-28,Delhi,Home & Kitchen,3.0,1435.8,0.0,4307.39
2025-10-24,Delhi,Home & Kitchen,8.0,2033.93,15.0,13830.76
2025-02-03,Delhi,Clothing,9.0,1081.64,0.0,9734.79
2024-08-31,Bangalore,Home & Kitchen,3.0,1978.1,25.0,4450.73
2024-09-20,Delhi,Groceries,7.0,420.28,0.0,2941.95
2024-12-27,Bangalore,Sports,10.0,1781.41,0.0,17814.15
2025-07-03,Chennai,Groceries,5.0,328.82,5.0,1561.89
2025-05-30,Mumbai,Clothing,6.0,1163.1,15.0,5931.8
2024-02-02,Delhi,Sports,6.0,2675.08,0.0,16050.51
2025-02-22,Mumbai,Electronics,6.0,6990.14,0.0,41940.83
2025-04-23,Chennai,Groceries,6.0,363.62,0.0,2181.71
2025-12-02,Mumbai,Groceries,7.0,263.28,5.0,1750.81
2024-05-13,Mumbai,Home & Kitchen,6.0,2655.78,10.0,14341.2
2025-09-09,Mumbai,Home & Kitchen,4.0,1745.53,15.0,5934.79
2024-04-17,Delhi,Home & Kitchen,14.0,2360.12,10.0,29737.57
2025-03-26,Delhi,Groceries,11.0,448.26,5.0,4684.32
2024-05-17,Pune,Home & Kitchen,6.0,1518.45,10.0,8199.64
2025-06-06,Mumbai,Beauty,5.0,686.02,20.0,2744.1
2024-01-24,Delhi,Groceries,5.0,347.63,10.0,1564.34
2024-02-04,Bangalore,Clothing,8.0,969.21,20.0,6202.93
2024-02-23,Mumbai,Groceries,6.0,365.56,0.0,2193.38
2024-08-21,Chennai,Home & Kitchen,8.0,1000.55,15.0,6803.77
2024-10-10,Mumbai,Sports,8.0,1601.65,15.0,10891.25
2024-12-23,Pune,Groceries,17.0,406.63,25.0,5184.54
2025-05-09,Bangalore,Home & Kitchen,5.0,906.77,15.0,3853.77
2024-11-01,Delhi,Groceries,5.0,391.62,15.0,1664.38
2025-01-11,Mumbai,Electronics,7.0,7717.71,20.0,43219.19
2025-05-30,Bangalore,Electronics,10.0,7316.17,15.0,62187.42
2024-04-19,Delhi,Clothing,10.0,1172.0,5.0,11133.97
2024-07-20,Bangalore,Clothing,5.0,1388.01,15.0,5899.03
2025-11-08,Chennai,Home & Kitchen,8.0,1955.85,20.0,12517.42
2025-11-10,Delhi,Clothing,10.0,1120.8,0.0,11208.01
2024-11-20,Delhi,Electronics,11.0,7516.01,0.0,82676.08
2025-07-04,Mumbai,Sports,6.0,2000.53,0.0,12003.17
2025-11-23,Pune,Clothing,6.0,1284.73,0.0,7708.36
2024-07-09,Mumbai,Groceries,9.0,233.41,0.0,2100.73
2025-06-27,Mumbai,Electronics,7.0,9604.37,10.0,60507.53
2024-03-03,Mumbai,Home & Kitchen,8.0,1714.21,5.0,13027.98
2024-11-04,Bangalore,Groceries,7.0,396.02,0.0,2772.12
2024-01-06,Pune,Clothing,6.0,959.36,10.0,5180.56
2024-08-29,Pune,Electronics,3.0,9061.62,0.0,27184.87
2025-03-22,Pune,Home & Kitchen,7.0,1895.11,5.0,12602.51
2025-04-12,Pune,Electronics,5.0,6844.78,0.0,34223.92
2024-12-17,Pune,Clothing,11.0,1184.96,0.0,13034.6
2025-02-05,Bangalore,Clothing,7.0,1185.23,0.0,8296.6
2024-01-04,Mumbai,Sports,3.0,1652.24,10.0,4461.05
2024-10-07,Delhi,Electronics,7.0,7870.24,15.0,46827.94
2025-04-16,Chennai,Clothing,8.0,1264.39,5.0,9609.38
2025-05-01,Mumbai,Electronics,1.0,8226.63,10.0,7403.97
2025-02-16,Chennai,Groceries,11.0,374.94,0.0,4124.37
2024-04-06,Chennai,Beauty,7.0,562.61,0.0,3938.28
2025-08-11,Mumbai,Sports,7.0,2230.11,5.0,14830.25
2025-12-22,Delhi,Clothing,12.0,686.3,15.0,7000.28
2025-01-21,Delhi,Groceries,3.0,307.12,0.0,921.36
2024-02-28,Pune,Clothing,7.0,1248.0,0.0,8736.0
2025-05-03,Delhi,Electronics,2.0,11389.28,0.0,22778.55
2025-05-23,Pune,Electronics,7.0,7220.25,0.0,50541.75
2024-02-16,Bangalore,Clothing,2.0,1595.51,10.0,2871.93
2025-01-05,Mumbai,Clothing,5.0,1135.83,10.0,5111.23
2024-12-15,Chennai,Electronics,10.0,10782.47,5.0,102433.51
2024-01-16,Pune,Beauty,3.0,720.69,0.0,2162.06
2024-04-02,Delhi,Electronics,12.0,10879.06,20.0,104438.97
2024-08-09,Mumbai,Clothing,8.0,1313.2,10.0,9455.06
2025-08-08,Pune,Groceries,5.0,235.88,5.0,1120.42
2025-05-30,Mumbai,Electronics,5.0,9642.95,0.0,48214.73
2025-04-20,Pune,Home & Kitchen,7.0,2051.59,0.0,14361.12
2025-07-13,Bangalore,Electronics,7.0,9229.9,15.0,54917.92
2025-03-14,Mumbai,Groceries,4.0,353.39,10.0,1272.21
2024-01-01,Delhi,Groceries,7.0,371.4,0.0,2599.8
2025-03-06,Bangalore,Electronics,10.0,11263.42,0.0,112634.19
2025-03-16,Bangalore,Electronics,7.0,7148.57,5.0,47537.96
2024-02-18,Mumbai,Beauty,7.0,408.3,0.0,2858.08
2025-10-07,Mumbai,Groceries,14.0,314.87,0.0,4408.16
2025-12-11,Delhi,Clothing,7.0,814.05,25.0,4273.77
2025-02-12,Chennai,Beauty,4.0,650.83,5.0,2473.17
2024-05-19,Bangalore,Electronics,3.0,4928.94,0.0,14786.83
2024-10-02,Delhi,Clothing,7.0,1177.95,5.0,7833.36
2024-11-19,Pune,Sports,10.0,2768.34,0.0,27683.36
2024-01-01,Delhi,Electronics,7.0,8565.97,0.0,59961.76
2025-01-31,Delhi,Groceries,7.0,322.85,10.0,2033.97
2025-08-28,Delhi,Home & Kitchen,7.0,2298.69,0.0,16090.82
2025-03-29,Mumbai,Groceries,9.0,419.65,0.0,3776.82
2024-03-24,Mumbai,Groceries,6.0,191.39,10.0,1033.53
2024-01-04,Chennai,Groceries,9.0,396.17,15.0,3030.72
2024-03-10,Bangalore,Home & Kitchen,4.0,1569.35,0.0,6277.4
2025-03-27,Mumbai,Beauty,9.0,713.39,5.0,6099.48
2024-12-30,Bangalore,Electronics,12.0,6696.91,10.0,72326.66
2025-01-12,Mumbai,Groceries,,324.51,5.0,1541.43
2025-03-22,Delhi,Beauty,4.0,792.65,15.0,2695.02
2024-09-08,Mumbai,Electronics,12.0,8393.36,0.0,100720.34
2024-12-20,Mumbai,Clothing,4.0,964.18,10.0,3471.04
2024-11-26,Mumbai,Electronics,7.0,8359.4,,58515.83
2024-05-24,Chennai,Beauty,8.0,749.31,0.0,5994.49
2025-07-19,Delhi,Groceries,6.0,350.73,0.0,2104.38
2024-08-31,Pune,Groceries,9.0,380.46,15.0,2910.53
2025-09-21,Mumbai,Clothing,4.0,1306.34,10.0,4702.83
2024-07-02,Bangalore,Home & Kitchen,6.0,1726.93,10.0,9325.4
2025-09-07,Mumbai,Clothing,11.0,1019.87,25.0,8413.96
2024-04-19,Chennai,Clothing,9.0,1413.61,15.0,10814.14
2024-09-15,Mumbai,Electronics,6.0,9748.56,0.0,58491.35
2024-06-10,Chennai,Home & Kitchen,5.0,1987.89,5.0,9442.48
2025-04-29,Delhi,Home & Kitchen,9.0,1826.61,0.0,16439.51
2025-01-16,Pune,Electronics,2.0,11567.55,0.0,23135.11
2025-12-30,Delhi,Beauty,11.0,793.32,5.0,8290.21
2025-10-09,Bangalore,Groceries,5.0,435.83,5.0,2070.2
2024-11-14,Delhi,Groceries,6.0,417.79,0.0,2506.74
2025-10-20,Delhi,Groceries,3.0,335.58,0.0,1006.73
2025-10-28,Bangalore,Groceries,8.0,317.82,5.0,2415.44
2025-11-09,Mumbai,Sports,14.0,1707.92,5.0,22715.34
2024-10-06,Pune,Groceries,9.0,394.7,10.0,3197.06
2025-12-09,Pune,Electronics,5.0,5330.87,0.0,26654.34
2025-02-11,Delhi,Clothing,3.0,1036.69,0.0,3110.06
2025-01-16,Bangalore,Groceries,3.0,481.31,15.0,1227.33
2025-11-28,Mumbai,Electronics,3.0,10068.95,10.0,27186.18
2025-01-11,Delhi,Electronics,6.0,9167.01,10.0,49501.88
2025-09-12,Chennai,Clothing,4.0,1719.22,15.0,5845.36
2025-01-28,Mumbai,Beauty,7.0,359.18,0.0,2514.26
2024-12-26,Mumbai,Electronics,9.0,9254.24,10.0,74959.37
2024-12-10,Bangalore,Clothing,5.0,1326.13,0.0,6630.63
2025-08-06,Bangalore,Electronics,10.0,7528.28,10.0,67754.52
2024-01-13,Delhi,Clothing,4.0,1259.38,5.0,4785.63
2025-05-07,Bangalore,Electronics,5.0,7289.36,0.0,36446.82
2025-06-16,Pune,Electronics,8.0,8200.73,5.0,62325.55
2025-01-24,Bangalore,Electronics,8.0,12543.95,5.0,95334.0
2024-01-14,Delhi,Beauty,6.0,1008.65,0.0,6051.91
2025-11-11,Bangalore,Clothing,12.0,1099.15,10.0,11870.87
2024-07-19,Bangalore,Beauty,3.0,525.38,25.0,1182.1
2024-05-17,Pune,Electronics,3.0,12466.84,10.0,33660.46
2024-04-22,Pune,Electronics,5.0,8736.23,0.0,43681.14
2025-11-19,Delhi,Groceries,8.0,447.91,0.0,3583.29
2024-10-02,Chennai,Clothing,10.0,1468.15,10.0,13213.35
2024-09-21,Chennai,Clothing,5.0,1188.19,0.0,5940.95
2024-10-03,Pune,Clothing,8.0,1438.63,0.0,11509.02
2025-03-24,Mumbai,Groceries,12.0,346.45,10.0,3741.64
2025-03-23,Delhi,Electronics,13.0,7569.16,5.0,93479.16
2025-07-11,Delhi,Groceries,5.0,465.43,10.0,2094.41
2024-11-02,Chennai,Groceries,7.0,356.87,10.0,2248.26
2025-03-30,Mumbai,Electronics,6.0,9229.78,15.0,47071.89
2024-11-25,Mumbai,Beauty,10.0,723.77,20.0,5790.14
2025-07-09,Mumbai,Groceries,7.0,295.95,0.0,2071.65
2024-02-01,Delhi,Beauty,1.0,436.66,0.0,436.66
2025-07-24,Chennai,Sports,6.0,2202.71,15.0,11233.84
2024-07-21,Mumbai,Electronics,6.0,8334.46,10.0,45006.1
2024-03-29,Chennai,Clothing,9.0,862.94,25.0,5824.84
2025-11-11,Bangalore,Home & Kitchen,11.0,1705.09,10.0,16880.39
2025-11-24,Chennai,Clothing,8.0,1048.94,10.0,7552.38
2025-08-10,Pune,Beauty,5.0,639.64,0.0,3198.19
2024-05-15,Mumbai,Beauty,3.0,475.39,10.0,1283.56
2025-11-11,Pune,Clothing,1.0,1606.45,10.0,1445.8
2024-09-17,Bangalore,Beauty,5.0,531.54,5.0,2524.83
2025-04-05,Pune,Sports,6.0,2119.55,0.0,12717.27
2025-03-26,Pune,Electronics,9.0,7217.42,0.0,64956.78
2025-11-29,Pune,Groceries,8.0,361.28,0.0,2890.22
2024-08-30,Chennai,Clothing,3.0,1068.88,10.0,2885.97
2024-06-11,Delhi,Electronics,6.0,6204.21,0.0,37225.29
2025-05-06,Chennai,Sports,3.0,2396.94,0.0,7190.82
2024-10-27,Chennai,Home & Kitchen,7.0,2436.1,15.0,14494.82
2024-08-14,Delhi,Clothing,4.0,1397.78,15.0,4752.45
2024-04-11,Bangalore,Beauty,8.0,430.72,0.0,3445.72
2025-07-10,Delhi,Groceries,6.0,374.87,10.0,2024.31
2025-05-26,Delhi,Clothing,6.0,1403.17,0.0,8419.04
2024-11-28,Delhi,Electronics,9.0,10061.95,0.0,90557.57
2025-08-04,Delhi,Groceries,10.0,341.81,5.0,3247.18
2024-09-01,Chennai,Groceries,4.0,341.07,0.0,1364.27
2024-03-22,Chennai,Sports,2.0,3188.39,10.0,5739.11
2025-03-14,Mumbai,Clothing,6.0,1037.68,5.0,5914.76
2025-04-06,Mumbai,Beauty,8.0,605.46,10.0,4359.34
2025-09-30,Mumbai,Home & Kitchen,11.0,1845.63,0.0,20301.88
2025-02-21,Delhi,Electronics,6.0,8918.81,0.0,53512.83
2024-08-15,Bangalore,Clothing,8.0,935.63,5.0,7110.82
2024-07-29,Bangalore,Home & Kitchen,9.0,2499.76,10.0,20248.04
2025-07-08,Chennai,Clothing,4.0,804.01,0.0,3216.02
2024-08-25,Delhi,Home & Kitchen,,1593.63,15.0,5418.33
2024-01-24,Delhi,Groceries,6.0,264.36,5.0,1506.87
2025-01-02,Mumbai,Beauty,8.0,500.18,5.0,3801.34
2025-02-13,Mumbai,Groceries,7.0,442.02,0.0,3094.17
2025-05-20,Chennai,Clothing,5.0,1071.62,10.0,4822.27
2025-04-04,Mumbai,Sports,4.0,1919.85,25.0,5759.55
2024-04-09,Bangalore,Home & Kitchen,12.0,1790.07,25.0,16110.62
2024-03-28,Bangalore,Home & Kitchen,5.0,1486.47,10.0,6689.09
2025-10-31,Delhi,Groceries,8.0,321.46,0.0,2571.65
2025-09-04,Chennai,Clothing,6.0,791.46,10.0,4273.86
2024-03-20,Bangalore,Clothing,9.0,1632.34,5.0,13956.48
2024-11-05,Mumbai,Groceries,5.0,276.8,10.0,1245.6
2025-07-27,Bangalore,Beauty,5.0,740.85,20.0,2963.41
2025-07-23,Mumbai,Beauty,7.0,482.85,15.0,2872.95
2025-03-08,Mumbai,Clothing,7.0,1428.21,5.0,9497.62
2025-01-07,Delhi,Home & Kitchen,4.0,1098.18,5.0,4173.07
2024-05-10,Mumbai,Groceries,6.0,393.29,15.0,2005.76
2024-11-23,Chennai,Clothing,11.0,833.55,25.0,6876.79
2024-03-31,Delhi,Clothing,8.0,1274.1,0.0,10192.82
2024-06-10,Delhi,Beauty,8.0,468.5,0.0,3748.04
2025-07-09,Pune,Sports,8.0,1920.17,15.0,13057.19
2024-08-09,Pune,Clothing,6.0,1718.5,5.0,9795.44
2025-07-28,Delhi,Beauty,4.0,641.53,0.0,2566.12
2024-07-11,Pune,Home & Kitchen,6.0,2232.67,0.0,13396.03
2024-10-11,Bangalore,Electronics,7.0,5926.61,10.0,37337.63
2025-11-01,Delhi,Sports,13.0,2292.47,0.0,29802.09
2025-06-25,Delhi,Sports,9.0,2302.0,0.0,20718.02
2025-12-17,Pune,Beauty,10.0,308.25,10.0,2774.22
2025-10-18,Mumbai,Clothing,12.0,1626.44,15.0,16589.68
2024-10-26,Pune,Groceries,8.0,289.49,5.0,2200.14
2024-06-17,Bangalore,Home & Kitchen,9.0,2083.56,20.0,15001.61
2025-02-25,Delhi,Home & Kitchen,6.0,1601.28,25.0,7205.77
2024-01-07,Mumbai,Groceries,6.0,376.37,0.0,2258.23
2024-11-28,Mumbai,Groceries,10.0,327.54,10.0,2947.87
2025-07-23,Chennai,Clothing,5.0,697.7,0.0,3488.48
2025-03-05,Delhi,Home & Kitchen,7.0,2455.28,10.0,15468.27
2025-12-07,Mumbai,Electronics,6.0,11740.98,10.0,63401.28
2024-05-03,Delhi,Electronics,8.0,10974.57,0.0,87796.52
2025-04-15,Mumbai,Groceries,7.0,340.2,0.0,2381.41
2025-03-09,Mumbai,Beauty,8.0,708.28,0.0,5666.21
2025-07-30,Mumbai,Beauty,10.0,639.66,0.0,6396.58
2025-09-28,Delhi,Sports,2.0,2061.77,0.0,4123.54
2024-05-30,Bangalore,Clothing,9.0,1055.41,10.0,8548.85
2024-11-07,Bangalore,Electronics,10.0,9526.24,10.0,85736.17
2024-10-06,Pune,Groceries,7.0,384.6,10.0,2422.98
2024-05-05,Pune,Groceries,4.0,334.53,10.0,1204.31
2025-08-30,Mumbai,Home & Kitchen,7.0,1501.08,5.0,9982.18
2025-01-10,Pune,Electronics,2.0,8626.68,20.0,13802.68
2024-01-26,Delhi,Clothing,6.0,944.64,5.0,5384.44
2024-07-27,Delhi,Groceries,6.0,195.22,20.0,937.04
2025-05-16,Mumbai,Clothing,2.0,1153.63,0.0,2307.25
2024-03-20,Delhi,Clothing,4.0,1556.54,20.0,4980.93
2024-06-16,Bangalore,Beauty,4.0,603.15,15.0,2050.7
2024-04-13,Chennai,Clothing,3.0,1016.55,15.0,2592.21
2024-08-21,Mumbai,Beauty,3.0,643.31,5.0,1833.43
2025-03-04,Chennai,Home & Kitchen,4.0,1619.88,15.0,5507.58
2025-05-28,Pune,Groceries,3.0,404.34,0.0,1213.02
2024-02-19,Bangalore,Groceries,7.0,301.58,0.0,2111.06
2025-11-19,Mumbai,Beauty,9.0,645.16,0.0,5806.44
2025-12-31,Mumbai,Clothing,12.0,1090.77,15.0,11125.81
2025-02-22,Delhi,Sports,12.0,2243.7,10.0,24231.94
2025-12-12,Mumbai,Electronics,8.0,8803.54,20.0,56342.63
2024-01-01,Delhi,Clothing,6.0,1130.64,10.0,6105.46
2024-06-21,Pune,Electronics,4.0,8075.21,10.0,29070.77
2025-09-24,Mumbai,Home & Kitchen,7.0,1544.2,,8647.5
2025-11-07,Bangalore,Groceries,8.0,407.99,10.0,2937.51
2025-05-04,Bangalore,Groceries,7.0,394.39,0.0,2760.72
2025-09-17,Delhi,Electronics,2.0,4712.17,0.0,9424.35
2025-04-07,Mumbai,Electronics,6.0,5134.67,5.0,29267.6
2024-03-26,Chennai,Home & Kitchen,5.0,1362.4,25.0,5109.01
2025-04-29,Delhi,Electronics,8.0,8850.04,5.0,67260.31
2025-04-01,Chennai,Groceries,9.0,294.58,10.0,2386.11
2025-06-03,Bangalore,Home & Kitchen,7.0,1724.56,0.0,12071.95
2024-02-14,Bangalore,Home & Kitchen,2.0,1898.51,10.0,3417.32
2025-08-26,Mumbai,Sports,6.0,2366.87,10.0,12781.12
2024-10-28,Bangalore,Home & Kitchen,8.0,1964.34,15.0,13357.52
2024-08-18,Mumbai,Electronics,8.0,8636.18,0.0,69089.43
2025-08-05,Chennai,Groceries,7.0,382.96,0.0,2680.7
2025-10-11,Chennai,Beauty,8.0,556.33,0.0,4450.66
2024-12-11,Delhi,Electronics,6.0,9687.55,0.0,58125.33
2024-05-15,Delhi,Sports,4.0,1986.89,25.0,5960.68
2024-02-19,Delhi,Electronics,7.0,7982.46,5.0,53083.36
2025-12-04,Mumbai,Groceries,10.0,368.63,10.0,3317.64
2025-10-14,Delhi,Sports,9.0,1585.36,10.0,12841.38
2025-05-26,Pune,Electronics,5.0,7363.71,0.0,36818.54
2025-02-23,Mumbai,Home & Kitchen,3.0,1530.66,5.0,4362.37
2024-12-12,Mumbai,Electronics,7.0,7980.17,20.0,44688.96
2024-03-02,Delhi,Home & Kitchen,6.0,1742.88,0.0,10457.25
2024-02-05,Pune,Sports,9.0,1755.97,10.0,14223.35
2024-07-26,Pune,Home & Kitchen,3.0,2494.59,15.0,6361.2
2024-05-27,Mumbai,Electronics,8.0,10323.56,0.0,82588.49
2024-09-07,Pune,Groceries,6.0,330.13,10.0,1782.69
2025-04-03,Bangalore,Electronics,5.0,11669.34,15.0,49594.69
2024-01-01,Delhi,Clothing,12.0,998.25,0.0,11978.94
2025-07-19,Bangalore,Clothing,8.0,1313.13,5.0,9979.76
2025-07-19,Chennai,Electronics,5.0,8176.86,15.0,34751.65
2024-09-24,Bangalore,Home & Kitchen,10.0,2332.43,5.0,22158.12
2024-11-22,Bangalore,Clothing,8.0,1195.7,20.0,7652.47
2024-10-29,Mumbai,Clothing,7.0,1165.71,0.0,8159.99
2025-10-31,Pune,Clothing,5.0,1157.09,5.0,5496.17
2024-08-24,Pune,Groceries,7.0,227.37,15.0,1352.83
2024-11-04,Mumbai,Home & Kitchen,16.0,2188.26,0.0,35012.14
2024-10-30,Chennai,Electronics,8.0,6694.62,5.0,50879.09
2025-01-06,Mumbai,Clothing,4.0,938.29,0.0,3753.16
2025-04-17,Delhi,Groceries,7.0,383.34,0.0,2683.4
2024-07-03,Chennai,Electronics,6.0,9602.27,0.0,57613.63
2024-03-30,Bangalore,Electronics,6.0,8606.7,15.0,43894.17
2025-09-24,Mumbai,Clothing,5.0,1012.92,0.0,5064.6
2025-04-22,Bangalore,Beauty,9.0,552.64,5.0,4725.11
2024-12-18,Bangalore,Home & Kitchen,8.0,1319.96,0.0,10559.69
2024-04-16,Chennai,Groceries,8.0,417.1,5.0,3169.97
2025-07-23,Pune,Electronics,6.0,6985.07,10.0,37719.38
2025-09-12,Mumbai,Clothing,5.0,1319.9,10.0,5939.55
2024-04-05,Delhi,Electronics,5.0,9701.19,5.0,46080.65
2024-08-19,Chennai,Sports,6.0,1849.82,0.0,11098.93
2024-06-28,Mumbai,Electronics,8.0,9805.0,0.0,78440.0
2025-10-11,Mumbai,Beauty,9.0,713.43,5.0,6099.86
2025-02-17,Bangalore,Home & Kitchen,3.0,1934.3,20.0,4642.32
2024-03-27,Pune,Groceries,2.0,355.64,10.0,640.16
2025-06-12,Bangalore,Clothing,3.0,1470.72,15.0,3750.33
2024-12-27,Delhi,Sports,6.0,2030.05,0.0,12180.28
2024-05-27,Bangalore,Groceries,5.0,275.46,10.0,1239.56
2024-12-15,Chennai,Beauty,6.0,574.48,0.0,3446.89
2025-12-18,Delhi,Electronics,6.0,7318.14,0.0,43908.84
2024-04-30,Mumbai,Groceries,9.0,354.17,10.0,2868.74
2025-03-31,Bangalore,Groceries,6.0,284.31,15.0,1450.0
2025-02-11,Delhi,Groceries,4.0,265.7,0.0,1062.8
2024-09-05,Delhi,Groceries,5.0,295.05,10.0,1327.72
2024-07-28,Chennai,Groceries,2.0,294.75,5.0,560.02
2025-02-12,Chennai,Electronics,1.0,7100.81,10.0,6390.73
2025-10-04,Chennai,Groceries,4.0,272.39,0.0,1089.54
2025-01-16,Pune,Groceries,2.0,394.31,0.0,788.62
2025-02-03,Delhi,Electronics,5.0,10339.42,10.0,46527.41
2025-12-02,Mumbai,Home & Kitchen,4.0,1616.31,5.0,6141.98
2024-08-12,Delhi,Sports,5.0,2390.43,0.0,11952.13
2024-04-18,Mumbai,Sports,7.0,2279.37,5.0,15157.79
2025-02-11,Bangalore,Home & Kitchen,5.0,1494.22,0.0,7471.1
2024-12-10,Delhi,Clothing,6.0,1423.85,15.0,7261.65
2024-09-05,Chennai,Groceries,3.0,290.59,5.0,828.17
2025-12-13,Pune,Home & Kitchen,8.0,1502.19,,9013.11
2025-01-06,Mumbai,Clothing,5.0,1266.25,0.0,6331.26
2024-07-14,Pune,Groceries,5.0,342.35,0.0,1711.75
2024-01-11,Delhi,Sports,3.0,2101.73,10.0,5674.67
2024-10-13,Pune,Sports,7.0,2836.34,20.0,15883.51
2025-10-03,Bangalore,Electronics,13.0,6373.46,15.0,70426.73
2024-10-19,Pune,Beauty,8.0,810.87,10.0,5838.26
2025-05-21,Bangalore,Groceries,5.0,179.2,0.0,895.98
2024-09-13,Mumbai,Clothing,6.0,1266.43,0.0,7598.6
2024-10-23,Delhi,Electronics,11.0,11446.66,10.0,113321.95
2024-11-19,Delhi,Groceries,6.0,348.06,5.0,1983.93
2024-03-21,Bangalore,Electronics,5.0,5862.91,10.0,26383.11
2025-06-26,Mumbai,Beauty,4.0,526.01,5.0,1998.84
2025-08-25,Bangalore,Electronics,9.0,9412.7,15.0,72007.16
2025-01-26,Mumbai,Beauty,3.0,595.31,0.0,1785.93
2025-12-29,Bangalore,Beauty,10.0,818.72,15.0,6959.12
2024-05-10,Bangalore,Beauty,7.0,798.74,10.0,5032.07
2024-05-11,Bangalore,Home & Kitchen,5.0,1982.84,10.0,8922.78
2025-11-28,Chennai,Groceries,10.0,382.25,5.0,3631.37
2025-11-11,Mumbai,Home & Kitchen,6.0,2153.09,5.0,12272.59
2025-04-18,Chennai,Clothing,6.0,1455.95,5.0,8298.91
2025-10-31,Bangalore,Groceries,11.0,356.56,25.0,2941.59
2025-06-16,Mumbai,Electronics,4.0,9042.16,5.0,34360.21
2025-02-10,Bangalore,Sports,8.0,2543.72,5.0,19332.31
2025-08-25,Delhi,Groceries,4.0,181.16,0.0,724.63
2025-04-15,Bangalore,Electronics,2.0,6052.22,5.0,11499.21
2025-08-03,Bangalore,Electronics,7.0,6944.65,0.0,48612.55
2024-08-14,Bangalore,Home & Kitchen,9.0,1563.58,0.0,14072.21
2025-03-31,Bangalore,Beauty,5.0,550.89,0.0,2754.43
2025-07-05,Mumbai,Groceries,6.0,216.35,20.0,1038.49
2024-01-29,Bangalore,Groceries,6.0,316.02,5.0,1801.34
2024-06-17,Chennai,Groceries,10.0,204.5,0.0,2045.01
2025-12-04,Delhi,Groceries,8.0,253.92,5.0,1929.79
2024-12-13,Mumbai,Clothing,7.0,1696.58,5.0,11282.28
2025-08-08,Delhi,Sports,8.0,1819.65,15.0,12373.6
2024-08-04,Mumbai,Clothing,3.0,1604.54,10.0,4332.25
2025-09-21,Delhi,Clothing,11.0,961.96,10.0,9523.38
2024-04-28,Mumbai,Groceries,7.0,411.12,20.0,2302.29
2024-01-07,Mumbai,Groceries,6.0,406.39,0.0,2438.34
2024-03-24,Delhi,Home & Kitchen,7.0,1770.74,15.0,10535.88
2025-01-21,Mumbai,Electronics,2.0,6755.82,0.0,13511.65
2025-07-20,Mumbai,Electronics,4.0,8145.84,20.0,26066.69
2025-07-17,Delhi,Electronics,7.0,8325.34,5.0,55363.52
2025-12-06,Delhi,Clothing,6.0,1056.12,5.0,6019.9
2024-04-10,Mumbai,Electronics,13.0,7897.53,5.0,97534.47
2025-06-24,Delhi,Sports,6.0,2134.97,10.0,11528.81
2024-04-21,Bangalore,Electronics,11.0,8726.72,5.0,91194.2
2025-05-06,Delhi,Sports,7.0,2292.71,10.0,14444.04
2024-07-19,Bangalore,Clothing,6.0,1313.06,20.0,6302.71
2025-12-17,Delhi,Beauty,8.0,848.23,0.0,6785.84
2024-08-16,Pune,Home & Kitchen,4.0,1794.07,20.0,5741.02
2024-03-11,Pune,Clothing,7.0,994.28,0.0,6959.99
2025-08-08,Bangalore,Electronics,7.0,9455.73,20.0,52952.12
2025-01-09,Delhi,Beauty,2.0,613.89,0.0,1227.79
2025-12-30,Bangalore,Sports,2.0,2038.21,0.0,4076.42
2024-08-20,Bangalore,Groceries,2.0,400.27,15.0,680.47
2024-09-11,Chennai,Groceries,7.0,422.58,0.0,2958.03
2024-07-16,Mumbai,Groceries,6.0,361.05,10.0,1949.64
2025-05-25,Bangalore,Groceries,12.0,461.13,20.0,4426.8
2025-08-03,Mumbai,Beauty,2.0,788.14,0.0,1576.27
2025-12-21,Chennai,Sports,8.0,2363.68,25.0,14182.09
2024-11-06,Bangalore,Clothing,14.0,1234.58,20.0,13827.28
2025-03-21,Mumbai,Groceries,2.0,483.27,5.0,918.22
2024-08-22,Pune,Home & Kitchen,7.0,1603.35,5.0,10662.28
2024-09-16,Mumbai,Groceries,5.0,391.46,5.0,1859.44
2025-03-21,Mumbai,Clothing,12.0,1321.31,0.0,15855.72
2025-10-01,Chennai,Home & Kitchen,5.0,1735.41,15.0,7375.48
2024-01-24,Delhi,Electronics,3.0,8874.1,10.0,23960.08
2025-02-10,Mumbai,Groceries,6.0,396.17,25.0,1782.75
2024-08-12,Mumbai,Sports,5.0,2257.01,5.0,10720.79
2025-03-27,Mumbai,Electronics,6.0,10161.05,5.0,57917.97
2024-05-22,Delhi,Beauty,5.0,514.4,5.0,2443.41
2025-04-15,Mumbai,Electronics,4.0,9325.57,15.0,31706.95
2025-07-02,Delhi,Groceries,5.0,269.44,10.0,1212.49
2024-04-04,Delhi,Clothing,6.0,1126.87,0.0,6761.22
2024-07-26,Pune,Electronics,7.0,9116.5,20.0,51052.39
2024-01-16,Pune,Beauty,6.0,783.98,10.0,4233.5
2024-04-11,Chennai,Home & Kitchen,4.0,1548.69,5.0,5885.03
2024-10-07,Bangalore,Beauty,7.0,583.78,10.0,3677.84
2024-03-12,Mumbai,Electronics,2.0,5655.93,0.0,11311.86
2025-05-08,Delhi,Electronics,4.0,9266.64,0.0,37066.56
2024-04-10,Bangalore,Home & Kitchen,9.0,1646.08,0.0,14814.71
2025-06-11,Delhi,Groceries,11.0,266.65,0.0,2933.1
2025-10-11,Chennai,Groceries,10.0,336.32,0.0,3363.2
2025-07-01,Delhi,Beauty,7.0,673.97,5.0,4481.93
2024-08-17,Mumbai,Home & Kitchen,2.0,1578.5,25.0,2367.75
2025-01-14,Bangalore,Groceries,9.0,324.75,0.0,2922.73
2024-12-24,Mumbai,Home & Kitchen,10.0,2191.77,0.0,21917.71
2025-11-28,Bangalore,Beauty,9.0,453.7,10.0,3674.98
2025-11-19,Bangalore,Beauty,6.0,488.29,5.0,2783.24
2024-09-26,Delhi,Electronics,5.0,6600.66,15.0,28052.82
2024-06-21,Bangalore,Clothing,6.0,1004.23,15.0,5121.58
2025-09-20,Delhi,Clothing,4.0,966.49,20.0,3092.77
2024-10-10,Bangalore,Home & Kitchen,12.0,1383.13,25.0,12448.2
2024-03-21,Bangalore,Home & Kitchen,8.0,1793.22,20.0,11476.63
2025-08-10,Delhi,Groceries,7.0,347.05,10.0,2186.39
2025-12-30,Bangalore,Home & Kitchen,6.0,1463.1,5.0,8339.69
2024-10-10,Pune,Clothing,11.0,1264.19,10.0,12515.44
2024-10-29,Pune,Home & Kitchen,7.0,2177.89,0.0,15245.22
2025-02-21,Pune,Electronics,3.0,8655.09,5.0,24667.02
2024-03-09,Pune,Home & Kitchen,7.0,1744.05,5.0,11597.92
2025-01-17,Delhi,Home & Kitchen,7.0,1703.12,20.0,9537.49
2024-07-10,Mumbai,Beauty,12.0,537.5,5.0,6127.54
2024-05-10,Mumbai,Clothing,5.0,1235.62,10.0,5560.3
2024-03-08,Mumbai,Home & Kitchen,5.0,1291.86,10.0,5813.38
2025-09-07,Pune,Electronics,9.0,7048.52,15.0,53921.16
2025-10-11,Delhi,Electronics,8.0,6504.69,10.0,46833.79
2024-09-05,Delhi,Electronics,3.0,8947.97,15.0,22817.32
2024-10-01,Chennai,Groceries,7.0,340.35,15.0,2025.09
2025-09-12,Mumbai,Clothing,3.0,1255.61,10.0,3390.15
2025-01-24,Bangalore,Home & Kitchen,4.0,2377.97,15.0,8085.09
2025-06-24,Delhi,Groceries,8.0,270.83,10.0,1949.96
2024-12-28,Chennai,Electronics,15.0,9520.3,0.0,142804.46
2024-02-11,Delhi,Electronics,7.0,9266.32,10.0,58377.79
2025-10-11,Pune,Groceries,7.0,314.85,10.0,1983.54
2025-04-14,Chennai,Groceries,6.0,344.18,5.0,1961.8
2025-03-21,Mumbai,Groceries,13.0,368.23,0.0,4786.98
2024-06-05,Bangalore,Sports,5.0,2828.85,20.0,11315.4
2024-07-14,Delhi,Home & Kitchen,4.0,1412.59,10.0,5085.34
2025-06-12,Delhi,Groceries,3.0,418.89,20.0,1005.35
2025-05-03,Pune,Beauty,4.0,571.88,0.0,2287.51
2024-04-20,Pune,Sports,5.0,2493.73,0.0,12468.67
2025-12-13,Pune,Home & Kitchen,12.0,1151.09,0.0,13813.06
2025-06-16,Delhi,Clothing,10.0,1335.28,20.0,10682.28
2025-03-02,Mumbai,Clothing,4.0,1404.96,0.0,5619.83
2025-06-02,Mumbai,Groceries,5.0,352.44,25.0,1321.64
2025-02-04,Bangalore,Home & Kitchen,6.0,1588.59,5.0,9054.97
2024-06-24,Pune,Beauty,8.0,724.08,10.0,5213.36
2024-03-27,Bangalore,Electronics,5.0,6845.72,10.0,30805.74
2025-01-10,Delhi,Home & Kitchen,10.0,1361.28,5.0,12932.17
2025-10-25,Bangalore,Sports,2.0,2664.72,0.0,5329.43
2025-04-14,Delhi,Groceries,5.0,385.22,20.0,1540.88
2025-06-08,Chennai,Electronics,5.0,6293.31,0.0,31466.57
2025-02-25,Chennai,Sports,10.0,2319.94,25.0,17399.54
2024-06-24,Bangalore,Groceries,9.0,404.28,5.0,3456.59
2024-01-02,Delhi,Groceries,5.0,333.56,10.0,1501.02
2024-05-19,Chennai,Groceries,3.0,248.44,10.0,670.78
2024-06-08,Delhi,Beauty,4.0,696.62,5.0,2647.15
2024-05-03,Mumbai,Sports,5.0,2598.78,20.0,10395.12
2024-04-17,Chennai,Electronics,8.0,7049.07,10.0,50753.29
2024-02-28,Delhi,Clothing,8.0,881.29,0.0,7050.3
2024-06-01,Bangalore,Beauty,8.0,755.76,15.0,5139.19
2024-03-12,Delhi,Groceries,6.0,340.69,10.0,1839.71
2024-10-24,Pune,Electronics,5.0,8334.13,5.0,39587.11
2025-11-01,Mumbai,Beauty,7.0,538.18,15.0,3202.15
2025-02-09,Delhi,Groceries,3.0,333.65,0.0,1000.95
2025-11-25,Mumbai,Groceries,10.0,291.96,10.0,2627.6
2025-03-08,Mumbai,Sports,7.0,2150.18,15.0,12793.56
2025-03-02,Mumbai,Electronics,4.0,10086.57,15.0,34294.33
2025-11-12,Mumbai,Sports,4.0,1833.22,20.0,5866.3
2025-05-13,Mumbai,Clothing,5.0,1411.0,5.0,6702.23
2024-04-01,Delhi,Groceries,4.0,416.99,15.0,1417.78
2025-12-01,Pune,Electronics,11.0,9351.27,0.0,102863.93
2024-01-16,Pune,Sports,5.0,2286.93,15.0,9719.45
2025-12-01,Mumbai,Electronics,9.0,9069.98,10.0,73466.8
2024-08-24,Mumbai,Groceries,3.0,308.11,10.0,831.89
2025-06-15,Mumbai,Clothing,5.0,1346.6,15.0,5723.07
2025-10-16,Pune,Groceries,7.0,349.91,25.0,1837.03
2025-01-21,Pune,Sports,6.0,2095.65,0.0,12573.93
2025-06-08,Mumbai,Electronics,8.0,7090.91,10.0,51054.54
2025-04-13,Delhi,Sports,5.0,2400.42,0.0,12002.09
2025-04-06,Pune,Electronics,7.0,10292.32,5.0,68443.93
2025-08-08,Pune,Groceries,4.0,463.97,5.0,1763.09
2025-03-13,Bangalore,Clothing,7.0,946.11,25.0,4967.09
2025-04-22,Delhi,Clothing,10.0,919.73,10.0,8277.53
2024-11-26,Bangalore,Clothing,10.0,1254.04,5.0,11913.41
2025-07-18,Pune,Electronics,7.0,8615.15,0.0,60306.05
2025-06-14,Chennai,Groceries,8.0,417.09,10.0,3003.08
2025-01-24,Mumbai,Sports,7.0,2330.89,0.0,16316.21
2024-12-30,Bangalore,Beauty,10.0,727.94,15.0,6187.5
2024-11-23,Bangalore,Beauty,7.0,726.06,25.0,3811.81
2024-10-11,Bangalore,Beauty,12.0,533.11,0.0,6397.32
2025-08-21,Bangalore,Sports,4.0,1555.53,20.0,4977.71
2024-04-27,Mumbai,Home & Kitchen,13.0,1876.57,0.0,24395.4
2025-02-22,Pune,Home & Kitchen,10.0,1989.49,0.0,19894.88
2024-09-09,Pune,Home & Kitchen,3.0,2297.6,5.0,6548.15
2025-02-27,Chennai,Electronics,6.0,9799.3,0.0,58795.79
2024-09-26,Chennai,Groceries,7.0,257.65,0.0,1803.58
2025-04-22,Mumbai,Beauty,8.0,876.21,5.0,6659.22
2025-09-18,Mumbai,Beauty,9.0,521.23,0.0,4691.06
2025-10-17,Bangalore,Groceries,6.0,429.69,0.0,2578.11
2025-06-23,Delhi,Beauty,8.0,639.18,0.0,5113.4
2025-09-08,Bangalore,Groceries,7.0,349.84,10.0,2204.0
2024-05-16,Mumbai,Sports,6.0,1902.84,0.0,11417.05
2024-11-20,Bangalore,Electronics,11.0,8534.13,0.0,93875.38
2024-02-11,Pune,Electronics,3.0,6683.29,5.0,19047.39
2024-06-02,Bangalore,Clothing,7.0,1552.81,10.0,9782.71
2024-05-13,Delhi,Home & Kitchen,3.0,1945.43,0.0,5836.29
2025-08-30,Bangalore,Electronics,6.0,9918.21,0.0,59509.27
2025-05-25,Delhi,Clothing,8.0,1442.6,10.0,10386.71
2024-09-11,Bangalore,Beauty,10.0,599.6,10.0,5396.41
2025-11-16,Delhi,Electronics,8.0,9229.32,0.0,73834.56
2024-02-01,Mumbai,Home & Kitchen,4.0,1905.15,5.0,7239.57
2025-11-29,Delhi,Groceries,7.0,433.63,5.0,2883.63
2024-03-26,Bangalore,Beauty,6.0,719.51,0.0,4317.05
2024-08-17,Bangalore,Electronics,7.0,5540.0,0.0,38779.98
2025-08-05,Mumbai,Beauty,4.0,871.62,20.0,2789.19
2024-07-17,Delhi,Groceries,3.0,448.73,0.0,1346.19
2025-02-08,Pune,Clothing,5.0,1013.68,10.0,4561.57
2025-07-25,Mumbai,Electronics,9.0,10446.67,0.0,94019.99
2025-08-25,Mumbai,Clothing,6.0,1210.13,15.0,6171.64
2025-05-26,Bangalore,Electronics,5.0,11062.12,0.0,55310.59
2025-01-18,Mumbai,Electronics,6.0,7375.54,10.0,39827.92
2024-01-08,Delhi,Groceries,7.0,445.9,0.0,3121.3
2024-02-04,Mumbai,Electronics,8.0,9564.81,25.0,57388.84
2025-11-13,Bangalore,Groceries,9.0,312.31,15.0,2389.2
2024-09-09,Mumbai,Electronics,8.0,8097.96,5.0,61544.48
2024-02-28,Chennai,Electronics,,4761.29,0.0,33329.03
2025-03-26,Mumbai,Clothing,2.0,1087.57,0.0,2175.15
2024-06-17,Delhi,Electronics,1.0,9088.14,25.0,6816.1
2025-11-23,Mumbai,Clothing,,1012.76,5.0,10583.34
2024-11-30,Bangalore,Clothing,10.0,1073.0,0.0,10730.03
2025-02-02,Bangalore,Electronics,4.0,6592.51,0.0,26370.04
2024-01-11,Mumbai,Electronics,6.0,8853.99,15.0,45155.36
2025-06-12,Mumbai,Beauty,11.0,536.23,5.0,5603.55
2024-02-18,Mumbai,Home & Kitchen,5.0,1656.69,5.0,7869.3
2025-07-26,Delhi,Electronics,5.0,9426.07,0.0,47130.33
2025-07-23,Delhi,Clothing,6.0,806.45,10.0,4354.81
2025-03-20,Chennai,Home & Kitchen,5.0,1705.56,0.0,8527.8
2025-04-12,Chennai,Groceries,9.0,318.44,10.0,2579.37
2024-03-11,Mumbai,Clothing,5.0,1228.66,5.0,5836.15
2024-09-20,Chennai,Sports,1.0,2716.1,10.0,2444.49
2024-04-01,Delhi,Groceries,5.0,404.43,15.0,1718.81
2024-09-06,Bangalore,Clothing,6.0,1299.64,20.0,6238.27
2025-02-10,Delhi,Beauty,6.0,862.61,5.0,4916.85
2024-11-08,Chennai,Groceries,11.0,320.17,25.0,2641.43
2025-12-11,Bangalore,Electronics,7.0,9294.33,0.0,65060.34
2024-10-14,Mumbai,Electronics,9.0,10563.52,10.0,85564.53
2024-06-10,Bangalore,Electronics,3.0,10717.09,0.0,32151.28
2024-02-25,Chennai,Clothing,8.0,1408.75,5.0,10706.48
2024-11-10,Chennai,Clothing,9.0,1061.47,20.0,7642.56
2025-10-20,Mumbai,Electronics,7.0,6304.69,15.0,37512.93
2025-06-03,Delhi,Groceries,5.0,277.92,5.0,1320.13
2024-01-25,Mumbai,Home & Kitchen,5.0,1858.8,20.0,7435.21
2024-09-04,Chennai,Beauty,8.0,606.61,5.0,4610.25
2025-09-22,Mumbai,Home & Kitchen,6.0,2395.4,20.0,11497.93
2024-10-03,Mumbai,Groceries,9.0,338.89,20.0,2439.99
2025-04-11,Delhi,Clothing,6.0,1575.23,5.0,8978.82
2025-07-01,Delhi,Groceries,3.0,379.6,10.0,1024.92
2025-05-01,Delhi,Sports,7.0,2387.15,20.0,13368.04
2025-03-26,Mumbai,Sports,7.0,2242.2,10.0,14125.88
2025-04-18,Pune,Electronics,11.0,4290.79,5.0,44838.8
2024-05-25,Pune,Home & Kitchen,3.0,1384.04,10.0,3736.9
2025-05-26,Delhi,Electronics,3.0,8811.98,5.0,25114.14
2025-01-28,Chennai,Clothing,7.0,1528.71,0.0,10700.96
2024-07-17,Pune,Groceries,4.0,382.12,0.0,1528.49
2025-10-13,Pune,Sports,10.0,2359.67,25.0,17697.54
2024-10-31,Bangalore,Home & Kitchen,7.0,1647.64,10.0,10380.15
2025-03-08,Delhi,Electronics,7.0,10253.88,5.0,68188.29
2025-10-30,Mumbai,Clothing,5.0,1161.84,20.0,4647.37
2025-07-15,Chennai,Groceries,6.0,344.87,25.0,1551.93
2025-11-28,Mumbai,Beauty,6.0,485.27,15.0,2474.85
2025-04-09,Chennai,Beauty,5.0,572.13,25.0,2145.5
2025-06-10,Bangalore,Beauty,4.0,795.39,5.0,3022.5
2024-10-16,Pune,Groceries,6.0,341.73,20.0,1640.31
2025-03-19,Mumbai,Home & Kitchen,7.0,1781.43,5.0,11846.51
2025-09-20,Delhi,Electronics,8.0,6536.39,10.0,47061.98
2025-05-04,Bangalore,Groceries,10.0,263.63,10.0,2372.71
2025-03-17,Pune,Home & Kitchen,4.0,1514.29,20.0,4845.73
2024-01-05,Mumbai,Groceries,5.0,320.95,5.0,1524.49
2025-03-06,Chennai,Groceries,7.0,507.32,0.0,3551.22
2025-01-29,Bangalore,Beauty,5.0,965.12,10.0,4343.06
2024-02-12,Delhi,Clothing,3.0,1312.14,10.0,3542.77
2025-10-16,Mumbai,Clothing,11.0,1155.0,10.0,11434.49
2025-11-23,Bangalore,Electronics,6.0,6814.14,20.0,32707.87
2025-11-07,Bangalore,Groceries,7.0,293.78,25.0,1542.35
2025-06-22,Bangalore,Groceries,5.0,351.21,25.0,1317.04
2025-12-18,Bangalore,Beauty,10.0,775.62,20.0,6204.93
2024-10-31,Mumbai,Beauty,7.0,826.48,20.0,4628.29
2024-08-12,Chennai,Groceries,4.0,409.29,5.0,1555.31
2024-05-31,Mumbai,Home & Kitchen,4.0,1902.81,25.0,5708.44
2024-06-27,Mumbai,Groceries,7.0,336.27,0.0,2353.87
2024-01-18,Mumbai,Electronics,5.0,7504.98,10.0,33772.4
2024-08-21,Delhi,Home & Kitchen,6.0,1420.58,0.0,8523.5
2024-12-05,Chennai,Beauty,9.0,771.44,20.0,5554.35
2025-05-27,Chennai,Beauty,7.0,497.91,0.0,3485.4
2024-10-01,Bangalore,Clothing,11.0,1072.41,10.0,10616.91
2025-06-21,Mumbai,Beauty,6.0,752.6,10.0,4064.05
2024-11-18,Mumbai,Beauty,13.0,558.73,0.0,7263.5
2025-11-10,Bangalore,Beauty,8.0,729.61,5.0,5545.0
2025-05-06,Mumbai,Groceries,4.0,320.79,10.0,1154.83
2025-08-13,Mumbai,Electronics,6.0,8475.77,0.0,50854.61
2025-03-12,Chennai,Sports,6.0,2580.12,0.0,15480.72
2024-12-21,Pune,Clothing,6.0,1076.64,20.0,5167.88
2025-05-14,Pune,Groceries,4.0,360.62,5.0,1370.34
2024-06-10,Bangalore,Home & Kitchen,6.0,1695.67,15.0,8647.93
2024-02-18,Mumbai,Sports,2.0,1849.35,5.0,3513.76
2024-08-26,Chennai,Beauty,9.0,768.17,15.0,5876.53
2024-06-15,Mumbai,Groceries,6.0,384.92,5.0,2194.02
2024-07-23,Bangalore,Beauty,4.0,554.29,15.0,1884.58
2025-08-17,Chennai,Beauty,8.0,789.99,0.0,6319.94
2025-02-09,Bangalore,Electronics,7.0,5941.52,0.0,41590.62
2025-10-22,Mumbai,Groceries,7.0,329.5,5.0,2191.19
2025-10-04,Delhi,Clothing,8.0,1139.6,5.0,8660.94
2025-03-08,Bangalore,Home & Kitchen,9.0,2073.3,0.0,18659.7
2024-12-07,Delhi,Clothing,5.0,1281.91,10.0,5768.61
2024-04-03,Pune,Beauty,7.0,509.13,25.0,2672.95
2025-03-30,Pune,Electronics,6.0,7094.71,10.0,38311.42
2025-02-09,Mumbai,Clothing,6.0,1268.11,15.0,6467.34
2025-10-22,Delhi,Beauty,10.0,676.51,10.0,6088.58
2024-08-07,Bangalore,Beauty,6.0,708.26,10.0,3824.62
2024-12-11,Delhi,Home & Kitchen,7.0,1781.5,20.0,9976.42
2024-05-17,Chennai,Sports,5.0,2563.03,0.0,12815.17
2024-01-29,Pune,Beauty,8.0,688.0,10.0,4953.62
2024-08-03,Delhi,Groceries,9.0,409.2,5.0,3498.68
2024-01-16,Bangalore,Clothing,5.0,1148.04,0.0,5740.21
2024-08-15,Pune,Electronics,5.0,6636.56,5.0,31523.65
2024-09-05,Chennai,Groceries,6.0,283.21,5.0,1614.32
2024-08-09,Delhi,Home & Kitchen,6.0,2524.79,25.0,11361.56
2025-05-13,Bangalore,Sports,6.0,2456.47,5.0,14001.86
2024-10-05,Delhi,Groceries,7.0,299.03,0.0,2093.22
2024-04-18,Chennai,Beauty,8.0,715.84,0.0,5726.75
2024-10-19,Chennai,Home & Kitchen,5.0,1242.75,0.0,6213.75
2024-08-14,Delhi,Electronics,8.0,5493.81,0.0,43950.45
2025-05-11,Mumbai,Beauty,6.0,664.75,15.0,3390.22
2025-03-15,Chennai,Home & Kitchen,4.0,1561.66,10.0,5621.96
2024-03-12,Pune,Sports,7.0,2708.67,5.0,18012.64
2024-10-30,Mumbai,Home & Kitchen,9.0,1341.48,0.0,12073.34
2025-08-12,Bangalore,Clothing,8.0,1348.12,5.0,10245.69
2025-05-21,Bangalore,Electronics,9.0,11107.98,10.0,89974.67
2025-09-17,Pune,Home & Kitchen,4.0,1457.95,5.0,5540.23
2024-10-08,Pune,Electronics,7.0,6935.46,15.0,41266.01
2025-10-07,Bangalore,Beauty,9.0,504.05,15.0,3856.01
2024-10-22,Bangalore,Electronics,10.0,8404.18,0.0,84041.75
2024-09-08,Chennai,Electronics,3.0,9347.2,0.0,28041.6
2024-07-07,Bangalore,Groceries,4.0,351.11,0.0,1404.43
2025-02-08,Chennai,Home & Kitchen,9.0,1896.86,0.0,17071.78
2024-08-19,Delhi,Groceries,10.0,346.13,10.0,3115.13
2024-08-23,Mumbai,Groceries,10.0,435.5,5.0,4137.26
2025-12-23,Delhi,Home & Kitchen,14.0,2304.07,0.0,32256.92
2025-11-07,Delhi,Home & Kitchen,10.0,1954.2,0.0,19542.01
2025-07-01,Mumbai,Home & Kitchen,7.0,1580.68,5.0,10511.52
2025-05-15,Mumbai,Electronics,4.0,8687.01,5.0,33010.64
2024-07-05,Pune,Electronics,2.0,6352.29,25.0,9528.43
2025-11-16,Mumbai,Home & Kitchen,11.0,1744.99,5.0,18235.13
2024-10-30,Chennai,Groceries,6.0,398.69,10.0,2152.93
2025-12-26,Mumbai,Electronics,11.0,7333.97,0.0,80673.66
2025-12-20,Delhi,Groceries,6.0,366.28,0.0,2197.66
2025-08-22,Mumbai,Groceries,5.0,303.34,5.0,1440.87
2024-10-07,Delhi,Clothing,3.0,1249.74,10.0,3374.29
2025-11-30,Pune,Clothing,9.0,995.2,0.0,8956.81
2025-12-30,Delhi,Groceries,5.0,363.5,0.0,1817.49
2024-11-03,Delhi,Clothing,9.0,984.94,25.0,6648.38
2024-12-31,Mumbai,Electronics,10.0,10569.45,0.0,105694.52
2024-06-16,Mumbai,Groceries,9.0,396.89,10.0,3214.8
2025-03-30,Pune,Beauty,12.0,568.36,5.0,6479.34
2024-02-01,Mumbai,Beauty,7.0,571.28,5.0,3799.0
2024-03-13,Mumbai,Groceries,11.0,440.48,10.0,4360.75
2024-12-28,Pune,Groceries,10.0,260.75,5.0,2477.15
2025-03-25,Mumbai,Beauty,7.0,592.97,10.0,3735.73
2024-09-21,Mumbai,Electronics,4.0,8361.73,5.0,31774.57
2024-09-25,Bangalore,Groceries,1.0,383.89,20.0,307.11
2025-02-14,Chennai,Electronics,3.0,9284.92,10.0,25069.27
2025-05-23,Pune,Groceries,9.0,217.01,0.0,1953.11
2025-12-17,Bangalore,Electronics,9.0,10124.59,5.0,86565.26
2025-03-09,Delhi,Clothing,5.0,750.07,10.0,3375.3
2025-07-02,Delhi,Clothing,8.0,1514.5,0.0,12116.0
2025-01-19,Delhi,Groceries,5.0,362.18,0.0,1810.9
2025-07-14,Mumbai,Groceries,5.0,391.74,5.0,1860.74
2024-12-27,Bangalore,Beauty,7.0,522.16,0.0,3655.09
2025-04-10,Bangalore,Clothing,5.0,1181.3,25.0,4429.89
2025-04-29,Mumbai,Groceries,5.0,320.22,5.0,1521.05
2024-10-31,Mumbai,Clothing,4.0,1239.53,15.0,4214.39
2024-03-24,Chennai,Clothing,3.0,1498.97,20.0,3597.53
2025-05-19,Mumbai,Electronics,9.0,10519.36,10.0,85206.8
2024-12-29,Mumbai,Clothing,8.0,1097.0,10.0,7898.41
2025-12-30,Mumbai,Clothing,7.0,1216.44,0.0,8515.09
2024-03-23,Mumbai,Beauty,5.0,956.49,10.0,4304.19
2024-01-21,Mumbai,Clothing,10.0,885.61,5.0,8413.29
2024-05-03,Delhi,Beauty,4.0,607.17,0.0,2428.69
2024-07-27,Bangalore,Clothing,4.0,1004.0,0.0,4015.99
2025-11-04,Mumbai,Electronics,11.0,9020.45,0.0,99224.94
2025-10-20,Delhi,Clothing,10.0,1418.81,15.0,12059.85
2025-07-12,Bangalore,Beauty,3.0,858.33,15.0,2188.74
2025-06-26,Delhi,Sports,3.0,1863.96,15.0,4753.1
2025-09-22,Mumbai,Clothing,1.0,1350.92,5.0,1283.38
2024-04-18,Delhi,Beauty,10.0,520.83,0.0,5208.25
2024-03-26,Pune,Groceries,1.0,292.63,20.0,234.1
2025-06-16,Delhi,Home & Kitchen,3.0,1790.97,20.0,4298.32
2025-02-07,Bangalore,Clothing,5.0,924.41,15.0,3928.72
2024-01-05,Pune,Electronics,9.0,8354.03,10.0,67667.65
2024-10-23,Delhi,Groceries,12.0,454.33,5.0,5179.39
2024-08-15,Bangalore,Home & Kitchen,6.0,1653.12,0.0,9918.73
2024-05-18,Pune,Electronics,3.0,8285.09,20.0,19884.21
2024-06-06,Mumbai,Clothing,2.0,1045.17,0.0,2090.34
2024-08-07,Pune,Clothing,7.0,1540.62,5.0,10245.11
2024-08-05,Pune,Beauty,6.0,706.95,5.0,4029.6
2024-11-22,Bangalore,Home & Kitchen,9.0,1610.97,0.0,14498.76
2025-09-22,Pune,Electronics,10.0,8397.26,0.0,83972.64
2025-09-11,Chennai,Groceries,5.0,318.78,20.0,1275.11
2025-07-22,Chennai,Clothing,5.0,1327.79,10.0,5975.05
2024-07-11,Mumbai,Electronics,6.0,10037.29,10.0,54201.34
2024-09-19,Mumbai,Groceries,6.0,380.23,20.0,1825.11
2025-05-12,Mumbai,Groceries,5.0,235.84,0.0,1179.22
2024-03-14,Mumbai,Groceries,10.0,391.34,15.0,3326.35
2024-06-19,Chennai,Electronics,8.0,8523.25,0.0,68185.98
2025-05-15,Mumbai,Groceries,3.0,348.49,5.0,993.2
2025-02-05,Delhi,Groceries,6.0,298.13,20.0,1431.02
2024-05-13,Delhi,Electronics,5.0,7564.11,25.0,28365.42
2025-08-16,Delhi,Clothing,3.0,1290.44,10.0,3484.19
2025-03-09,Chennai,Home & Kitchen,1.0,1714.69,0.0,1714.69
2025-07-08,Pune,Sports,6.0,1306.51,10.0,7055.15
2025-04-13,Delhi,Sports,7.0,1711.88,10.0,10784.82
2025-03-27,Bangalore,Home & Kitchen,10.0,1654.84,10.0,14893.56
2025-12-29,Bangalore,Sports,6.0,1426.87,0.0,8561.22
2025-05-31,Bangalore,Electronics,4.0,10883.64,25.0,32650.92
2025-03-28,Pune,Groceries,1.0,322.17,0.0,322.17
2025-04-25,Mumbai,Sports,9.0,2232.62,5.0,19088.89
2025-07-17,Mumbai,Electronics,1.0,9383.08,0.0,9383.08
2025-02-23,Delhi,Beauty,1.0,581.71,0.0,581.71
2024-05-30,Mumbai,Groceries,9.0,387.09,15.0,2961.26
2024-07-05,Bangalore,Groceries,7.0,304.8,20.0,1706.88
2025-02-06,Bangalore,Clothing,6.0,1235.69,0.0,7414.15
2024-01-19,Chennai,Electronics,3.0,10308.42,10.0,27832.75
2025-06-14,Delhi,Electronics,5.0,9951.46,5.0,47269.41
2025-01-25,Delhi,Electronics,12.0,7335.51,0.0,88026.13
2024-05-07,Pune,Groceries,7.0,236.94,5.0,1575.67
2025-08-22,Delhi,Clothing,7.0,1378.01,15.0,8199.15
2025-03-29,Mumbai,Groceries,8.0,484.85,10.0,3490.93
2025-03-20,Mumbai,Groceries,8.0,449.58,0.0,3596.67
2025-08-08,Mumbai,Beauty,6.0,776.4,15.0,3959.65
2025-08-26,Chennai,Groceries,8.0,283.7,0.0,2269.58
2024-05-17,Pune,Sports,6.0,2404.61,10.0,12984.89
2024-07-11,Delhi,Groceries,6.0,448.18,10.0,2420.19
2024-05-08,Bangalore,Clothing,4.0,1245.85,0.0,4983.39
2024-01-26,Pune,Groceries,5.0,493.48,0.0,2467.39
2024-01-22,Chennai,Clothing,4.0,1330.07,0.0,5320.27
2025-01-29,Chennai,Home & Kitchen,4.0,1829.5,0.0,7318.0
2024-12-11,Delhi,Electronics,7.0,6169.63,5.0,41028.03
2025-01-08,Mumbai,Sports,6.0,2036.08,0.0,12216.48
2025-03-20,Mumbai,Electronics,10.0,9073.19,0.0,90731.92
2025-02-06,Delhi,Groceries,7.0,377.46,5.0,2510.13
2025-04-05,Chennai,Sports,5.0,1643.02,10.0,7393.57
2025-11-10,Pune,Beauty,11.0,451.65,15.0,4222.96
2024-04-27,Delhi,Beauty,9.0,482.38,0.0,4341.45
2025-11-21,Delhi,Clothing,11.0,1291.61,5.0,13497.28
2025-05-15,Delhi,Groceries,3.0,460.03,10.0,1242.07
2024-07-21,Pune,Beauty,9.0,733.03,5.0,6267.4
2025-12-14,Mumbai,Beauty,8.0,485.41,10.0,3494.93
2025-07-26,Mumbai,Groceries,6.0,489.03,10.0,2640.76
2025-04-24,Pune,Home & Kitchen,9.0,1444.41,10.0,11699.69
2025-07-01,Bangalore,Groceries,4.0,272.18,5.0,1034.29
2025-12-01,Bangalore,Clothing,10.0,1416.62,0.0,14166.19
2025-05-26,Bangalore,Groceries,5.0,296.89,0.0,1484.46
2025-02-22,Chennai,Groceries,4.0,324.2,0.0,1296.78
2024-08-24,Delhi,Sports,8.0,2013.64,10.0,14498.21
2025-02-13,Pune,Beauty,7.0,774.83,15.0,4610.21
2024-09-23,Bangalore,Electronics,7.0,8731.92,15.0,51954.91
2025-07-27,Pune,Clothing,5.0,1300.31,0.0,6501.56
2025-02-06,Bangalore,Electronics,6.0,8131.07,0.0,48786.4
2025-11-20,Chennai,Clothing,8.0,842.03,15.0,5725.82
2025-10-18,Chennai,Electronics,11.0,9810.61,0.0,107916.69
2025-07-27,Mumbai,Groceries,5.0,448.63,15.0,1906.67
2025-03-20,Mumbai,Electronics,7.0,7950.86,5.0,52873.2
2025-07-27,Delhi,Home & Kitchen,3.0,1782.7,10.0,4813.3
2025-03-22,Mumbai,Sports,4.0,2459.43,10.0,8853.96
2025-06-22,Delhi,Beauty,5.0,808.46,20.0,3233.82
2024-02-02,Chennai,Clothing,7.0,1115.78,5.0,7419.97
2025-12-03,Mumbai,Clothing,9.0,1579.59,10.0,12794.71
2024-12-28,Delhi,Clothing,5.0,864.31,15.0,3673.33
2024-06-11,Pune,Beauty,4.0,702.6,0.0,2810.4
2025-07-22,Chennai,Electronics,10.0,7716.18,5.0,73303.71
2024-06-02,Mumbai,Groceries,9.0,319.15,5.0,2728.74
2025-11-15,Mumbai,Groceries,10.0,409.52,0.0,4095.21
2025-01-08,Delhi,Home & Kitchen,8.0,2541.76,0.0,20334.08
2025-01-12,Bangalore,Groceries,6.0,334.36,15.0,1705.23
2024-12-02,Bangalore,Home & Kitchen,7.0,1677.84,25.0,8808.68
2024-11-26,Mumbai,Electronics,8.0,8693.4,0.0,69547.21
2025-06-04,Bangalore,Electronics,8.0,8027.23,25.0,48163.38
2024-05-08,Bangalore,Sports,3.0,2369.73,10.0,6398.28
2024-06-26,Pune,Groceries,6.0,371.73,15.0,1895.82
2024-11-17,Mumbai,Electronics,15.0,6522.84,5.0,92950.49
2024-11-19,Chennai,Home & Kitchen,9.0,1112.48,0.0,10012.28
2025-03-31,Mumbai,Home & Kitchen,10.0,1634.5,0.0,16344.96
2024-08-14,Bangalore,Electronics,9.0,11772.72,20.0,84763.59
2025-02-17,Mumbai,Groceries,6.0,337.67,15.0,1722.12
2025-10-14,Bangalore,Clothing,5.0,1143.53,15.0,4860.0
2025-03-12,Pune,Groceries,5.0,332.2,5.0,1577.93
2025-09-30,Mumbai,Clothing,3.0,812.59,0.0,2437.77
2025-10-24,Mumbai,Beauty,7.0,528.94,15.0,3147.17
2025-01-06,Delhi,Clothing,4.0,1164.4,0.0,4657.6
2025-05-12,Mumbai,Electronics,10.0,6331.52,10.0,56983.66
2024-12-07,Mumbai,Clothing,9.0,1477.52,0.0,13297.66
2025-11-25,Delhi,Electronics,13.0,7623.53,0.0,99105.88
2025-11-27,Pune,Beauty,9.0,760.73,15.0,5819.57
2025-04-28,Chennai,Clothing,8.0,716.27,10.0,5157.15
2025-03-06,Bangalore,Groceries,4.0,448.62,5.0,1704.75
2025-03-21,Pune,Clothing,8.0,942.67,15.0,6410.16
2025-10-07,Mumbai,Clothing,6.0,1265.2,0.0,7591.2
2024-11-04,Pune,Sports,15.0,1633.67,20.0,19604.0
2024-02-15,Delhi,Sports,10.0,2068.58,10.0,18617.18
2025-03-22,Mumbai,Home & Kitchen,11.0,1723.27,20.0,15164.76
2025-06-02,Delhi,Electronics,4.0,8961.3,5.0,34052.93
2024-05-15,Pune,Groceries,10.0,389.59,5.0,3701.08
2025-10-21,Chennai,Clothing,9.0,1046.34,0.0,9417.06
2025-06-15,Mumbai,Electronics,6.0,9809.26,10.0,52970.02
2024-02-08,Pune,Electronics,6.0,9003.53,0.0,54021.17
2025-05-22,Delhi,Groceries,8.0,400.46,0.0,3203.72
2025-11-21,Delhi,Electronics,7.0,9927.63,5.0,66018.71
2025-10-26,Chennai,Electronics,2.0,7339.05,0.0,14678.09
2025-01-10,Pune,Electronics,9.0,10449.57,0.0,94046.15
2024-11-15,Mumbai,Sports,12.0,2522.26,10.0,27240.42
2025-03-09,Bangalore,Clothing,4.0,1016.31,15.0,3455.44
2025-08-17,Chennai,Electronics,3.0,10523.31,0.0,31569.94
2025-09-04,Bangalore,Groceries,6.0,255.29,0.0,1531.73
2024-11-10,Chennai,Groceries,9.0,378.91,0.0,3410.17
2024-10-15,Bangalore,Clothing,10.0,1404.54,5.0,13343.14
2025-11-04,Delhi,Groceries,6.0,229.6,5.0,1308.74
2025-04-20,Delhi,Electronics,13.0,8531.31,10.0,99816.32
2024-02-06,Chennai,Electronics,1.0,10739.81,20.0,8591.85
2025-09-06,Pune,Sports,7.0,2089.53,0.0,14626.69
2024-03-02,Delhi,Groceries,7.0,380.52,10.0,2397.29
2024-05-13,Pune,Electronics,3.0,7706.27,10.0,20806.93
2025-04-27,Pune,Groceries,11.0,263.31,10.0,2606.75
2025-11-19,Pune,Home & Kitchen,5.0,2125.57,20.0,8502.29
2024-06-25,Delhi,Clothing,4.0,1134.45,5.0,4310.92
2025-03-27,Mumbai,Groceries,9.0,318.78,0.0,2869.0
2025-07-22,Delhi,Home & Kitchen,4.0,2149.77,5.0,8169.13
2025-02-20,Bangalore,Electronics,4.0,8157.47,20.0,26103.89
2024-06-07,Delhi,Clothing,6.0,1423.93,15.0,7262.07
2024-01-14,Bangalore,Groceries,10.0,423.15,10.0,3808.31
2025-10-17,Mumbai,Groceries,7.0,253.36,20.0,1418.83
2024-08-24,Chennai,Clothing,5.0,1305.74,10.0,5875.84
2024-10-27,Delhi,Groceries,14.0,380.95,15.0,4533.27
2024-11-24,Bangalore,Home & Kitchen,8.0,1873.53,10.0,13489.41
2025-02-25,Delhi,Electronics,4.0,8411.57,5.0,31963.97
2024-12-17,Chennai,Beauty,6.0,825.77,0.0,4954.6
2025-02-13,Pune,Clothing,4.0,1331.3,0.0,5325.21
2024-12-08,Pune,Groceries,9.0,246.93,5.0,2111.24
2025-03-27,Chennai,Groceries,2.0,342.27,15.0,581.85
2025-02-10,Bangalore,Clothing,6.0,978.54,5.0,5577.69
2025-02-24,Mumbai,Electronics,4.0,5516.2,10.0,19858.33
2025-07-20,Bangalore,Clothing,6.0,1035.76,15.0,5282.36
2025-11-30,Delhi,Clothing,9.0,1034.84,10.0,8382.2
2024-01-01,Bangalore,Groceries,14.0,333.79,5.0,4439.45
2025-11-06,Mumbai,Clothing,12.0,1413.59,20.0,13570.42
2025-03-14,Bangalore,Clothing,9.0,1514.18,5.0,12946.25
2024-04-14,Pune,Groceries,9.0,388.73,5.0,3323.61
2024-05-06,Mumbai,Sports,3.0,2475.36,0.0,7426.07
2024-08-15,Chennai,Electronics,5.0,7533.71,0.0,37668.56
2025-01-22,Delhi,Groceries,7.0,208.08,0.0,1456.57
2024-11-14,Pune,Home & Kitchen,14.0,2343.04,15.0,27882.16
2024-12-06,Delhi,Home & Kitchen,11.0,1788.35,5.0,18688.21
2024-10-21,Mumbai,Groceries,10.0,267.77,0.0,2677.73
2025-07-27,Delhi,Groceries,5.0,360.89,15.0,1533.8
2024-08-16,Mumbai,Home & Kitchen,5.0,1853.99,0.0,9269.97
2024-05-06,Mumbai,Sports,7.0,2767.2,5.0,18401.86
2025-11-22,Mumbai,Groceries,9.0,335.2,0.0,3016.77
2025-01-21,Chennai,Clothing,3.0,1093.04,5.0,3115.17
2025-03-09,Chennai,Groceries,10.0,366.51,10.0,3298.55
2025-07-18,Chennai,Electronics,4.0,7256.84,0.0,29027.37
2025-05-22,Bangalore,Groceries,8.0,354.01,0.0,2832.06
2025-08-16,Pune,Clothing,5.0,815.67,5.0,3874.41
2024-09-07,Pune,Electronics,7.0,8755.07,20.0,49028.36
2025-07-06,Pune,Beauty,8.0,874.66,0.0,6997.27
2024-11-07,Bangalore,Electronics,9.0,5755.04,0.0,51795.37
2025-10-29,Chennai,Groceries,7.0,352.06,0.0,2464.4
2025-09-16,Mumbai,Electronics,6.0,7998.75,0.0,47992.51
2024-01-13,Bangalore,Sports,5.0,1915.49,15.0,8140.84
2024-10-28,Delhi,Home & Kitchen,13.0,1158.24,10.0,13551.39
2024-08-12,Mumbai,Home & Kitchen,8.0,2224.4,15.0,15125.9
2025-04-20,Delhi,Beauty,4.0,621.36,0.0,2485.45
2024-04-10,Chennai,Home & Kitchen,5.0,1978.5,10.0,8903.23
2024-12-23,Delhi,Groceries,4.0,424.82,5.0,1614.33
2025-08-07,Bangalore,Electronics,8.0,12189.18,0.0,97513.42
2025-05-19,Bangalore,Home & Kitchen,8.0,1191.93,15.0,8105.12
2025-12-24,Mumbai,Electronics,8.0,6567.16,10.0,47283.57
2025-02-07,Bangalore,Electronics,8.0,9523.63,10.0,68570.17
2025-05-25,Chennai,Electronics,6.0,7268.4,0.0,43610.41
2024-08-08,Mumbai,Electronics,7.0,5511.26,15.0,32792.02
2024-11-26,Bangalore,Groceries,11.0,397.21,10.0,3932.37
2024-01-22,Mumbai,Clothing,2.0,1238.76,20.0,1982.01
2025-05-27,Delhi,Groceries,6.0,331.6,0.0,1989.58
2024-02-04,Bangalore,Groceries,16.0,326.43,10.0,4700.6
2024-04-04,Delhi,Home & Kitchen,4.0,1151.63,0.0,4606.53
2024-02-15,Delhi,Electronics,9.0,10037.79,25.0,67755.11
2025-08-30,Mumbai,Clothing,3.0,1424.74,10.0,3846.79
2024-04-06,Bangalore,Clothing,5.0,1076.65,5.0,5114.1
2025-07-22,Pune,Home & Kitchen,8.0,1564.33,,11263.17
2025-06-01,Mumbai,Electronics,8.0,6210.43,15.0,42230.95
2024-10-31,Mumbai,Home & Kitchen,8.0,2070.87,20.0,13253.59
2025-08-08,Chennai,Beauty,7.0,840.58,20.0,4707.23
2025-03-29,Bangalore,Beauty,8.0,715.35,0.0,5722.84
2024-07-20,Pune,Beauty,3.0,656.81,0.0,1970.44
2025-03-30,Pune,Clothing,6.0,1284.74,0.0,7708.45
2024-06-18,Delhi,Clothing,4.0,1188.94,0.0,4755.74
2025-07-25,Mumbai,Clothing,6.0,1193.21,25.0,5369.44
2024-10-26,Mumbai,Groceries,7.0,394.51,15.0,2347.33
2024-05-18,Pune,Beauty,8.0,719.83,15.0,4894.84
2025-11-27,Mumbai,Electronics,10.0,9442.64,20.0,75541.1
2024-02-18,Pune,Sports,7.0,2644.17,0.0,18509.19
2024-11-01,Delhi,Clothing,5.0,1051.7,0.0,5258.48
2025-06-05,Bangalore,Groceries,6.0,349.26,5.0,1990.76
2025-09-25,Bangalore,Groceries,5.0,306.63,10.0,1379.85
2024-06-27,Mumbai,Groceries,2.0,383.4,20.0,613.44
2025-09-14,Pune,Electronics,7.0,7380.04,15.0,43911.22
2024-06-21,Delhi,Home & Kitchen,3.0,1968.31,20.0,4723.94
2025-02-15,Delhi,Groceries,8.0,394.58,10.0,2841.0
2024-08-12,Mumbai,Beauty,7.0,424.17,10.0,2672.26
2025-04-10,Chennai,Home & Kitchen,10.0,1065.59,5.0,10123.12
2024-12-02,Mumbai,Sports,5.0,1906.37,0.0,9531.87
2025-07-05,Mumbai,Electronics,5.0,6141.29,0.0,30706.46
2024-12-24,Mumbai,Sports,9.0,2030.86,0.0,18277.78
2025-08-16,Pune,Groceries,4.0,454.56,0.0,1818.23
2024-10-15,Mumbai,Electronics,5.0,8354.09,5.0,39681.92
2024-09-14,Bangalore,Groceries,3.0,345.11,0.0,1035.33
2025-03-08,Mumbai,Home & Kitchen,7.0,1686.17,20.0,9442.55
2025-10-03,Mumbai,Groceries,9.0,371.94,0.0,3347.46
2024-07-13,Delhi,Clothing,9.0,1334.21,5.0,11407.51
2024-07-13,Delhi,Groceries,9.0,362.14,10.0,2933.3
2025-10-28,Pune,Home & Kitchen,7.0,2082.52,0.0,14577.67
2024-12-12,Chennai,Groceries,8.0,395.48,0.0,3163.81
2024-11-19,Delhi,Clothing,15.0,1483.06,15.0,18908.97
2025-01-10,Chennai,Beauty,2.0,850.47,25.0,1275.71
2025-09-28,Delhi,Groceries,11.0,408.65,0.0,4495.1
2024-12-18,Bangalore,Home & Kitchen,12.0,2034.98,5.0,23198.74
2024-05-26,Pune,Groceries,9.0,294.01,0.0,2646.07
2024-10-22,Delhi,Home & Kitchen,4.0,1259.47,0.0,5037.88
2025-05-15,Pune,Clothing,7.0,1285.83,5.0,8550.77
2024-10-23,Bangalore,Groceries,13.0,214.07,0.0,2782.87
2024-07-16,Delhi,Groceries,10.0,200.14,0.0,2001.41
2025-08-25,Mumbai,Electronics,6.0,10390.63,10.0,56109.41
2024-01-26,Mumbai,Clothing,4.0,1254.86,20.0,4015.54
2025-11-21,Bangalore,Home & Kitchen,7.0,1751.09,15.0,10419.0
2025-06-03,Bangalore,Clothing,3.0,1493.75,0.0,4481.26
2025-12-08,Delhi,Home & Kitchen,10.0,1609.07,5.0,15286.12
2025-12-08,Mumbai,Groceries,6.0,290.77,5.0,1657.4
2024-06-15,Mumbai,Electronics,13.0,9426.27,20.0,98033.24
2024-02-03,Pune,Home & Kitchen,2.0,1444.39,5.0,2744.33
2025-11-28,Bangalore,Electronics,7.0,8108.55,5.0,53921.87
2024-11-21,Chennai,Electronics,14.0,9718.01,0.0,136052.19
2024-05-02,Mumbai,Home & Kitchen,4.0,1540.38,10.0,5545.38
2024-07-16,Chennai,Home & Kitchen,2.0,2047.62,5.0,3890.47
2024-06-09,Mumbai,Clothing,4.0,1243.53,5.0,4725.4
2024-08-20,Mumbai,Electronics,6.0,8899.81,5.0,50728.9
2025-05-14,Delhi,Groceries,3.0,318.84,5.0,908.69
2024-07-31,Mumbai,Beauty,5.0,478.55,20.0,1914.21
2025-03-05,Mumbai,Sports,6.0,1846.55,25.0,8309.47
2024-09-01,Chennai,Groceries,5.0,232.9,5.0,1106.3
2025-05-25,Bangalore,Sports,8.0,2417.18,15.0,16436.83
2025-11-05,Delhi,Sports,5.0,2201.76,20.0,8807.03
2024-05-15,Bangalore,Groceries,10.0,242.58,5.0,2304.48
2025-03-09,Pune,Groceries,6.0,335.19,5.0,1910.56
2025-08-13,Bangalore,Sports,5.0,2598.89,10.0,11695.0
2024-11-03,Chennai,Groceries,13.0,404.77,10.0,4735.82
2024-03-06,Delhi,Groceries,7.0,341.78,25.0,1794.35
2024-03-16,Mumbai,Beauty,12.0,658.74,10.0,7114.35
2024-01-06,Pune,Sports,5.0,2208.78,5.0,10491.7
2025-05-06,Bangalore,Electronics,6.0,6577.39,15.0,33544.71
2024-11-25,Mumbai,Beauty,10.0,552.43,20.0,4419.47
2025-05-16,Pune,Beauty,2.0,719.32,0.0,1438.64
2024-09-18,Pune,Electronics,7.0,8037.82,5.0,53451.5
2025-04-17,Delhi,Sports,6.0,1386.05,10.0,7484.69
2024-03-22,Bangalore,Groceries,9.0,416.15,5.0,3558.06
2024-09-19,Chennai,Groceries,8.0,248.58,5.0,1889.24
2024-11-01,Chennai,Groceries,6.0,328.89,5.0,1874.65
2024-06-30,Pune,Sports,8.0,2701.76,10.0,19452.65
2024-10-24,Pune,Groceries,13.0,284.09,5.0,3508.54
2025-09-23,Pune,Home & Kitchen,3.0,1434.06,10.0,3871.97
2024-06-13,Delhi,Groceries,6.0,418.02,0.0,2508.14
2025-08-04,Chennai,Electronics,10.0,6586.14,5.0,62568.31
2024-03-03,Pune,Groceries,6.0,425.72,0.0,2554.29
2025-12-17,Bangalore,Electronics,13.0,9926.84,10.0,116144.09
2024-06-16,Delhi,Beauty,5.0,721.48,5.0,3427.02
2024-09-25,Pune,Electronics,5.0,5873.81,0.0,29369.07
2025-06-15,Delhi,Sports,8.0,2417.28,15.0,16437.53
2024-05-24,Mumbai,Clothing,7.0,811.67,10.0,5113.51
2024-10-01,Bangalore,Groceries,8.0,376.32,25.0,2257.93
2025-10-07,Pune,Sports,7.0,2017.43,5.0,13415.9
2024-06-01,Mumbai,Home & Kitchen,7.0,2391.65,0.0,16741.58
2025-08-25,Mumbai,Clothing,9.0,1260.07,0.0,11340.63
2024-08-02,Mumbai,Clothing,9.0,1504.98,5.0,12867.57
2024-08-10,Pune,Clothing,5.0,1538.38,10.0,6922.73
2025-07-03,Delhi,Groceries,9.0,392.3,0.0,3530.68
2025-05-31,Mumbai,Groceries,6.0,411.87,0.0,2471.22
2024-08-13,Pune,Beauty,6.0,704.25,10.0,3802.97
2025-05-17,Bangalore,Home & Kitchen,2.0,1529.97,15.0,2600.95
2025-08-31,Mumbai,Groceries,3.0,463.84,15.0,1182.79
2025-09-05,Chennai,Electronics,7.0,7923.93,0.0,55467.52
2025-11-05,Bangalore,Clothing,13.0,1476.9,0.0,19199.71
2024-11-24,Pune,Groceries,9.0,311.02,5.0,2659.19
2025-12-07,Delhi,Electronics,8.0,7993.27,10.0,57551.56
2024-06-27,Pune,Clothing,9.0,711.2,0.0,6400.84
2024-09-09,Pune,Groceries,11.0,323.66,0.0,3560.24
2025-07-18,Chennai,Groceries,7.0,383.55,5.0,2550.58
2025-05-19,Delhi,Clothing,7.0,1305.23,0.0,9136.63
2024-08-07,Bangalore,Groceries,6.0,485.02,10.0,2619.11
2024-06-28,Mumbai,Groceries,5.0,246.87,5.0,1172.64
2025-01-22,Mumbai,Clothing,6.0,899.33,10.0,4856.39
2025-03-07,Bangalore,Home & Kitchen,8.0,1711.82,20.0,10955.63
2025-12-17,Pune,Electronics,8.0,8572.28,5.0,65149.3
2024-05-09,Mumbai,Home & Kitchen,11.0,1969.15,0.0,21660.62
2024-02-16,Delhi,Clothing,7.0,1217.77,20.0,6819.5
2024-03-12,Mumbai,Beauty,8.0,778.59,15.0,5294.38
2025-04-14,Bangalore,Electronics,7.0,9819.92,0.0,68739.41
2025-04-12,Pune,Clothing,5.0,1601.16,20.0,6404.64
2025-08-06,Mumbai,Groceries,6.0,393.78,15.0,2008.29
2025-03-10,Pune,Clothing,10.0,1314.77,0.0,13147.74
2025-11-11,Delhi,Home & Kitchen,10.0,1631.36,25.0,12235.19
2025-03-22,Mumbai,Groceries,4.0,342.82,0.0,1371.3
2025-11-04,Chennai,Groceries,8.0,369.49,15.0,2512.53
2024-07-16,Pune,Clothing,8.0,1077.94,15.0,7330.02
2025-07-05,Chennai,Electronics,9.0,9359.87,0.0,84238.81
2024-09-25,Bangalore,Sports,5.0,2755.24,10.0,12398.58
2024-02-15,Mumbai,Groceries,7.0,340.32,0.0,2382.23
2024-06-12,Mumbai,Home & Kitchen,4.0,1799.77,5.0,6839.12
2024-05-10,Delhi,Electronics,5.0,7391.09,0.0,36955.46
2024-08-11,Delhi,Groceries,9.0,332.06,0.0,2988.56
2024-02-12,Delhi,Clothing,2.0,1446.9,0.0,2893.8
2024-08-01,Delhi,Electronics,11.0,9439.82,10.0,93454.2
2024-03-30,Mumbai,Beauty,11.0,781.92,0.0,8601.11
2025-03-21,Chennai,Home & Kitchen,7.0,1085.12,20.0,6076.69
2024-01-25,Delhi,Sports,10.0,1934.29,10.0,17408.64
2025-04-14,Mumbai,Groceries,5.0,429.35,15.0,1824.73
2024-04-21,Bangalore,Clothing,10.0,1287.14,15.0,10940.7
2025-01-23,Mumbai,Clothing,4.0,1644.1,5.0,6247.57
2025-06-01,Delhi,Groceries,6.0,248.48,15.0,1267.24
2024-10-23,Mumbai,Beauty,6.0,728.28,10.0,3932.71
2024-02-18,Bangalore,Home & Kitchen,13.0,1170.13,5.0,14451.13
2025-04-14,Chennai,Electronics,11.0,8430.37,10.0,83460.62
2024-06-21,Mumbai,Sports,11.0,1553.11,25.0,12813.14
2025-10-16,Bangalore,Electronics,7.0,9715.34,0.0,68007.35
2025-09-17,Pune,Sports,9.0,2053.16,0.0,18478.41
2024-10-13,Chennai,Clothing,10.0,1057.31,20.0,8458.46
2025-03-19,Mumbai,Beauty,4.0,681.32,15.0,2316.48
2025-10-25,Delhi,Home & Kitchen,12.0,2399.25,0.0,28791.0
2025-07-16,Bangalore,Home & Kitchen,10.0,1840.74,25.0,13805.57
2024-04-28,Pune,Groceries,12.0,331.47,0.0,3977.63
2025-11-09,Bangalore,Groceries,5.0,456.48,20.0,1825.92
2024-11-29,Pune,Groceries,5.0,383.71,5.0,1822.61
2025-08-01,Mumbai,Groceries,8.0,460.59,15.0,3132.02
2024-09-02,Mumbai,Clothing,7.0,1338.35,5.0,8900.0
2024-11-30,Mumbai,Clothing,7.0,1177.0,0.0,8239.02
2024-05-11,Bangalore,Beauty,4.0,628.56,0.0,2514.26
2024-10-16,Mumbai,Groceries,4.0,276.16,0.0,1104.63
2025-05-27,Chennai,Groceries,,287.63,5.0,1093.0
2024-10-08,Chennai,Groceries,11.0,353.37,25.0,2915.26
2024-02-25,Delhi,Clothing,6.0,1044.72,15.0,5328.06
2024-10-04,Pune,Electronics,13.0,8199.53,0.0,106593.87
2024-02-26,Delhi,Home & Kitchen,4.0,2139.68,10.0,7702.83
2025-10-30,Mumbai,Sports,7.0,1919.48,5.0,12764.51
2024-12-20,Mumbai,Sports,7.0,2391.04,0.0,16737.26
2025-12-14,Mumbai,Groceries,7.0,380.5,10.0,2397.14
2025-07-11,Pune,Electronics,8.0,6732.08,10.0,48470.95
2024-09-14,Mumbai,Home & Kitchen,6.0,1082.46,0.0,6494.75
2024-02-26,Pune,Electronics,5.0,8305.35,,37374.09
2024-02-11,Bangalore,Electronics,9.0,9296.75,10.0,75303.7
2024-07-13,Delhi,Clothing,3.0,916.34,10.0,2474.11
2025-04-14,Bangalore,Beauty,11.0,524.02,0.0,5764.27
2024-08-27,Bangalore,Groceries,6.0,466.59,10.0,2519.58
2025-01-30,Pune,Home & Kitchen,3.0,1123.47,5.0,3201.88
2025-02-28,Bangalore,Clothing,8.0,1212.42,0.0,9699.34
2024-07-14,Pune,Electronics,2.0,7150.39,0.0,14300.78
2024-03-24,Bangalore,Clothing,12.0,1467.62,10.0,15850.3
2024-03-06,Mumbai,Electronics,6.0,7185.19,10.0,38800.01
2025-04-21,Chennai,Clothing,6.0,1139.92,25.0,5129.62
2025-05-27,Bangalore,Electronics,5.0,7135.32,0.0,35676.59
2024-08-24,Mumbai,Electronics,9.0,6325.13,15.0,48387.25
2025-08-19,Bangalore,Home & Kitchen,10.0,1316.47,5.0,12506.48
2025-07-16,Mumbai,Electronics,9.0,7108.15,20.0,51178.67
2024-06-07,Chennai,Home & Kitchen,10.0,2257.9,5.0,21450.08
2024-06-28,Pune,Groceries,6.0,378.83,5.0,2159.35
2025-07-06,Bangalore,Electronics,7.0,7944.62,0.0,55612.33
2025-06-09,Bangalore,Groceries,5.0,342.25,5.0,1625.7
2025-04-25,Mumbai,Beauty,4.0,557.64,10.0,2007.49
2024-10-26,Chennai,Clothing,8.0,1117.97,0.0,8943.73
2024-04-17,Delhi,Electronics,8.0,10599.5,0.0,84795.98
2024-07-02,Bangalore,Electronics,5.0,6610.51,25.0,24789.41
2025-04-25,Delhi,Home & Kitchen,8.0,1883.94,10.0,13564.37
2024-05-23,Delhi,Electronics,8.0,13639.22,20.0,87290.98
2024-01-09,Pune,Clothing,5.0,1239.46,5.0,5887.43
2024-06-21,Delhi,Sports,4.0,2280.07,20.0,7296.24
2024-03-22,Pune,Sports,5.0,2273.41,0.0,11367.07
2025-10-07,Mumbai,Groceries,6.0,257.35,5.0,1466.92
2024-09-04,Mumbai,Groceries,3.0,299.27,5.0,852.92
2024-03-04,Mumbai,Groceries,6.0,369.06,10.0,1992.94
2024-07-03,Delhi,Groceries,9.0,233.47,0.0,2101.24
2024-09-16,Delhi,Clothing,7.0,998.31,5.0,6638.76
2025-08-06,Pune,Groceries,4.0,328.56,10.0,1182.82
2024-06-25,Chennai,Groceries,1.0,443.74,0.0,443.74
2025-11-17,Mumbai,Groceries,7.0,313.82,10.0,1977.06
2025-03-03,Delhi,Beauty,15.0,703.7,15.0,8972.13
2024-12-08,Mumbai,Home & Kitchen,15.0,1660.14,0.0,24902.08
2025-12-30,Mumbai,Electronics,,7530.58,5.0,57232.4
2024-05-18,Pune,Home & Kitchen,4.0,1168.63,10.0,4207.08
2025-12-07,Chennai,Groceries,12.0,261.05,10.0,2819.38
2024-12-20,Bangalore,Groceries,9.0,323.49,10.0,2620.27
2025-12-08,Bangalore,Groceries,11.0,460.7,15.0,4307.54
2024-08-11,Delhi,Groceries,4.0,268.25,0.0,1073.02
2025-05-02,Bangalore,Clothing,7.0,1171.38,5.0,7789.65
2025-11-07,Mumbai,Electronics,13.0,8729.61,10.0,102136.45
2024-08-18,Mumbai,Groceries,13.0,281.94,20.0,2932.22
2024-03-19,Delhi,Sports,7.0,1650.29,20.0,9241.61
2025-02-06,Delhi,Clothing,4.0,1322.34,20.0,4231.49
2025-06-20,Mumbai,Clothing,11.0,1349.29,5.0,14100.06
2025-11-03,Bangalore,Groceries,10.0,256.87,25.0,1926.52
2024-06-24,Bangalore,Home & Kitchen,4.0,1882.06,5.0,7151.82
2025-08-03,Bangalore,Clothing,8.0,1377.8,0.0,11022.39
2024-07-22,Bangalore,Clothing,5.0,1379.45,0.0,6897.23
2025-02-13,Pune,Clothing,6.0,1178.56,25.0,5303.5
2025-01-29,Mumbai,Groceries,7.0,393.51,15.0,2341.41
2024-07-04,Bangalore,Groceries,9.0,256.78,20.0,1848.82
2024-03-28,Chennai,Home & Kitchen,6.0,2335.5,0.0,14013.02
2024-08-06,Bangalore,Beauty,4.0,770.5,10.0,2773.81
2024-10-23,Mumbai,Clothing,11.0,1184.05,5.0,12373.36
2025-06-17,Delhi,Home & Kitchen,3.0,1553.99,0.0,4661.98
2024-01-04,Bangalore,Beauty,4.0,560.55,0.0,2242.19
2025-09-19,Bangalore,Electronics,3.0,7667.52,10.0,20702.32
2025-12-03,Pune,Groceries,5.0,330.5,10.0,1487.27
2025-06-06,Bangalore,Beauty,8.0,601.61,15.0,4090.91
2025-12-06,Delhi,Clothing,10.0,1294.51,0.0,12945.11
2024-08-26,Pune,Electronics,1.0,8083.05,5.0,7678.89
2025-02-17,Bangalore,Home & Kitchen,7.0,2037.03,0.0,14259.19
2025-06-15,Delhi,Groceries,7.0,343.46,10.0,2163.77
2024-07-23,Mumbai,Sports,5.0,2800.12,10.0,12600.53
2025-09-20,Mumbai,Electronics,5.0,9932.99,0.0,49664.96
2024-04-09,Mumbai,Clothing,2.0,1732.6,0.0,3465.2
2024-11-23,Pune,Sports,9.0,2005.72,10.0,16246.31
2025-01-25,Pune,Clothing,5.0,1500.39,0.0,7501.93
2024-11-12,Mumbai,Beauty,3.0,668.18,15.0,1703.86
2024-02-10,Mumbai,Electronics,5.0,8316.2,0.0,41581.0
2024-07-15,Bangalore,Electronics,6.0,9890.75,0.0,59344.53
2025-09-30,Bangalore,Electronics,6.0,8151.32,10.0,44017.13
2024-06-12,Mumbai,Clothing,13.0,1076.1,0.0,13989.25
2025-09-12,Delhi,Groceries,4.0,450.96,5.0,1713.65
2025-03-18,Pune,Electronics,6.0,10393.54,5.0,59243.19
2024-05-06,Pune,Electronics,8.0,10191.91,20.0,65228.21
2025-04-11,Bangalore,Groceries,4.0,363.2,5.0,1380.14
2024-04-01,Delhi,Beauty,5.0,567.6,5.0,2696.1
2024-05-09,Delhi,Sports,7.0,1600.05,0.0,11200.33
2024-07-23,Mumbai,Groceries,8.0,416.22,10.0,2996.8
2025-03-07,Chennai,Electronics,7.0,8955.52,0.0,62688.62
2025-07-24,Pune,Electronics,4.0,8604.45,0.0,34417.8
2025-03-16,Mumbai,Sports,6.0,1544.54,20.0,7413.78
2024-10-19,Pune,Beauty,9.0,639.7,10.0,5181.53
2024-08-11,Mumbai,Clothing,6.0,1089.06,5.0,6207.67
2025-09-26,Bangalore,Clothing,5.0,1486.7,15.0,6318.49
2024-03-16,Pune,Electronics,10.0,7091.94,0.0,70919.35
2025-05-02,Mumbai,Electronics,3.0,10003.87,0.0,30011.62
2025-07-22,Bangalore,Clothing,6.0,618.53,5.0,3525.63
2025-08-06,Mumbai,Clothing,8.0,1278.03,15.0,8690.64
2025-12-22,Delhi,Groceries,9.0,381.13,15.0,2915.65
2025-08-19,Pune,Home & Kitchen,3.0,1589.16,5.0,4529.12
2025-03-07,Mumbai,Groceries,5.0,438.86,20.0,1755.42
2024-11-28,Delhi,Clothing,7.0,938.93,0.0,6572.53
2025-07-24,Bangalore,Groceries,6.0,402.26,10.0,2172.18
2025-04-23,Delhi,Electronics,6.0,6281.15,0.0,37686.89
2025-04-09,Chennai,Electronics,7.0,11500.62,0.0,80504.31
2024-05-26,Bangalore,Home & Kitchen,6.0,2378.24,5.0,13555.94
2025-07-23,Chennai,Home & Kitchen,5.0,2520.54,5.0,11972.56
2025-08-30,Mumbai,Electronics,15.0,10565.99,20.0,126791.93
2025-01-29,Delhi,Clothing,5.0,1031.12,0.0,5155.58
2025-11-29,Mumbai,Groceries,10.0,365.36,5.0,3470.87
2025-04-30,Delhi,Groceries,11.0,392.75,10.0,3888.23
2024-11-01,Delhi,Home & Kitchen,6.0,2228.27,0.0,13369.64
2024-02-11,Mumbai,Clothing,5.0,1215.29,10.0,5468.81
2024-07-18,Mumbai,Electronics,6.0,8936.07,15.0,45573.94
2025-02-05,Delhi,Electronics,8.0,11994.41,20.0,76764.22
2025-12-28,Bangalore,Sports,12.0,1374.37,0.0,16492.4
2025-09-27,Delhi,Home & Kitchen,4.0,1471.51,15.0,5003.15
2024-09-29,Bangalore,Groceries,7.0,380.0,10.0,2393.98
2024-07-24,Bangalore,Electronics,5.0,9792.34,0.0,48961.71
2025-08-01,Bangalore,Electronics,4.0,11457.43,5.0,43538.22
2024-03-16,Mumbai,Clothing,3.0,1782.23,0.0,5346.7
2024-08-13,Pune,Clothing,3.0,1385.79,10.0,3741.65
2025-11-16,Pune,Groceries,10.0,456.97,5.0,4341.26
2025-01-14,Bangalore,Electronics,5.0,9011.99,0.0,45059.97
2025-04-04,Bangalore,Sports,4.0,3022.24,5.0,11484.51
2025-11-14,Mumbai,Groceries,9.0,345.79,5.0,2956.49
2025-12-24,Chennai,Groceries,3.0,331.5,0.0,994.51
2024-12-13,Mumbai,Electronics,9.0,8310.37,0.0,74793.32
2025-04-20,Mumbai,Home & Kitchen,3.0,1552.4,10.0,4191.48
2025-05-10,Chennai,Home & Kitchen,6.0,2261.0,20.0,10852.78
2025-03-31,Delhi,Groceries,6.0,329.59,10.0,1779.81
2024-11-24,Chennai,Groceries,4.0,264.39,5.0,1004.68
2025-10-03,Pune,Sports,7.0,1714.0,5.0,11398.09
2025-10-06,Delhi,Electronics,13.0,8558.9,5.0,105702.36
2025-07-01,Chennai,Electronics,7.0,8512.08,10.0,53626.12
2024-05-29,Bangalore,Clothing,9.0,1242.58,0.0,11183.22
2025-09-29,Pune,Groceries,11.0,397.01,20.0,3493.68
2025-12-10,Delhi,Beauty,8.0,844.4,20.0,5404.19
2025-06-07,Delhi,Electronics,10.0,8534.14,0.0,85341.42
2024-07-15,Pune,Home & Kitchen,14.0,1653.33,5.0,21989.23
2025-10-25,Mumbai,Groceries,11.0,395.26,0.0,4347.88
2025-08-08,Mumbai,Electronics,5.0,9960.63,10.0,44822.82
2024-06-28,Pune,Clothing,3.0,1305.13,10.0,3523.86
2025-01-05,Mumbai,Electronics,5.0,7268.37,20.0,29073.47
2024-09-23,Mumbai,Electronics,4.0,5347.0,10.0,19249.2
2025-03-23,Pune,Electronics,2.0,9251.06,5.0,17577.02
2025-08-06,Pune,Groceries,7.0,281.97,20.0,1579.06
2024-07-09,Mumbai,Groceries,9.0,348.28,15.0,2664.36
2024-02-09,Pune,Groceries,2.0,327.99,0.0,655.98
2024-07-12,Mumbai,Clothing,7.0,1746.52,0.0,12225.66
2024-03-22,Bangalore,Electronics,8.0,7489.4,25.0,44936.42
2025-12-19,Mumbai,Electronics,13.0,9889.03,10.0,115701.67
2024-04-22,Delhi,Groceries,6.0,258.09,5.0,1471.09
2024-12-22,Bangalore,Sports,13.0,2002.24,10.0,23426.21
2025-01-31,Delhi,Groceries,6.0,256.24,10.0,1383.69
2024-10-18,Delhi,Electronics,5.0,9256.63,25.0,34712.38
2024-03-30,Delhi,Clothing,9.0,654.69,20.0,4713.76
2025-11-16,Pune,Electronics,7.0,8566.83,10.0,53971.03
2025-09-22,Pune,Home & Kitchen,4.0,2359.04,15.0,8020.73
2025-09-15,Bangalore,Electronics,6.0,9150.41,15.0,46667.12
2024-05-31,Mumbai,Sports,5.0,1945.32,0.0,9726.62
2024-06-27,Delhi,Beauty,9.0,587.42,15.0,4493.8
2024-03-14,Delhi,Clothing,11.0,1794.86,0.0,19743.47
2024-12-31,Bangalore,Electronics,7.0,8885.0,5.0,59085.22
2025-04-20,Mumbai,Electronics,12.0,6444.33,5.0,73465.38
2025-08-08,Pune,Clothing,7.0,1034.9,10.0,6519.87
2024-09-29,Mumbai,Electronics,4.0,9067.84,15.0,30830.65
2025-11-05,Bangalore,Electronics,9.0,10102.81,0.0,90925.26
2025-04-13,Bangalore,Electronics,6.0,9491.58,0.0,56949.5
2025-07-23,Delhi,Clothing,1.0,1787.93,0.0,1787.93
2024-03-24,Delhi,Electronics,4.0,8298.23,5.0,31533.27
2024-01-06,Pune,Home & Kitchen,6.0,1793.19,15.0,9145.26
2025-09-16,Delhi,Home & Kitchen,5.0,1406.3,0.0,7031.49
2025-11-15,Delhi,Groceries,10.0,338.42,0.0,3384.24
2025-06-28,Mumbai,Groceries,7.0,358.64,15.0,2133.9
2024-09-10,Delhi,Electronics,4.0,8009.86,20.0,25631.55
2024-10-08,Delhi,Groceries,5.0,318.65,0.0,1593.25
2024-02-09,Bangalore,Electronics,8.0,9964.4,0.0,79715.21
2025-01-01,Delhi,Clothing,8.0,1025.32,5.0,7792.41
2025-11-17,Mumbai,Electronics,6.0,9076.55,0.0,54459.28
2024-08-27,Delhi,Clothing,5.0,1226.67,0.0,6133.37
2024-05-25,Pune,Electronics,7.0,9607.5,0.0,67252.47
2025-04-18,Delhi,Clothing,7.0,1231.3,5.0,8188.17
2025-11-08,Mumbai,Groceries,12.0,372.46,20.0,3575.61
2025-12-21,Pune,Home & Kitchen,8.0,1814.43,0.0,14515.46
2025-07-08,Chennai,Clothing,4.0,1378.03,5.0,5236.5
2025-07-05,Pune,Clothing,5.0,887.24,0.0,4436.18
2025-07-10,Chennai,Clothing,6.0,1163.81,15.0,5935.41
2024-02-15,Chennai,Electronics,6.0,8896.36,5.0,50709.26
2025-05-22,Mumbai,Groceries,8.0,477.01,0.0,3816.12
2025-07-18,Bangalore,Electronics,10.0,8956.2,5.0,85083.87
2024-05-12,Delhi,Electronics,7.0,5520.89,0.0,38646.22
2025-09-23,Mumbai,Beauty,7.0,545.8,0.0,3820.61
2025-01-15,Mumbai,Electronics,1.0,8216.74,0.0,8216.74
2024-05-13,Mumbai,Groceries,6.0,319.77,15.0,1630.85
2025-07-06,Bangalore,Beauty,7.0,687.71,20.0,3851.15
2025-04-15,Bangalore,Groceries,5.0,316.58,5.0,1503.76
2025-03-19,Chennai,Groceries,7.0,296.82,5.0,1973.84
2024-02-12,Delhi,Sports,8.0,2737.2,5.0,20802.71
2024-11-28,Delhi,Clothing,13.0,1066.82,0.0,13868.6
2024-08-08,Mumbai,Clothing,4.0,1361.69,0.0,5446.76
2024-05-13,Delhi,Home & Kitchen,6.0,1575.69,5.0,8981.42
2024-06-13,Chennai,Groceries,3.0,384.47,20.0,922.74
2024-09-20,Chennai,Electronics,6.0,6385.48,10.0,34481.58
2025-03-05,Chennai,Electronics,5.0,8430.44,0.0,42152.2
2024-04-09,Mumbai,Clothing,8.0,1192.48,10.0,8585.87
2025-05-30,Bangalore,Electronics,8.0,7344.51,10.0,52880.46
2025-07-02,Mumbai,Home & Kitchen,5.0,1693.87,0.0,8469.37
2024-11-13,Pune,Clothing,5.0,913.13,10.0,4109.09
2025-11-07,Bangalore,Sports,4.0,1952.38,,7809.51
2024-04-24,Bangalore,Home & Kitchen,5.0,1764.61,0.0,8823.05
2024-11-14,Bangalore,Home & Kitchen,10.0,1458.18,10.0,13123.66
2025-01-20,Mumbai,Clothing,9.0,1606.28,0.0,14456.54
2024-05-21,Chennai,Groceries,3.0,305.93,15.0,780.12
2024-03-17,Delhi,Sports,5.0,1158.21,0.0,5791.07
2025-05-26,Delhi,Groceries,9.0,394.59,10.0,3196.16
2025-07-30,Chennai,Electronics,10.0,9785.84,0.0,97858.42
2024-09-26,Mumbai,Groceries,4.0,297.02,0.0,1188.07
2025-12-10,Mumbai,Sports,10.0,1428.6,20.0,11428.77
2024-09-05,Delhi,Groceries,3.0,473.87,10.0,1279.45
2024-03-23,Chennai,Beauty,10.0,617.1,10.0,5553.88
2025-10-08,Bangalore,Sports,7.0,2601.32,0.0,18209.21
2024-03-09,Mumbai,Electronics,7.0,4289.35,0.0,30025.46
2024-11-03,Delhi,Groceries,6.0,284.79,25.0,1281.54
2025-07-25,Delhi,Clothing,8.0,868.41,5.0,6599.92
2025-09-10,Bangalore,Home & Kitchen,6.0,1776.0,5.0,10123.18
2025-02-18,Pune,Clothing,6.0,1022.08,0.0,6132.48
2024-12-21,Delhi,Home & Kitchen,13.0,1700.06,5.0,20995.79
2025-06-25,Bangalore,Clothing,6.0,1313.6,15.0,6699.36
2025-09-06,Mumbai,Groceries,6.0,395.34,10.0,2134.85
2025-03-29,Chennai,Electronics,10.0,7954.21,0.0,79542.11
2025-12-05,Delhi,Sports,8.0,2634.0,5.0,20018.36
2025-10-28,Mumbai,Electronics,6.0,5525.19,0.0,33151.17
2024-05-06,Pune,Electronics,6.0,10226.51,5.0,58291.08
2025-04-12,Pune,Sports,3.0,2344.91,10.0,6331.25
2025-04-01,Chennai,Clothing,11.0,1566.89,20.0,13788.59
2024-08-25,Mumbai,Electronics,4.0,9535.64,0.0,38142.58
2024-02-08,Bangalore,Home & Kitchen,9.0,1402.73,20.0,10099.69
2025-07-06,Mumbai,Electronics,7.0,5697.42,0.0,39881.91
2024-02-24,Pune,Electronics,8.0,9157.78,5.0,69599.15
2025-03-17,Mumbai,Sports,4.0,3096.88,10.0,11148.78
2025-06-24,Pune,Electronics,6.0,8521.85,20.0,40904.86
2024-09-12,Bangalore,Clothing,6.0,1188.39,0.0,7130.35
2025-09-19,Pune,Groceries,4.0,306.02,10.0,1101.68
2024-08-06,Bangalore,Electronics,7.0,10761.99,5.0,71567.23
2024-02-06,Delhi,Beauty,6.0,795.61,25.0,3580.26
2024-09-04,Mumbai,Groceries,4.0,249.92,0.0,999.66
2024-07-06,Bangalore,Groceries,2.0,396.25,15.0,673.62
2025-01-08,Pune,Home & Kitchen,7.0,1964.68,10.0,12377.48
2024-01-09,Mumbai,Electronics,9.0,9791.21,5.0,83714.82
2024-10-13,Mumbai,Electronics,6.0,7874.98,0.0,47249.87
2025-03-23,Pune,Groceries,12.0,441.12,25.0,3970.11
2025-12-09,Bangalore,Sports,9.0,2166.55,0.0,19498.95
2024-04-29,Mumbai,Home & Kitchen,5.0,1492.77,0.0,7463.84
2025-12-01,Chennai,Sports,7.0,2074.74,20.0,11618.56
2024-06-09,Mumbai,Sports,3.0,1496.99,15.0,3817.34
2025-05-14,Bangalore,Electronics,5.0,8894.2,0.0,44471.0
2024-01-20,Chennai,Groceries,5.0,285.19,15.0,1212.07
2025-06-09,Chennai,Clothing,10.0,627.69,0.0,6276.93
2025-08-26,Mumbai,Home & Kitchen,6.0,1875.77,0.0,11254.61
2024-04-28,Chennai,Home & Kitchen,5.0,1362.44,5.0,6471.59
2024-02-06,Mumbai,Home & Kitchen,5.0,1988.79,15.0,8452.35
2024-11-13,Bangalore,Clothing,9.0,1529.72,0.0,13767.52
2025-07-24,Bangalore,Sports,4.0,1862.61,10.0,6705.39
2024-09-30,Pune,Sports,6.0,2225.62,10.0,12018.32
2025-08-31,Pune,Clothing,3.0,881.47,10.0,2379.96
2024-01-07,Delhi,Electronics,8.0,6978.73,10.0,50246.86
2025-03-15,Mumbai,Groceries,13.0,425.4,0.0,5530.22
2024-10-29,Mumbai,Groceries,6.0,287.95,5.0,1641.34
2024-09-06,Chennai,Groceries,2.0,84.88,20.0,135.8
2024-08-23,Mumbai,Home & Kitchen,5.0,2168.68,20.0,8674.73
2025-04-17,Chennai,Beauty,3.0,466.61,10.0,1259.86
2025-08-28,Pune,Beauty,4.0,921.02,5.0,3499.89
2025-09-01,Delhi,Sports,6.0,2331.77,0.0,13990.63
2024-02-23,Chennai,Beauty,7.0,822.02,0.0,5754.11
2025-09-17,Mumbai,Groceries,7.0,256.52,10.0,1616.07
2025-03-28,Pune,Home & Kitchen,10.0,1615.4,10.0,14538.57
2024-04-04,Delhi,Beauty,9.0,568.31,25.0,3836.09
2024-08-22,Bangalore,Groceries,11.0,323.26,0.0,3555.87
2025-01-21,Bangalore,Sports,2.0,2268.47,10.0,4083.25
2024-05-12,Delhi,Sports,10.0,2624.33,5.0,24931.14
2024-08-24,Bangalore,Groceries,7.0,360.26,5.0,2395.71
2025-08-26,Bangalore,Beauty,9.0,469.87,20.0,3383.05
2025-02-04,Mumbai,Electronics,6.0,7509.59,0.0,45057.53
2025-09-11,Mumbai,Beauty,3.0,810.08,15.0,2065.7
2025-05-10,Delhi,Home & Kitchen,6.0,2413.63,0.0,14481.76
2024-04-08,Chennai,Clothing,5.0,1297.76,0.0,6488.79
2025-02-17,Mumbai,Groceries,4.0,244.98,10.0,881.94
2024-01-24,Bangalore,Beauty,10.0,946.34,0.0,9463.36
2025-08-03,Pune,Home & Kitchen,4.0,1747.04,25.0,5241.12
2025-08-16,Mumbai,Home & Kitchen,5.0,1587.85,25.0,5954.43
2024-01-19,Delhi,Home & Kitchen,13.0,961.71,10.0,11252.01
2024-06-08,Delhi,Clothing,4.0,957.3,10.0,3446.29
2024-03-24,Chennai,Groceries,4.0,322.46,0.0,1289.83
2025-12-09,Bangalore,Sports,11.0,1974.0,0.0,21713.98
2025-04-08,Delhi,Electronics,5.0,5531.82,0.0,27659.09
2024-10-31,Bangalore,Home & Kitchen,10.0,1841.17,10.0,16570.5
2024-11-19,Mumbai,Electronics,6.0,7343.52,0.0,44061.14
2025-02-16,Bangalore,Sports,3.0,2408.2,0.0,7224.61
2024-10-13,Mumbai,Groceries,5.0,248.45,20.0,993.81
2025-06-04,Delhi,Home & Kitchen,6.0,2088.61,10.0,11278.5
2025-02-16,Mumbai,Electronics,4.0,8211.18,0.0,32844.73
2025-02-09,Delhi,Beauty,7.0,521.9,0.0,3653.29
2024-09-30,Delhi,Clothing,12.0,1032.04,10.0,11146.06
2024-09-01,Pune,Electronics,6.0,7966.53,5.0,45409.24
2025-11-13,Delhi,Clothing,7.0,1081.56,10.0,6813.84
2025-07-07,Delhi,Electronics,4.0,7985.91,10.0,28749.29
2025-04-09,Delhi,Sports,10.0,1955.82,25.0,14668.63
2024-06-21,Mumbai,Electronics,2.0,9830.25,0.0,19660.49
2024-01-03,Delhi,Electronics,8.0,6037.53,0.0,48300.22
2025-01-08,Mumbai,Groceries,8.0,309.55,5.0,2352.61
2024-03-17,Mumbai,Electronics,5.0,6302.49,0.0,31512.43
2025-02-02,Mumbai,Groceries,5.0,348.9,0.0,1744.51
2024-07-21,Chennai,Clothing,1.0,840.1,10.0,756.09
2025-05-07,Mumbai,Clothing,5.0,1226.65,0.0,6133.23
2025-11-11,Bangalore,Clothing,9.0,1495.41,0.0,13458.69
2025-02-17,Pune,Electronics,7.0,6020.81,0.0,42145.69
2025-05-04,Chennai,Home & Kitchen,3.0,2010.41,0.0,6031.24
2024-03-26,Mumbai,Clothing,10.0,1309.95,0.0,13099.48
2025-12-05,Mumbai,Sports,12.0,1696.39,5.0,19338.83
2024-04-18,Mumbai,Sports,7.0,2229.78,0.0,15608.43
2024-07-20,Delhi,Groceries,1.0,255.67,20.0,204.54
2024-05-09,Chennai,Sports,8.0,2328.31,25.0,13969.85
2025-07-03,Mumbai,Clothing,2.0,1445.48,0.0,2890.96
2025-01-31,Delhi,Electronics,9.0,11573.41,5.0,98952.63
2024-02-08,Delhi,Clothing,6.0,1100.89,20.0,5284.29
2024-01-21,Delhi,Groceries,4.0,358.43,15.0,1218.65
2025-07-22,Mumbai,Groceries,6.0,397.81,5.0,2267.53
2025-10-23,Pune,Groceries,3.0,370.22,25.0,833.01
2025-09-27,Delhi,Electronics,4.0,9310.08,0.0,37240.32
2024-08-05,Pune,Groceries,8.0,312.49,10.0,2249.91
2025-01-18,Pune,Sports,4.0,2344.92,10.0,8441.72
2024-05-06,Mumbai,Home & Kitchen,8.0,985.87,0.0,7886.98
2024-11-25,Bangalore,Clothing,10.0,946.06,0.0,9460.64
2024-07-31,Bangalore,Clothing,6.0,1550.23,10.0,8371.26
2024-10-25,Bangalore,Clothing,6.0,1359.32,10.0,7340.35
2025-05-14,Pune,Electronics,2.0,6648.93,10.0,11968.07
2024-09-02,Bangalore,Beauty,6.0,562.07,0.0,3372.41
2024-04-23,Chennai,Electronics,7.0,9217.37,0.0,64521.62
2024-01-12,Mumbai,Home & Kitchen,8.0,1243.57,0.0,9948.57
2025-07-12,Chennai,Groceries,6.0,349.29,20.0,1676.58
2025-09-18,Delhi,Electronics,5.0,8485.38,10.0,38184.23
2025-03-06,Delhi,Home & Kitchen,8.0,2312.59,0.0,18500.7
2024-07-12,Mumbai,Beauty,10.0,617.85,5.0,5869.61
2025-04-23,Bangalore,Groceries,8.0,293.15,0.0,2345.23
2024-02-02,Bangalore,Electronics,10.0,7878.5,15.0,66967.25
2025-07-06,Bangalore,Clothing,5.0,1259.29,20.0,5037.17
2025-02-22,Delhi,Clothing,7.0,1640.87,5.0,10911.78
2025-03-10,Mumbai,Groceries,9.0,362.7,10.0,2937.85
2024-11-07,Mumbai,Sports,10.0,2215.29,0.0,22152.94
2024-04-15,Mumbai,Electronics,11.0,11183.11,0.0,123014.25
2025-03-29,Delhi,Home & Kitchen,4.0,1752.49,20.0,5607.98
2025-07-14,Bangalore,Groceries,5.0,323.18,5.0,1535.1
2025-08-14,Delhi,Beauty,7.0,411.1,15.0,2446.05
2025-06-27,Bangalore,Beauty,7.0,590.71,0.0,4134.97
2024-10-20,Mumbai,Clothing,13.0,834.23,10.0,9760.49
2025-08-13,Bangalore,Clothing,3.0,1217.79,10.0,3288.02
2024-09-08,Mumbai,Clothing,6.0,1164.38,0.0,6986.3
2024-04-23,Mumbai,Home & Kitchen,8.0,1685.97,5.0,12813.4
2025-02-28,Bangalore,Clothing,11.0,1165.2,20.0,10253.8
2024-07-24,Pune,Sports,5.0,2665.8,25.0,9996.75
2024-07-17,Pune,Groceries,6.0,424.13,10.0,2290.32
2025-02-06,Bangalore,Electronics,6.0,6502.41,25.0,29260.84
2025-07-11,Mumbai,Electronics,5.0,8790.1,0.0,43950.52
2025-05-02,Bangalore,Beauty,4.0,713.35,0.0,2853.4
2025-05-11,Chennai,Clothing,4.0,1337.16,5.0,5081.23
2025-06-03,Delhi,Groceries,4.0,421.55,5.0,1601.88
2025-08-27,Delhi,Clothing,7.0,1173.4,0.0,8213.78
2025-11-28,Bangalore,Sports,12.0,2103.7,15.0,21457.78
2025-03-10,Bangalore,Electronics,7.0,8138.05,0.0,56966.32
2025-01-08,Bangalore,Clothing,9.0,976.8,0.0,8791.18
2025-08-06,Mumbai,Groceries,3.0,446.39,0.0,1339.18
2024-11-22,Delhi,Clothing,9.0,940.68,15.0,7196.2
2025-05-13,Mumbai,Home & Kitchen,5.0,1151.63,5.0,5470.23
2024-06-17,Chennai,Clothing,5.0,1125.92,5.0,5348.13
2025-12-21,Bangalore,Sports,8.0,2174.31,25.0,13045.84
2025-09-16,Delhi,Groceries,8.0,343.45,5.0,2610.23
2024-09-15,Mumbai,Sports,4.0,2050.53,0.0,8202.12
2025-09-16,Bangalore,Groceries,4.0,205.85,15.0,699.9
2024-09-17,Mumbai,Beauty,8.0,584.39,0.0,4675.13
2024-02-09,Mumbai,Home & Kitchen,5.0,1769.21,0.0,8846.03
2025-05-16,Delhi,Clothing,3.0,1615.69,0.0,4847.07
2025-04-09,Delhi,Electronics,7.0,9216.09,0.0,64512.66
2025-04-20,Chennai,Groceries,7.0,310.27,10.0,1954.73
2024-11-27,Mumbai,Clothing,3.0,1449.17,10.0,3912.76
2025-01-25,Chennai,Clothing,8.0,1023.2,0.0,8185.62
2025-08-16,Mumbai,Sports,4.0,1770.49,0.0,7081.94
2024-02-06,Bangalore,Groceries,7.0,456.25,0.0,3193.73
2025-09-04,Pune,Groceries,6.0,394.62,15.0,2012.57
2025-10-28,Bangalore,Groceries,9.0,420.07,0.0,3780.62
2025-02-17,Chennai,Groceries,6.0,284.12,0.0,1704.73
2025-04-16,Mumbai,Clothing,10.0,1170.68,10.0,10536.1
2024-08-24,Mumbai,Beauty,4.0,621.32,0.0,2485.27
2024-10-22,Delhi,Clothing,13.0,911.74,5.0,11260.04
2025-03-18,Pune,Beauty,10.0,626.41,10.0,5637.71
2024-05-12,Pune,Electronics,8.0,6395.38,5.0,48604.87
2025-09-27,Chennai,Home & Kitchen,11.0,1665.44,10.0,16487.88
2024-08-07,Mumbai,Home & Kitchen,4.0,1722.98,0.0,6891.91
2025-07-05,Mumbai,Home & Kitchen,4.0,1732.88,0.0,6931.52
2024-06-28,Delhi,Groceries,3.0,415.8,0.0,1247.4
2025-08-03,Mumbai,Electronics,5.0,7315.4,0.0,36577.02
2024-07-23,Pune,Groceries,17.0,343.81,0.0,5844.69
2024-05-13,Delhi,Clothing,5.0,1379.3,0.0,6896.51
2025-05-30,Delhi,Sports,4.0,2177.93,10.0,7840.53
2024-09-05,Pune,Home & Kitchen,6.0,1728.61,0.0,10371.68
2025-09-12,Chennai,Home & Kitchen,10.0,2483.21,15.0,21107.31
2025-08-02,Delhi,Clothing,12.0,1194.04,0.0,14328.46
2025-02-26,Delhi,Groceries,,482.66,10.0,4343.91
2025-02-01,Pune,Electronics,4.0,8284.8,20.0,26511.36
2025-11-17,Mumbai,Groceries,10.0,462.3,10.0,4160.74
2025-10-30,Mumbai,Groceries,12.0,350.75,10.0,3788.11
2024-03-18,Pune,Sports,6.0,2452.95,10.0,13245.94
2025-12-18,Mumbai,Electronics,8.0,6624.78,5.0,50348.35
2024-05-20,Mumbai,Beauty,8.0,674.15,0.0,5393.24
2024-08-30,Pune,Electronics,5.0,8062.02,5.0,38294.58
2024-08-09,Delhi,Groceries,6.0,367.58,5.0,2095.23
2025-12-15,Pune,Clothing,7.0,936.89,0.0,6558.26
2024-11-10,Mumbai,Beauty,10.0,669.76,0.0,6697.6
2024-03-03,Mumbai,Clothing,6.0,1242.26,15.0,6335.51
2025-02-18,Bangalore,Groceries,3.0,368.51,10.0,994.99
2024-04-12,Chennai,Beauty,9.0,699.23,20.0,5034.48
2024-03-14,Delhi,Groceries,7.0,228.59,15.0,1360.13
2025-06-03,Pune,Clothing,3.0,1357.63,5.0,3869.24
2025-09-10,Mumbai,Electronics,10.0,10470.2,25.0,78526.54
2024-08-18,Bangalore,Electronics,6.0,5912.81,0.0,35476.84
2024-10-28,Mumbai,Electronics,6.0,7084.37,20.0,34004.99
2024-08-20,Bangalore,Sports,3.0,2053.26,0.0,6159.78
2024-08-23,Mumbai,Electronics,6.0,8358.79,20.0,40122.18
2024-10-10,Mumbai,Home & Kitchen,8.0,1768.18,0.0,14145.46
2025-12-24,Delhi,Clothing,14.0,1324.48,0.0,18542.75
2025-06-24,Bangalore,Electronics,9.0,7871.6,15.0,60217.73
2025-12-03,Mumbai,Sports,13.0,1998.79,5.0,24685.01
2025-03-01,Delhi,Sports,11.0,1647.72,5.0,17218.69
2025-05-12,Bangalore,Groceries,10.0,203.05,5.0,1929.01
2025-12-24,Pune,Groceries,8.0,402.64,15.0,2737.96
2024-02-01,Chennai,Clothing,2.0,987.86,0.0,1975.73
2024-05-09,Mumbai,Beauty,5.0,658.05,0.0,3290.24
2025-08-13,Chennai,Sports,4.0,2560.18,25.0,7680.53
2025-09-17,Mumbai,Groceries,5.0,387.79,0.0,1938.95
2024-02-22,Mumbai,Groceries,5.0,424.04,15.0,1802.15
2025-05-19,Bangalore,Groceries,7.0,349.34,20.0,1956.33
2025-10-11,Mumbai,Groceries,6.0,364.87,0.0,2189.2
2025-10-10,Mumbai,Clothing,11.0,1176.57,15.0,11000.89
2024-05-14,Mumbai,Clothing,6.0,1008.06,15.0,5141.12
2025-08-12,Delhi,Electronics,6.0,8618.44,15.0,43954.02
2025-06-07,Pune,Home & Kitchen,6.0,2024.19,5.0,11537.86
2024-11-15,Bangalore,Groceries,9.0,237.82,0.0,2140.34
2024-08-03,Bangalore,Groceries,4.0,415.82,0.0,1663.26
2024-10-12,Mumbai,Groceries,8.0,384.52,10.0,2768.52
2024-07-18,Delhi,Home & Kitchen,6.0,1402.27,25.0,6310.22
2025-01-26,Bangalore,Clothing,6.0,830.33,10.0,4483.78
2024-06-09,Mumbai,Electronics,6.0,10271.73,5.0,58548.86
2024-09-10,Delhi,Beauty,2.0,597.82,5.0,1135.86
2024-09-10,Mumbai,Clothing,7.0,1026.61,5.0,6826.93
2024-02-16,Bangalore,Home & Kitchen,5.0,1742.29,25.0,6533.58
2024-07-20,Chennai,Electronics,5.0,8461.24,5.0,40190.88
2024-08-14,Mumbai,Home & Kitchen,7.0,1889.35,5.0,12564.16
2025-04-24,Bangalore,Clothing,6.0,1438.05,10.0,7765.48
2024-10-07,Mumbai,Home & Kitchen,7.0,1575.3,0.0,11027.11
2025-06-30,Mumbai,Beauty,6.0,820.86,0.0,4925.14
2025-07-04,Bangalore,Beauty,6.0,886.03,5.0,5050.38
2025-10-10,Pune,Groceries,9.0,339.52,0.0,3055.66
2024-12-14,Delhi,Home & Kitchen,7.0,1170.52,15.0,6964.58
2025-04-29,Bangalore,Groceries,8.0,365.72,15.0,2486.89
2024-08-28,Bangalore,Home & Kitchen,6.0,1361.45,0.0,8168.72
2025-01-18,Pune,Groceries,5.0,331.78,15.0,1410.05
2025-10-03,Bangalore,Groceries,5.0,261.91,0.0,1309.54
2024-10-09,Pune,Sports,9.0,1963.64,0.0,17672.72
2024-06-27,Chennai,Groceries,5.0,342.59,20.0,1370.37
2025-01-17,Mumbai,Clothing,5.0,849.02,5.0,4032.82
2024-02-12,Bangalore,Clothing,7.0,1593.62,0.0,11155.33
2025-03-07,Bangalore,Sports,6.0,2817.71,0.0,16906.28
2024-12-08,Pune,Groceries,13.0,361.51,10.0,4229.66
2025-05-06,Mumbai,Clothing,8.0,1053.53,0.0,8428.24
2025-12-15,Mumbai,Groceries,7.0,380.3,10.0,2395.88
2024-09-05,Chennai,Groceries,9.0,449.56,25.0,3034.54
2025-07-26,Mumbai,Beauty,6.0,805.44,0.0,4832.66
2024-06-13,Mumbai,Home & Kitchen,4.0,1068.96,5.0,4062.04
2025-06-11,Chennai,Electronics,7.0,8804.64,15.0,52387.64
2024-03-13,Delhi,Groceries,12.0,262.36,0.0,3148.26
2024-04-21,Mumbai,Clothing,10.0,808.33,25.0,6062.46
2025-01-06,Bangalore,Clothing,10.0,1059.45,20.0,8475.59
2025-01-23,Chennai,Beauty,8.0,810.42,10.0,5835.05
2025-07-29,Pune,Clothing,5.0,1224.01,10.0,5508.04
2024-09-08,Delhi,Groceries,9.0,268.27,15.0,2052.26
2024-02-07,Bangalore,Electronics,5.0,6528.73,5.0,31011.49
2024-01-08,Bangalore,Clothing,8.0,855.26,10.0,6157.89
2024-04-17,Mumbai,Electronics,7.0,9489.51,10.0,59783.93
2025-08-08,Delhi,Clothing,10.0,1234.47,10.0,11110.2
2024-05-22,Pune,Electronics,9.0,10910.25,0.0,98192.21
2025-10-15,Mumbai,Clothing,8.0,1321.04,0.0,10568.35
2024-08-21,Chennai,Sports,5.0,1942.67,5.0,9227.67
2025-05-08,Mumbai,Electronics,6.0,8753.35,10.0,47268.09
2025-02-16,Bangalore,Sports,5.0,1811.67,0.0,9058.36
2025-07-28,Pune,Groceries,9.0,283.27,10.0,2294.48
2025-07-25,Bangalore,Clothing,3.0,1875.0,5.0,5343.74
2024-03-15,Delhi,Clothing,11.0,1297.08,20.0,11414.28
2024-10-09,Delhi,Clothing,7.0,1376.7,0.0,9636.88
2024-09-21,Delhi,Home & Kitchen,7.0,1569.0,5.0,10433.88
2024-02-06,Chennai,Electronics,6.0,7698.85,0.0,46193.09
2025-04-15,Pune,Sports,7.0,1914.5,10.0,12061.36
2024-05-20,Mumbai,Electronics,5.0,7530.38,20.0,30121.54
2024-04-26,Bangalore,Electronics,7.0,9091.24,0.0,63638.71
2025-08-15,Bangalore,Groceries,2.0,466.2,0.0,932.41
2024-12-25,Mumbai,Electronics,10.0,11568.12,5.0,109897.16
2025-05-06,Delhi,Electronics,3.0,9550.42,10.0,25786.12
2024-10-30,Mumbai,Clothing,4.0,811.91,0.0,3247.63
2025-02-21,Bangalore,Groceries,5.0,151.88,5.0,721.45
2024-05-04,Delhi,Groceries,6.0,352.34,0.0,2114.02
2025-11-07,Chennai,Groceries,5.0,425.69,0.0,2128.44
2025-11-13,Pune,Electronics,9.0,7329.85,20.0,52774.95
2025-11-14,Pune,Home & Kitchen,10.0,1788.22,10.0,16094.02
2025-02-10,Bangalore,Sports,8.0,3361.48,0.0,26891.85
2025-11-20,Delhi,Clothing,9.0,1639.11,5.0,14014.35
2025-04-02,Bangalore,Electronics,7.0,8833.07,25.0,46373.6
2024-03-03,Mumbai,Groceries,8.0,322.69,0.0,2581.49
2024-09-20,Pune,Groceries,5.0,463.76,5.0,2202.88
2024-07-30,Pune,Clothing,8.0,1828.36,0.0,14626.9
2025-05-13,Delhi,Electronics,9.0,6855.99,25.0,46277.95
2024-11-27,Pune,Groceries,6.0,396.09,0.0,2376.56
2024-08-27,Pune,Groceries,6.0,330.02,10.0,1782.11
2024-05-07,Mumbai,Clothing,1.0,1201.06,5.0,1141.01
2024-02-07,Pune,Sports,5.0,2449.07,10.0,11020.8
2024-01-06,Mumbai,Electronics,10.0,11657.77,10.0,104919.97
2025-09-15,Chennai,Electronics,5.0,8114.16,5.0,38542.28
2025-12-16,Mumbai,Sports,3.0,3153.69,10.0,8514.95
2025-07-04,Mumbai,Home & Kitchen,7.0,925.34,10.0,5829.62
2025-04-14,Pune,Clothing,9.0,1239.35,10.0,10038.75
2025-02-02,Chennai,Clothing,8.0,1412.45,25.0,8474.71
2025-06-11,Bangalore,Clothing,4.0,851.67,15.0,2895.68
2024-09-18,Bangalore,Groceries,9.0,385.93,20.0,2778.71
2025-10-28,Mumbai,Beauty,9.0,573.31,10.0,4643.82
2024-09-26,Delhi,Electronics,11.0,8979.26,10.0,88894.69
2025-02-02,Delhi,Groceries,2.0,295.4,5.0,561.26
2024-07-28,Bangalore,Groceries,7.0,390.71,5.0,2598.23
2025-03-20,Delhi,Clothing,10.0,1375.33,0.0,13753.31
2024-04-21,Chennai,Home & Kitchen,9.0,1166.33,5.0,9972.15
2025-10-04,Mumbai,Groceries,7.0,223.71,5.0,1487.69
2024-10-22,Mumbai,Groceries,6.0,248.88,10.0,1343.95
2025-08-15,Chennai,Electronics,5.0,9101.29,0.0,45506.46
2024-05-29,Mumbai,Sports,6.0,1305.99,15.0,6660.53
2024-06-23,Bangalore,Clothing,5.0,1142.02,10.0,5139.07
2025-10-28,Mumbai,Clothing,9.0,1227.34,5.0,10493.72
2024-08-10,Pune,Clothing,3.0,1287.78,10.0,3477.01
2024-03-04,Chennai,Sports,4.0,2349.87,5.0,8929.51
2025-10-20,Mumbai,Groceries,13.0,266.43,5.0,3290.36
2025-12-10,Bangalore,Clothing,4.0,1579.08,0.0,6316.34
2024-10-25,Delhi,Home & Kitchen,7.0,1682.25,0.0,11775.75
2024-04-04,Pune,Sports,6.0,2201.23,0.0,13207.4
2024-06-11,Mumbai,Groceries,5.0,279.02,0.0,1395.1
2025-02-17,Mumbai,Electronics,6.0,6183.69,25.0,27826.59
2025-05-06,Pune,Electronics,7.0,6147.87,,40883.33
2024-05-22,Mumbai,Clothing,8.0,1233.06,15.0,8384.78
2025-07-03,Bangalore,Beauty,3.0,639.84,20.0,1535.62
2025-12-06,Chennai,Groceries,9.0,425.08,0.0,3825.71
2024-11-16,Bangalore,Electronics,9.0,5965.07,0.0,53685.64
2024-06-13,Bangalore,Clothing,6.0,1417.67,5.0,8080.71
2024-01-06,Delhi,Clothing,6.0,1202.69,5.0,6855.31
2024-12-26,Bangalore,Electronics,7.0,5490.46,0.0,38433.22
2024-04-22,Delhi,Beauty,6.0,551.67,5.0,3144.51
2024-01-22,Delhi,Groceries,3.0,293.34,5.0,836.02
2025-07-06,Bangalore,Electronics,7.0,6895.44,5.0,45854.69
2024-06-22,Mumbai,Beauty,5.0,734.91,5.0,3490.83
2025-11-26,Mumbai,Electronics,7.0,8085.51,5.0,53768.62
2025-09-08,Pune,Sports,2.0,1523.31,20.0,2437.29
2024-04-28,Chennai,Clothing,6.0,968.74,5.0,5521.84
2025-08-18,Bangalore,Clothing,12.0,1166.71,0.0,14000.54
2024-11-19,Delhi,Electronics,6.0,7809.01,0.0,46854.07
2024-03-27,Delhi,Electronics,2.0,7914.08,0.0,15828.16
2024-07-22,Chennai,Electronics,8.0,7905.09,5.0,60078.69
2024-07-31,Delhi,Groceries,10.0,353.63,20.0,2829.06
2025-04-26,Pune,Electronics,6.0,6650.82,10.0,35914.44
2024-12-12,Chennai,Home & Kitchen,10.0,2289.35,25.0,17170.13
2025-03-24,Pune,Clothing,6.0,1464.16,10.0,7906.45
2024-10-30,Delhi,Groceries,8.0,349.69,10.0,2517.79
2024-05-15,Mumbai,Groceries,4.0,245.65,0.0,982.59
2025-08-01,Delhi,Groceries,3.0,311.49,10.0,841.01
2024-09-21,Mumbai,Sports,8.0,2488.99,10.0,17920.76
2024-08-22,Bangalore,Electronics,2.0,6368.2,15.0,10825.94
2024-09-09,Pune,Clothing,5.0,1593.16,20.0,6372.65
2025-03-22,Chennai,Clothing,2.0,1513.57,15.0,2573.07
2025-09-05,Pune,Beauty,7.0,613.42,0.0,4293.93
2025-03-02,Chennai,Electronics,3.0,9825.28,5.0,28002.06
2024-08-19,Bangalore,Electronics,8.0,6995.73,10.0,50369.29
2025-11-17,Pune,Clothing,6.0,1434.67,5.0,8177.61
2025-09-16,Pune,Clothing,4.0,1134.55,0.0,4538.18
2025-09-05,Chennai,Home & Kitchen,9.0,1309.21,5.0,11193.78
2024-10-21,Pune,Sports,13.0,1501.71,0.0,19522.17
2024-08-01,Pune,Electronics,2.0,9446.22,20.0,15113.96
2025-09-20,Bangalore,Home & Kitchen,5.0,1709.76,15.0,7266.48
2025-10-20,Delhi,Electronics,10.0,6612.39,0.0,66123.9
2024-06-07,Delhi,Clothing,8.0,1244.34,5.0,9456.99
2024-02-02,Bangalore,Electronics,4.0,8425.2,5.0,32015.76
2024-04-07,Mumbai,Groceries,6.0,257.24,5.0,1466.28
2024-12-10,Chennai,Electronics,8.0,7927.03,0.0,63416.22
2025-08-06,Bangalore,Home & Kitchen,9.0,1788.82,10.0,14489.46
2024-08-06,Mumbai,Home & Kitchen,7.0,1992.48,15.0,11855.23
2024-02-27,Pune,Clothing,6.0,1146.27,10.0,6189.86
2025-12-19,Mumbai,Groceries,16.0,344.62,15.0,4686.82
2024-12-09,Delhi,Home & Kitchen,6.0,1600.09,10.0,8640.51
2024-01-30,Bangalore,Home & Kitchen,5.0,1688.99,10.0,7600.47
2025-06-22,Mumbai,Clothing,6.0,845.41,15.0,4311.6
2025-11-11,Mumbai,Electronics,9.0,9547.24,0.0,85925.12
2024-04-15,Mumbai,Electronics,8.0,6217.65,15.0,42280.04
2025-05-27,Pune,Electronics,5.0,8319.29,15.0,35356.97
2024-09-05,Pune,Groceries,5.0,452.07,10.0,2034.29
2025-11-06,Mumbai,Groceries,8.0,240.41,0.0,1923.27
2024-12-07,Pune,Groceries,7.0,320.2,5.0,2129.35
2025-03-07,Delhi,Sports,4.0,1728.63,5.0,6568.78
2024-12-15,Delhi,Groceries,11.0,291.68,10.0,2887.61
2025-04-07,Mumbai,Electronics,3.0,9801.74,5.0,27934.97
2024-11-05,Delhi,Clothing,11.0,1519.23,5.0,15875.95
2025-11-03,Mumbai,Clothing,7.0,1731.5,0.0,12120.49
2025-01-27,Pune,Electronics,8.0,7887.53,10.0,56790.19
2024-05-17,Pune,Electronics,11.0,8573.91,15.0,80166.04
2024-01-09,Mumbai,Clothing,8.0,1496.79,10.0,10776.88
2025-08-01,Mumbai,Groceries,2.0,214.73,5.0,407.99
2024-09-24,Mumbai,Sports,8.0,2335.16,15.0,15879.11
2024-10-15,Bangalore,Home & Kitchen,12.0,1708.12,0.0,20497.43
2025-05-08,Delhi,Sports,8.0,2875.02,10.0,20700.14
2025-04-28,Delhi,Groceries,8.0,334.4,5.0,2541.47
2025-06-20,Mumbai,Clothing,3.0,1029.35,10.0,2779.24
2025-03-18,Bangalore,Home & Kitchen,7.0,2012.95,25.0,10567.98
2025-02-20,Pune,Groceries,2.0,346.32,25.0,519.48
2024-03-08,Pune,Groceries,6.0,324.66,15.0,1655.77
2024-06-23,Delhi,Electronics,9.0,7744.74,0.0,69702.64
2025-09-04,Chennai,Home & Kitchen,8.0,2057.56,0.0,16460.44
2025-03-16,Chennai,Electronics,11.0,6133.67,10.0,60723.33
2025-07-09,Mumbai,Clothing,2.0,1175.96,10.0,2116.73
2024-01-11,Mumbai,Clothing,5.0,1433.79,20.0,5735.18
2025-05-18,Bangalore,Beauty,12.0,516.5,5.0,5888.07
2024-05-31,Mumbai,Beauty,11.0,662.89,15.0,6198.02
2025-12-07,Chennai,Clothing,6.0,830.06,10.0,4482.3
2024-01-07,Bangalore,Clothing,3.0,834.85,0.0,2504.56
2024-01-29,Delhi,Sports,6.0,3203.64,15.0,16338.58
2025-12-07,Delhi,Groceries,9.0,367.51,15.0,2811.43
2025-12-26,Bangalore,Groceries,8.0,345.02,15.0,2346.17
2024-08-24,Bangalore,Groceries,6.0,273.23,0.0,1639.38
2024-09-15,Mumbai,Beauty,7.0,686.49,0.0,4805.42
2024-05-16,Mumbai,Clothing,6.0,1136.36,5.0,6477.25
2024-11-12,Chennai,Electronics,6.0,8995.55,0.0,53973.32
2024-03-19,Pune,Sports,7.0,2277.65,10.0,14349.2
2025-11-17,Bangalore,Electronics,8.0,11425.83,25.0,68554.98
2025-10-08,Chennai,Electronics,7.0,5396.46,5.0,35886.47
2025-03-05,Mumbai,Clothing,10.0,1387.1,0.0,13871.01
2025-04-26,Chennai,Groceries,6.0,362.29,5.0,2065.05
2025-09-07,Pune,Sports,7.0,1585.53,20.0,8878.96
2025-06-23,Chennai,Clothing,6.0,1196.83,10.0,6462.88
2025-01-25,Pune,Sports,2.0,1874.48,10.0,3374.07
2024-06-17,Pune,Groceries,6.0,331.73,10.0,1791.36
2024-07-19,Delhi,Groceries,3.0,343.78,10.0,928.2
2024-01-23,Bangalore,Clothing,4.0,1252.84,0.0,5011.37
2025-09-25,Mumbai,Clothing,3.0,1119.43,10.0,3022.46
2024-02-04,Bangalore,Clothing,6.0,883.4,20.0,4240.33
2024-08-02,Delhi,Beauty,7.0,542.26,10.0,3416.21
2024-02-27,Delhi,Home & Kitchen,7.0,2135.69,15.0,12707.33
2025-11-20,Delhi,Sports,12.0,2221.45,0.0,26657.4
2024-08-26,Pune,Clothing,1.0,953.12,0.0,953.12
2025-02-13,Mumbai,Electronics,3.0,7331.38,0.0,21994.14
2025-07-03,Bangalore,Groceries,5.0,391.67,10.0,1762.51
2024-05-03,Delhi,Groceries,5.0,308.74,15.0,1312.14
2024-05-12,Pune,Electronics,5.0,6679.83,0.0,33399.13
2025-12-24,Chennai,Sports,6.0,2315.01,20.0,11112.07
2025-09-21,Pune,Beauty,4.0,880.73,5.0,3346.78
2024-06-10,Mumbai,Home & Kitchen,5.0,1202.22,5.0,5710.53
2025-01-11,Bangalore,Clothing,6.0,1436.78,15.0,7327.57
2024-06-25,Mumbai,Beauty,10.0,591.15,20.0,4729.2
2024-07-04,Mumbai,Electronics,10.0,8969.87,0.0,89698.68
2025-12-25,Delhi,Electronics,7.0,8322.15,5.0,55342.3
2025-08-02,Pune,Groceries,9.0,343.4,5.0,2936.04
2024-11-07,Delhi,Groceries,7.0,365.84,10.0,2304.78
2025-10-02,Delhi,Sports,10.0,2324.25,20.0,18593.99
2024-09-25,Delhi,Groceries,5.0,453.42,0.0,2267.09
2024-12-12,Delhi,Electronics,7.0,8943.04,15.0,53211.1
2024-03-27,Delhi,Clothing,5.0,1471.38,15.0,6253.39
2024-05-16,Pune,Groceries,6.0,329.31,5.0,1877.07
2024-12-02,Delhi,Groceries,4.0,211.88,10.0,762.77
2025-06-12,Chennai,Groceries,,461.41,25.0,2422.42
2024-08-12,Chennai,Electronics,2.0,7379.97,10.0,13283.95
2024-01-03,Bangalore,Electronics,8.0,6724.96,0.0,53799.66
2024-08-12,Delhi,Electronics,11.0,10261.86,0.0,112880.45
2025-08-29,Mumbai,Sports,4.0,2323.82,5.0,8830.51
2024-09-18,Bangalore,Groceries,4.0,325.76,0.0,1303.03
2025-09-09,Pune,Groceries,4.0,306.26,0.0,1225.04
2024-02-18,Mumbai,Electronics,2.0,7924.34,0.0,15848.69
2025-07-09,Pune,Electronics,5.0,8278.87,5.0,39324.65
2025-01-17,Chennai,Electronics,4.0,7352.09,5.0,27937.95
2024-11-17,Mumbai,Clothing,11.0,724.71,10.0,7174.67
2025-07-22,Bangalore,Groceries,6.0,200.12,15.0,1020.63
2025-01-05,Mumbai,Groceries,7.0,356.05,15.0,2118.51
2024-11-01,Mumbai,Home & Kitchen,12.0,2222.72,10.0,24005.36
2024-06-20,Mumbai,Electronics,4.0,10163.16,25.0,30489.49
2024-04-30,Delhi,Beauty,9.0,676.28,5.0,5782.21
2025-09-05,Delhi,Groceries,10.0,349.44,15.0,2970.2
2024-12-10,Mumbai,Clothing,6.0,933.59,5.0,5321.46
2024-01-07,Pune,Groceries,4.0,274.12,10.0,986.85
2025-11-04,Delhi,Clothing,8.0,1495.29,5.0,11364.24
2024-10-06,Delhi,Home & Kitchen,4.0,1646.38,5.0,6256.23
2025-04-15,Delhi,Electronics,1.0,6253.64,0.0,6253.64
2025-04-05,Chennai,Electronics,6.0,9301.2,5.0,53016.85
2025-11-07,Delhi,Sports,5.0,2405.62,0.0,12028.11
2024-02-01,Pune,Groceries,6.0,285.91,15.0,1458.14
2024-12-16,Mumbai,Sports,6.0,2226.21,10.0,12021.56
2024-12-07,Chennai,Groceries,10.0,250.88,0.0,2508.84
2024-02-20,Bangalore,Home & Kitchen,3.0,1938.51,5.0,5524.77
2025-06-23,Delhi,Groceries,7.0,345.1,0.0,2415.68
2024-12-27,Delhi,Groceries,7.0,433.48,10.0,2730.93
2025-10-14,Pune,Home & Kitchen,8.0,1534.86,0.0,12278.91
2025-03-02,Mumbai,Groceries,7.0,382.92,25.0,2010.34
2025-07-11,Pune,Electronics,4.0,10368.01,10.0,37324.82
2025-05-25,Pune,Clothing,4.0,1385.13,15.0,4709.45
2025-07-13,Pune,Groceries,6.0,368.86,5.0,2102.49
2024-11-24,Mumbai,Clothing,13.0,1171.78,25.0,11424.84
2025-04-12,Pune,Electronics,8.0,4463.09,0.0,35704.75
2025-08-07,Mumbai,Sports,6.0,2949.53,15.0,15042.61
2024-07-06,Bangalore,Home & Kitchen,6.0,1942.79,0.0,11656.77
2025-06-01,Chennai,Electronics,10.0,9572.01,10.0,86148.06
2025-11-26,Pune,Home & Kitchen,11.0,2088.83,25.0,17232.82
2024-07-30,Mumbai,Home & Kitchen,8.0,2064.66,5.0,15691.42
2025-03-31,Mumbai,Home & Kitchen,7.0,1609.33,0.0,11265.28
2024-03-17,Pune,Sports,2.0,1736.22,0.0,3472.43
2024-05-02,Delhi,Groceries,7.0,355.79,15.0,2116.93
2025-07-31,Mumbai,Beauty,8.0,583.47,5.0,4434.35
2024-12-10,Delhi,Clothing,2.0,1303.24,5.0,2476.15
2025-08-07,Mumbai,Home & Kitchen,7.0,1394.77,15.0,8298.85
2024-07-17,Chennai,Beauty,8.0,485.29,5.0,3688.21
2025-04-09,Chennai,Electronics,7.0,7635.19,10.0,48101.68
2024-04-18,Pune,Electronics,5.0,10064.62,5.0,47806.93
2024-12-15,Bangalore,Clothing,16.0,1185.26,15.0,16119.55
2024-07-10,Mumbai,Sports,6.0,2517.17,5.0,14347.88
2025-10-07,Pune,Groceries,14.0,222.35,10.0,2801.59
2025-02-23,Mumbai,Clothing,6.0,1021.79,10.0,5517.69
2025-12-28,Mumbai,Groceries,9.0,405.36,10.0,3283.45
2024-09-02,Bangalore,Beauty,3.0,829.4,0.0,2488.2
2025-10-25,Delhi,Groceries,9.0,303.22,15.0,2319.61
2025-10-21,Bangalore,Sports,7.0,1442.28,5.0,9591.16
2025-06-18,Delhi,Clothing,8.0,1212.67,10.0,8731.22
2025-04-21,Bangalore,Groceries,2.0,331.91,20.0,531.06
2025-10-27,Mumbai,Groceries,12.0,421.48,0.0,5057.81
2024-01-06,Pune,Home & Kitchen,6.0,1977.42,0.0,11864.51
2025-10-23,Pune,Groceries,13.0,290.96,10.0,3404.18
2024-08-20,Bangalore,Groceries,9.0,188.05,10.0,1523.21
2025-02-18,Pune,Clothing,6.0,934.41,25.0,4204.83
2024-06-20,Mumbai,Clothing,5.0,1227.29,5.0,5829.63
2025-10-15,Pune,Home & Kitchen,10.0,1678.32,0.0,16783.25
2024-01-22,Chennai,Clothing,5.0,1332.72,0.0,6663.59
2024-01-07,Chennai,Groceries,2.0,352.62,,634.72
2024-01-11,Bangalore,Home & Kitchen,4.0,1922.95,20.0,6153.44
2024-04-10,Mumbai,Home & Kitchen,8.0,2244.04,5.0,17054.7
2024-03-30,Mumbai,Clothing,6.0,637.06,0.0,3822.36
2024-09-02,Delhi,Electronics,4.0,10321.21,20.0,33027.88
2025-02-12,Mumbai,Groceries,3.0,270.02,10.0,729.04
2024-10-03,Bangalore,Clothing,6.0,1353.69,10.0,7309.94
2025-11-11,Bangalore,Clothing,10.0,990.62,10.0,8915.58
2024-09-29,Bangalore,Beauty,9.0,460.29,5.0,3935.48
2024-04-27,Mumbai,Home & Kitchen,6.0,1857.28,20.0,8914.92
2025-09-21,Delhi,Clothing,5.0,1289.04,0.0,6445.18
2024-10-26,Mumbai,Electronics,13.0,6412.78,25.0,62524.57
2025-03-06,Pune,Electronics,4.0,8559.73,5.0,32526.97
2025-12-01,Mumbai,Sports,9.0,1957.12,0.0,17614.07
2024-11-30,Bangalore,Electronics,9.0,8134.21,5.0,69547.49
2025-09-11,Pune,Clothing,,1618.29,0.0,16182.92
2024-11-01,Pune,Sports,10.0,1917.51,15.0,16298.84
2025-08-12,Pune,Electronics,8.0,11373.89,0.0,90991.15
2024-06-29,Chennai,Electronics,6.0,10197.57,0.0,61185.44
2024-04-08,Delhi,Home & Kitchen,6.0,2060.13,0.0,12360.78
2025-09-28,Delhi,Beauty,7.0,774.53,0.0,5421.74
2025-01-08,Bangalore,Electronics,7.0,9453.33,15.0,56247.3
2024-08-23,Bangalore,Electronics,8.0,9075.64,10.0,65344.63
2024-05-21,Pune,Beauty,8.0,545.98,10.0,3931.03
2025-10-29,Delhi,Groceries,8.0,274.33,10.0,1975.19
2025-07-03,Delhi,Beauty,5.0,684.02,10.0,3078.09
2025-01-28,Delhi,Clothing,7.0,1546.71,5.0,10285.64
2025-08-22,Delhi,Sports,,2721.14,10.0,12245.12
2024-08-06,Delhi,Home & Kitchen,4.0,1044.29,0.0,4177.18
2024-05-24,Chennai,Home & Kitchen,8.0,1642.46,25.0,9854.73
2025-11-06,Chennai,Clothing,17.0,1289.92,25.0,16446.54
2024-05-17,Mumbai,Clothing,2.0,1014.08,15.0,1723.93
2024-04-13,Delhi,Groceries,7.0,329.98,10.0,2078.85
2025-03-05,Delhi,Beauty,8.0,760.74,5.0,5781.59
2024-07-22,Mumbai,Sports,7.0,2737.29,15.0,16286.89
2024-06-19,Chennai,Electronics,3.0,8781.46,5.0,25027.16
2024-03-23,Mumbai,Clothing,10.0,1361.2,15.0,11570.22
2025-12-09,Mumbai,Electronics,8.0,5376.81,10.0,38713.04
2024-12-20,Delhi,Sports,5.0,1369.75,0.0,6848.75
2024-05-08,Chennai,Electronics,9.0,7817.8,0.0,70360.22
2025-06-11,Delhi,Clothing,6.0,1540.74,0.0,9244.43
2025-11-30,Delhi,Electronics,5.0,8769.31,5.0,41654.24
2024-10-01,Bangalore,Beauty,4.0,621.98,5.0,2363.51
2025-03-22,Delhi,Sports,7.0,2584.82,5.0,17189.08
2024-11-18,Pune,Sports,8.0,2471.98,0.0,19775.82
2024-12-22,Bangalore,Home & Kitchen,6.0,2121.4,0.0,12728.38
2024-03-24,Mumbai,Electronics,9.0,8001.97,0.0,72017.72
2024-06-22,Mumbai,Groceries,6.0,312.9,15.0,1595.77
2025-10-21,Pune,Clothing,8.0,1041.37,0.0,8330.96
2025-08-28,Mumbai,Groceries,2.0,403.8,0.0,807.6
2024-12-31,Bangalore,Groceries,12.0,342.64,0.0,4111.64
2025-06-04,Delhi,Groceries,6.0,273.33,25.0,1229.98
2024-02-29,Bangalore,Groceries,5.0,474.58,0.0,2372.91
2024-09-30,Delhi,Home & Kitchen,4.0,1647.62,0.0,6590.5
2024-05-27,Mumbai,Beauty,7.0,584.01,25.0,3066.07
2024-03-26,Delhi,Groceries,3.0,449.74,10.0,1214.31
2025-06-23,Delhi,Clothing,5.0,1349.03,20.0,5396.14
2024-03-31,Pune,Home & Kitchen,5.0,2922.96,10.0,13153.32
2024-07-13,Bangalore,Beauty,3.0,788.17,0.0,2364.5
2025-10-05,Bangalore,Sports,8.0,1584.16,0.0,12673.26
2025-10-26,Bangalore,Groceries,14.0,487.4,20.0,5458.83
2024-10-02,Delhi,Electronics,8.0,11036.11,25.0,66216.67
2025-09-24,Delhi,Home & Kitchen,8.0,2111.85,5.0,16050.04
2025-11-03,Pune,Groceries,10.0,332.53,0.0,3325.32
2025-02-11,Delhi,Beauty,3.0,731.74,15.0,1865.94
2024-07-31,Chennai,Electronics,11.0,8434.04,15.0,78858.23
2025-01-31,Chennai,Groceries,8.0,408.29,15.0,2776.4
2024-01-10,Delhi,Home & Kitchen,8.0,1500.3,15.0,10202.04
2025-11-22,Chennai,Electronics,10.0,9495.12,25.0,71213.39
2025-01-02,Chennai,Beauty,7.0,438.25,5.0,2914.38
2025-06-11,Chennai,Groceries,2.0,518.25,0.0,1036.5
2025-01-25,Pune,Electronics,9.0,6149.51,5.0,52578.31
2024-06-08,Delhi,Home & Kitchen,5.0,2081.86,10.0,9368.37
2025-11-05,Mumbai,Clothing,8.0,1461.31,20.0,9352.39
2024-10-16,Pune,Electronics,14.0,7536.9,5.0,100240.74
2025-02-05,Bangalore,Sports,5.0,1870.56,5.0,8885.17
2025-07-24,Pune,Home & Kitchen,9.0,2198.48,0.0,19786.33
2024-10-06,Bangalore,Clothing,8.0,1181.86,5.0,8982.17
2024-12-02,Bangalore,Electronics,9.0,7401.86,10.0,59955.08
2024-05-13,Bangalore,Sports,4.0,1754.44,5.0,6666.86
2025-07-12,Pune,Groceries,2.0,234.69,20.0,375.5
2024-10-30,Delhi,Groceries,11.0,312.3,10.0,3091.81
2024-10-11,Mumbai,Beauty,7.0,814.8,15.0,4848.06
2025-01-10,Pune,Home & Kitchen,4.0,1445.69,15.0,4915.33
2024-04-27,Bangalore,Electronics,7.0,10992.13,10.0,69250.41
2024-06-03,Pune,Beauty,5.0,616.72,20.0,2466.9
2025-11-15,Pune,Clothing,11.0,996.91,0.0,10966.05
2025-11-30,Delhi,Clothing,3.0,1421.89,10.0,3839.11
2024-08-23,Mumbai,Home & Kitchen,2.0,1802.31,25.0,2703.46
2024-11-04,Chennai,Home & Kitchen,13.0,1834.43,15.0,20270.45
2025-10-05,Delhi,Beauty,8.0,492.62,0.0,3940.99
2024-10-26,Delhi,Clothing,8.0,1341.07,0.0,10728.6
2024-03-31,Delhi,Electronics,10.0,7746.51,15.0,65845.32
2024-01-08,Delhi,Sports,6.0,2973.73,0.0,17842.38
2024-07-12,Delhi,Clothing,5.0,902.23,0.0,4511.16
2024-03-04,Mumbai,Beauty,9.0,654.09,10.0,5298.14
2025-08-26,Chennai,Sports,7.0,2123.18,0.0,14862.24
2025-09-01,Chennai,Beauty,4.0,605.16,0.0,2420.63
2024-05-24,Delhi,Clothing,5.0,792.22,15.0,3366.95
2025-09-15,Chennai,Electronics,6.0,9689.94,10.0,52325.68
2025-08-15,Delhi,Beauty,3.0,656.46,0.0,1969.37
2024-11-16,Delhi,Clothing,6.0,1196.65,10.0,6461.94
2025-09-20,Mumbai,Clothing,11.0,1452.15,0.0,15973.6
2025-07-13,Pune,Clothing,6.0,1254.87,0.0,7529.2
2025-12-23,Bangalore,Electronics,5.0,7640.25,10.0,34381.12
2025-12-02,Bangalore,Home & Kitchen,13.0,1795.11,5.0,22169.61
2025-01-14,Mumbai,Groceries,4.0,481.86,25.0,1445.58
2025-09-10,Pune,Sports,5.0,3005.59,10.0,13525.16
2025-10-07,Chennai,Groceries,7.0,386.58,10.0,2435.44
2024-08-27,Bangalore,Electronics,11.0,10909.89,5.0,114008.37
2025-04-01,Bangalore,Sports,5.0,2619.66,5.0,12443.37
2024-12-22,Bangalore,Groceries,5.0,343.65,15.0,1460.5
2025-01-22,Pune,Clothing,6.0,1257.74,0.0,7546.46
2025-05-18,Bangalore,Clothing,4.0,1280.46,10.0,4609.66
2024-01-27,Mumbai,Electronics,7.0,9837.23,5.0,65417.55
2025-06-06,Delhi,Clothing,9.0,891.48,5.0,7622.16
2025-12-21,Mumbai,Electronics,6.0,7788.56,20.0,37385.11
2024-12-20,Bangalore,Electronics,8.0,8552.81,5.0,65001.39
2024-09-12,Delhi,Clothing,5.0,1039.82,25.0,3899.32
2025-03-04,Delhi,Clothing,9.0,955.67,10.0,7740.92
2024-06-03,Delhi,Electronics,8.0,11567.74,5.0,87914.79
2024-07-29,Mumbai,Beauty,6.0,597.23,25.0,2687.54
2025-03-25,Pune,Home & Kitchen,9.0,1852.8,10.0,15007.68
2024-06-08,Pune,Groceries,8.0,236.28,0.0,1890.21
2024-05-21,Chennai,Clothing,6.0,706.74,0.0,4240.46
2024-01-17,Mumbai,Sports,8.0,2482.24,25.0,14893.44
2024-12-21,Bangalore,Clothing,5.0,933.84,5.0,4435.76
2024-05-12,Bangalore,Home & Kitchen,5.0,1824.02,15.0,7752.08
2025-03-24,Mumbai,Groceries,11.0,260.61,20.0,2293.4
2024-11-03,Chennai,Electronics,12.0,7112.27,5.0,81079.84
2024-10-23,Mumbai,Groceries,7.0,379.8,0.0,2658.57
2024-02-23,Pune,Groceries,3.0,527.34,5.0,1502.92
2025-10-02,Bangalore,Groceries,5.0,468.05,15.0,1989.22
2025-09-03,Pune,Beauty,2.0,508.16,10.0,914.69
2024-09-24,Mumbai,Home & Kitchen,8.0,2118.9,5.0,16103.63
2025-09-22,Chennai,Clothing,8.0,1022.46,20.0,6543.73
2024-02-12,Mumbai,Beauty,12.0,739.41,0.0,8872.94
2024-01-07,Chennai,Home & Kitchen,3.0,2308.64,5.0,6579.62
2025-04-16,Pune,Sports,1.0,2693.79,5.0,2559.1
2025-07-17,Bangalore,Home & Kitchen,8.0,1497.81,0.0,11982.52
2024-05-29,Bangalore,Electronics,,9726.96,20.0,62252.56
2025-09-28,Mumbai,Clothing,3.0,959.6,0.0,2878.81
2024-05-13,Pune,Clothing,8.0,1412.67,0.0,11301.35
2024-05-28,Mumbai,Clothing,12.0,1228.23,0.0,14738.82
2024-05-21,Chennai,Sports,11.0,1882.45,15.0,17600.93
2025-10-12,Bangalore,Groceries,3.0,318.82,5.0,908.63
2024-01-06,Pune,Electronics,6.0,8004.93,5.0,45628.11
2025-06-10,Chennai,Groceries,7.0,396.14,0.0,2773.0
2024-04-18,Mumbai,Electronics,9.0,9256.99,15.0,70816.0
2024-08-08,Mumbai,Clothing,8.0,1071.31,10.0,7713.4
2025-08-20,Bangalore,Clothing,4.0,1259.13,5.0,4784.69
2024-02-15,Mumbai,Clothing,5.0,1077.63,5.0,5118.76
2024-07-16,Chennai,Beauty,7.0,597.08,20.0,3343.65
2025-12-09,Pune,Groceries,4.0,218.81,5.0,831.48
2025-12-07,Pune,Electronics,8.0,9156.25,20.0,58600.02
2025-09-21,Bangalore,Electronics,4.0,10720.44,0.0,42881.76
2025-09-16,Pune,Clothing,8.0,1341.12,0.0,10728.96
2024-08-08,Pune,Groceries,5.0,307.17,0.0,1535.87
2024-09-03,Pune,Electronics,,9419.93,5.0,44744.66
2024-06-16,Pune,Electronics,4.0,6325.61,5.0,24037.31
2025-03-13,Chennai,Electronics,7.0,8537.4,0.0,59761.8
2024-01-10,Delhi,Clothing,5.0,1221.79,5.0,5803.52
2024-08-25,Chennai,Sports,7.0,2404.09,15.0,14304.32
2025-12-09,Mumbai,Groceries,7.0,358.97,10.0,2261.49
2024-07-05,Delhi,Sports,5.0,1900.59,,7602.36
2025-09-28,Pune,Electronics,6.0,11683.18,10.0,63089.15
2024-11-12,Pune,Groceries,10.0,205.46,0.0,2054.63
2024-11-12,Pune,Groceries,5.0,285.46,15.0,1213.22
2024-11-26,Pune,Beauty,6.0,587.37,15.0,2995.6
2025-04-08,Mumbai,Clothing,5.0,1193.45,5.0,5668.9
2024-04-15,Delhi,Groceries,7.0,406.98,20.0,2279.11
2024-10-02,Bangalore,Home & Kitchen,9.0,2038.46,10.0,16511.54
2025-04-21,Delhi,Groceries,4.0,329.63,5.0,1252.58
2025-04-05,Chennai,Home & Kitchen,8.0,1680.39,10.0,12098.79
2025-10-14,Chennai,Home & Kitchen,7.0,1804.48,10.0,11368.2
2025-03-01,Chennai,Clothing,13.0,1237.03,5.0,15277.27
2024-07-14,Delhi,Beauty,5.0,881.89,5.0,4189.0
2024-10-29,Bangalore,Groceries,6.0,483.02,20.0,2318.48
2024-05-30,Mumbai,Beauty,9.0,671.22,0.0,6040.99
2025-09-29,Mumbai,Groceries,2.0,315.88,5.0,600.17
2024-05-07,Mumbai,Groceries,5.0,501.3,10.0,2255.84
2024-09-17,Mumbai,Groceries,2.0,409.94,5.0,778.88
2024-05-10,Mumbai,Clothing,5.0,1180.69,10.0,5313.09
2024-08-19,Pune,Groceries,3.0,415.21,10.0,1121.08
2025-12-04,Pune,Clothing,10.0,1278.54,5.0,12146.09
2025-09-17,Bangalore,Clothing,5.0,1553.44,15.0,6602.14
2024-05-22,Delhi,Electronics,6.0,5989.04,0.0,35934.25
2025-10-13,Bangalore,Clothing,10.0,1402.29,15.0,11919.49
2025-08-10,Chennai,Clothing,4.0,1052.39,15.0,3578.13
2024-12-07,Pune,Electronics,5.0,7875.02,15.0,33468.82
2024-08-06,Mumbai,Clothing,3.0,1008.58,0.0,3025.75
2024-05-10,Bangalore,Groceries,7.0,493.24,10.0,3107.39
2025-04-13,Delhi,Beauty,6.0,575.24,5.0,3278.89
2025-01-09,Delhi,Home & Kitchen,18.0,1926.83,15.0,29480.52
2024-01-03,Mumbai,Clothing,5.0,1102.07,10.0,4959.33
2024-03-15,Delhi,Home & Kitchen,11.0,1621.07,0.0,17831.82
2024-01-01,Pune,Groceries,3.0,363.94,0.0,1091.82
2024-10-13,Mumbai,Clothing,13.0,1538.08,10.0,17995.51
2025-03-21,Chennai,Electronics,8.0,11886.91,10.0,85585.74
2024-04-15,Mumbai,Electronics,9.0,8633.39,10.0,69930.44
2025-12-23,Chennai,Sports,7.0,3024.87,20.0,16939.25
2025-07-30,Delhi,Home & Kitchen,2.0,1818.4,0.0,3636.79
2025-09-11,Delhi,Home & Kitchen,6.0,1756.61,0.0,10539.65
2025-03-04,Bangalore,Groceries,11.0,322.01,5.0,3364.96
2025-08-23,Bangalore,Sports,3.0,2381.73,5.0,6787.92
2024-09-22,Pune,Clothing,4.0,1236.36,5.0,4698.17
2025-11-26,Chennai,Home & Kitchen,9.0,1769.17,0.0,15922.56
2025-09-17,Bangalore,Electronics,5.0,9432.9,0.0,47164.49
2024-08-31,Delhi,Electronics,7.0,7782.7,0.0,54478.9
2024-02-03,Mumbai,Home & Kitchen,5.0,2094.9,20.0,8379.59
2025-10-29,Delhi,Groceries,12.0,304.93,0.0,3659.19
2024-01-14,Delhi,Home & Kitchen,6.0,1502.9,5.0,8566.52
2024-09-05,Mumbai,Electronics,6.0,7595.9,10.0,41017.86
2025-09-05,Mumbai,Clothing,7.0,1285.97,5.0,8551.7
2025-03-23,Mumbai,Groceries,8.0,421.73,5.0,3205.15
2024-08-01,Pune,Clothing,8.0,709.11,10.0,5105.61
2025-07-22,Delhi,Home & Kitchen,8.0,2048.7,10.0,14750.66
2024-11-11,Mumbai,Clothing,8.0,905.9,15.0,6160.14
2025-09-08,Bangalore,Electronics,9.0,8534.48,10.0,69129.26
2024-11-04,Bangalore,Groceries,9.0,409.67,15.0,3133.94
2024-09-09,Mumbai,Home & Kitchen,8.0,2038.73,25.0,12232.36
2025-01-08,Delhi,Sports,4.0,2330.2,0.0,9320.8
2024-02-22,Delhi,Sports,5.0,2216.68,10.0,9975.07
2024-12-19,Mumbai,Clothing,9.0,1109.16,5.0,9483.29
2024-03-14,Mumbai,Electronics,11.0,7575.47,25.0,62497.64
2024-01-10,Bangalore,Home & Kitchen,8.0,2284.35,0.0,18274.77
2024-10-09,Delhi,Clothing,12.0,982.35,20.0,9430.56
2025-09-20,Delhi,Groceries,4.0,291.52,20.0,932.88
2025-11-05,Delhi,Electronics,9.0,8421.66,10.0,68215.48
2025-07-18,Mumbai,Groceries,6.0,473.67,5.0,2699.94
2024-02-03,Delhi,Electronics,7.0,5180.34,5.0,34449.24
2025-03-08,Delhi,Home & Kitchen,8.0,2061.55,0.0,16492.42
2024-07-07,Delhi,Sports,8.0,2304.64,5.0,17515.24
2025-01-30,Chennai,Clothing,10.0,1101.35,0.0,11013.51
2025-04-03,Bangalore,Groceries,6.0,434.81,5.0,2478.44
2024-10-22,Mumbai,Electronics,4.0,12049.95,10.0,43379.81
2025-10-13,Chennai,Groceries,10.0,405.0,10.0,3645.02
2024-07-23,Mumbai,Beauty,7.0,592.75,0.0,4149.26
2025-01-29,Pune,Groceries,3.0,404.1,25.0,909.22
2024-10-10,Mumbai,Sports,7.0,1977.68,10.0,12459.38
2025-09-05,Mumbai,Groceries,12.0,400.99,0.0,4811.92
2025-06-17,Mumbai,Home & Kitchen,8.0,1881.07,5.0,14296.14
2024-09-04,Delhi,Groceries,8.0,382.97,5.0,2910.54
2024-09-16,Mumbai,Clothing,5.0,1003.91,5.0,4768.57
2025-04-29,Pune,Electronics,11.0,8822.67,10.0,87344.43
2025-05-12,Delhi,Groceries,13.0,291.48,10.0,3410.27
2024-09-05,Bangalore,Clothing,7.0,1126.0,5.0,7487.92
2025-10-01,Delhi,Electronics,12.0,8313.44,0.0,99761.34
2024-06-22,Delhi,Electronics,5.0,7348.85,0.0,36744.26
2025-03-11,Delhi,Sports,10.0,1716.24,20.0,13729.93
2025-05-04,Mumbai,Electronics,8.0,7909.05,0.0,63272.41
2025-12-15,Mumbai,Electronics,6.0,6794.31,15.0,34650.97
2024-11-04,Delhi,Clothing,7.0,1136.5,10.0,7159.92
2024-04-09,Chennai,Groceries,5.0,287.69,25.0,1078.82
2024-07-06,Mumbai,Sports,6.0,2103.83,10.0,11360.67
2024-05-26,Delhi,Home & Kitchen,2.0,1711.47,25.0,2567.21
2025-08-28,Mumbai,Electronics,6.0,8926.49,5.0,50880.98
2025-01-20,Mumbai,Clothing,8.0,1139.1,15.0,7745.9
2025-11-16,Mumbai,Groceries,11.0,406.1,0.0,4467.08
2024-08-10,Chennai,Clothing,6.0,1108.89,25.0,4989.98
2024-02-15,Chennai,Beauty,7.0,612.57,5.0,4073.56
2024-06-04,Bangalore,Electronics,7.0,8063.88,10.0,50802.47
2025-09-24,Pune,Groceries,8.0,350.26,0.0,2802.06
2025-02-08,Mumbai,Clothing,5.0,1144.52,0.0,5722.58
2025-11-29,Pune,Electronics,5.0,5272.2,5.0,25042.95
2025-07-19,Mumbai,Electronics,10.0,6150.83,0.0,61508.31
2024-09-13,Mumbai,Electronics,5.0,10743.63,0.0,53718.14
2024-12-03,Mumbai,Sports,8.0,3123.5,0.0,24987.98
2024-10-23,Pune,Groceries,6.0,332.91,15.0,1697.84
2024-02-24,Chennai,Sports,8.0,2216.86,0.0,17734.85
2024-07-11,Delhi,Electronics,10.0,7983.35,15.0,67858.44
2024-05-29,Chennai,Clothing,6.0,1238.27,0.0,7429.62
2025-12-26,Delhi,Groceries,6.0,371.49,10.0,2006.03
2024-02-23,Mumbai,Groceries,9.0,317.83,5.0,2717.43
2024-12-19,Mumbai,Electronics,6.0,4287.93,20.0,20582.08
2025-09-20,Chennai,Groceries,4.0,369.97,5.0,1405.89
2025-06-24,Pune,Groceries,1.0,324.66,0.0,324.66
2025-02-21,Delhi,Electronics,8.0,12976.02,15.0,88236.96
2024-04-13,Pune,Clothing,9.0,1010.81,5.0,8642.4
2025-07-31,Pune,Groceries,5.0,359.51,15.0,1527.92
2025-11-02,Mumbai,Groceries,6.0,364.3,0.0,2185.79
2024-03-21,Pune,Home & Kitchen,8.0,1868.45,5.0,14200.25
2024-01-23,Mumbai,Clothing,9.0,1075.48,0.0,9679.35
2025-08-10,Mumbai,Electronics,3.0,7524.65,5.0,21445.26
2025-04-05,Chennai,Groceries,10.0,366.74,0.0,3667.39
2024-02-19,Delhi,Electronics,3.0,9804.14,0.0,29412.41
2024-06-09,Pune,Home & Kitchen,5.0,1626.35,0.0,8131.76
2024-04-28,Mumbai,Home & Kitchen,7.0,1924.44,5.0,12797.5
2024-03-22,Delhi,Electronics,5.0,12062.05,15.0,51263.73
2025-05-03,Bangalore,Electronics,5.0,8428.6,10.0,37928.71
2025-05-18,Pune,Clothing,6.0,1304.84,0.0,7829.02
2024-07-07,Mumbai,Groceries,4.0,424.42,10.0,1527.9
2024-05-10,Mumbai,Home & Kitchen,3.0,1606.01,0.0,4818.04
2025-06-25,Chennai,Electronics,8.0,9470.5,10.0,68187.59
2024-01-21,Mumbai,Beauty,4.0,856.77,0.0,3427.1
2024-11-08,Pune,Groceries,13.0,344.87,0.0,4483.27
2025-04-13,Mumbai,Home & Kitchen,8.0,1541.06,0.0,12328.5
2024-02-18,Bangalore,Electronics,10.0,7681.18,0.0,76811.79
2025-06-01,Bangalore,Groceries,7.0,356.27,5.0,2369.22
2024-02-08,Bangalore,Clothing,4.0,1431.74,5.0,5440.63
2025-07-11,Pune,Clothing,7.0,1350.84,5.0,8983.12
2025-09-12,Bangalore,Groceries,11.0,256.83,0.0,2825.14
2024-11-27,Mumbai,Electronics,6.0,12024.13,0.0,72144.78
2024-11-10,Chennai,Groceries,10.0,360.8,0.0,3608.0
2024-06-17,Chennai,Home & Kitchen,9.0,1305.1,0.0,11745.87
2025-02-11,Delhi,Beauty,11.0,988.77,0.0,10876.43
2024-04-17,Chennai,Electronics,7.0,7076.07,15.0,42102.64
2024-01-14,Chennai,Beauty,2.0,744.38,0.0,1488.75
2025-11-05,Bangalore,Beauty,8.0,646.15,15.0,4393.84
2025-01-19,Bangalore,Sports,3.0,1696.12,15.0,4325.1
2024-01-09,Pune,Electronics,9.0,8747.17,0.0,78724.5
2024-11-26,Mumbai,Clothing,10.0,1227.03,0.0,12270.28
2025-11-01,Mumbai,Clothing,7.0,1115.79,0.0,7810.51
2024-10-19,Pune,Groceries,8.0,374.24,15.0,2544.84
2024-10-19,Bangalore,Clothing,11.0,1396.07,25.0,11517.56
2024-05-10,Delhi,Home & Kitchen,2.0,1316.36,0.0,2632.72
2025-05-09,Mumbai,Clothing,4.0,1367.15,10.0,4921.76
2024-03-02,Pune,Clothing,8.0,950.55,10.0,6843.99
2025-03-16,Bangalore,Home & Kitchen,6.0,1639.13,20.0,7867.84
2025-06-12,Pune,Home & Kitchen,8.0,1813.73,0.0,14509.85
2025-02-05,Mumbai,Beauty,6.0,484.42,0.0,2906.54
2024-04-27,Mumbai,Clothing,5.0,1458.32,10.0,6562.45
2024-10-17,Mumbai,Electronics,4.0,8871.06,10.0,31935.81
2024-07-30,Bangalore,Beauty,1.0,689.33,15.0,585.93
2025-03-14,Delhi,Electronics,11.0,9182.61,25.0,75756.53
2024-09-04,Delhi,Clothing,5.0,1544.83,0.0,7724.17
2024-04-12,Mumbai,Groceries,8.0,346.89,5.0,2636.38
2024-02-06,Bangalore,Electronics,4.0,8528.06,15.0,28995.41
2024-09-06,Bangalore,Electronics,9.0,7947.82,15.0,60800.86
2024-03-08,Delhi,Clothing,8.0,1241.42,10.0,8938.26
2024-07-23,Chennai,Groceries,7.0,380.42,0.0,2662.94
2025-12-20,Delhi,Beauty,8.0,634.26,5.0,4820.38
2025-10-17,Chennai,Groceries,6.0,409.29,0.0,2455.72
2024-02-05,Pune,Electronics,2.0,10340.67,5.0,19647.27
2024-08-03,Pune,Clothing,6.0,1364.78,0.0,8188.68
2024-06-01,Mumbai,Electronics,6.0,6220.88,0.0,37325.27
2025-08-29,Mumbai,Groceries,7.0,266.72,5.0,1773.68
2025-05-26,Bangalore,Electronics,3.0,7727.8,25.0,17387.55
2024-08-21,Delhi,Electronics,4.0,7077.74,20.0,22648.76
2024-09-08,Mumbai,Beauty,5.0,783.92,10.0,3527.63
2024-09-26,Mumbai,Electronics,9.0,6368.72,25.0,42988.85
2024-04-20,Mumbai,Electronics,7.0,9939.78,25.0,52183.83
2024-07-25,Chennai,Electronics,6.0,6502.84,15.0,33164.5
2024-03-27,Delhi,Groceries,3.0,272.71,5.0,777.21
2024-06-05,Mumbai,Sports,8.0,1790.56,10.0,12892.01
2025-05-01,Mumbai,Electronics,7.0,7778.33,15.0,46281.08
2025-09-25,Delhi,Beauty,10.0,923.59,20.0,7388.7
2024-06-29,Pune,Electronics,2.0,10060.46,0.0,20120.93
2024-11-19,Chennai,Clothing,13.0,1326.89,10.0,15524.65
2024-05-27,Bangalore,Sports,6.0,2457.95,0.0,14747.72
2025-09-18,Mumbai,Groceries,5.0,480.58,0.0,2402.88
2025-03-31,Mumbai,Home & Kitchen,9.0,2053.83,15.0,15711.8
2025-05-21,Bangalore,Clothing,8.0,1192.87,0.0,9542.99
2024-01-01,Mumbai,Electronics,6.0,7847.61,15.0,40022.8
2024-09-09,Mumbai,Electronics,11.0,9436.61,0.0,103802.69
2024-12-04,Mumbai,Beauty,10.0,671.34,0.0,6713.41
2025-08-30,Chennai,Groceries,8.0,448.46,0.0,3587.66
2025-05-07,Pune,Clothing,3.0,1112.35,10.0,3003.35
2025-09-11,Delhi,Beauty,5.0,551.19,10.0,2480.34
2025-05-15,Pune,Groceries,8.0,219.93,0.0,1759.44
2025-11-30,Delhi,Groceries,9.0,345.97,15.0,2646.64
2024-12-28,Chennai,Home & Kitchen,18.0,2319.47,0.0,41750.47
2024-09-16,Mumbai,Electronics,3.0,9335.11,0.0,28005.32
2024-08-24,Delhi,Groceries,5.0,244.95,0.0,1224.76
2024-10-06,Pune,Groceries,8.0,316.13,15.0,2149.71
2025-02-19,Delhi,Clothing,5.0,1162.29,15.0,4939.73
2025-03-08,Pune,Clothing,7.0,1075.24,5.0,7150.35
2024-11-22,Mumbai,Beauty,9.0,406.48,5.0,3475.41
2024-01-28,Mumbai,Groceries,10.0,369.71,15.0,3142.56
2025-07-16,Pune,Home & Kitchen,6.0,2024.96,25.0,9112.3
2024-03-27,Mumbai,Electronics,9.0,4637.97,0.0,41741.77
2025-07-24,Pune,Groceries,7.0,340.07,10.0,2142.41
2025-12-11,Bangalore,Beauty,8.0,611.12,5.0,4644.5
2024-08-18,Mumbai,Clothing,5.0,1116.81,0.0,5584.06
2024-09-27,Delhi,Clothing,11.0,1278.77,10.0,12659.86
2025-02-13,Delhi,Clothing,12.0,1212.99,10.0,13100.27
2024-08-18,Mumbai,Clothing,6.0,1163.16,10.0,6281.06
2024-09-23,Delhi,Groceries,10.0,308.55,0.0,3085.53
2025-10-27,Mumbai,Electronics,8.0,6043.96,10.0,43516.49
2025-12-03,Delhi,Electronics,8.0,7363.87,0.0,58910.95
2025-10-30,Bangalore,Electronics,8.0,8412.52,5.0,63935.13
2024-12-10,Mumbai,Clothing,7.0,825.48,5.0,5489.45
2024-08-12,Delhi,Groceries,6.0,395.36,25.0,1779.13
2024-02-12,Bangalore,Groceries,6.0,422.32,15.0,2153.85
2024-08-29,Pune,Sports,7.0,2296.29,0.0,16074.06
2025-02-10,Pune,Beauty,8.0,492.26,0.0,3938.07
2024-11-09,Mumbai,Sports,7.0,2783.83,5.0,18512.44
2025-09-29,Mumbai,Groceries,8.0,360.02,5.0,2736.16
2025-01-11,Pune,Electronics,9.0,8779.98,0.0,79019.83
2024-04-28,Delhi,Electronics,11.0,6957.71,15.0,65054.58
2024-10-21,Bangalore,Beauty,7.0,497.54,5.0,3308.66
2025-02-25,Mumbai,Sports,6.0,2458.55,10.0,13276.15
2025-11-29,Bangalore,Beauty,7.0,620.66,0.0,4344.59
2025-01-29,Delhi,Home & Kitchen,3.0,2116.09,25.0,4761.2
2024-10-12,Pune,Groceries,9.0,302.32,5.0,2584.81
2025-03-04,Mumbai,Clothing,11.0,1303.83,15.0,12190.85
2024-11-17,Delhi,Clothing,11.0,1275.52,10.0,12627.67
2025-07-25,Delhi,Electronics,5.0,4718.84,10.0,21234.76
2024-11-12,Delhi,Home & Kitchen,12.0,2063.24,10.0,22283.04
2025-06-28,Pune,Clothing,4.0,1226.78,0.0,4907.11
2024-02-02,Bangalore,Clothing,1.0,1278.76,20.0,1023.01
2025-11-24,Pune,Clothing,6.0,1049.76,15.0,5353.78
2024-11-06,Mumbai,Electronics,12.0,8100.4,10.0,87484.35
2024-05-31,Mumbai,Groceries,5.0,273.24,0.0,1366.21
2024-11-14,Bangalore,Home & Kitchen,9.0,1886.76,0.0,16980.85
2025-10-18,Bangalore,Clothing,7.0,1512.29,5.0,10056.74
2025-08-18,Delhi,Groceries,5.0,480.47,0.0,2402.36
2025-08-18,Chennai,Beauty,4.0,654.97,0.0,2619.89
2025-02-28,Pune,Clothing,5.0,1001.18,10.0,4505.32
2025-08-12,Delhi,Electronics,8.0,8851.22,10.0,63728.76
2024-03-04,Bangalore,Electronics,10.0,4892.87,0.0,48928.67
2024-08-08,Mumbai,Sports,7.0,2894.95,10.0,18238.2
2025-01-06,Delhi,Sports,3.0,1915.5,10.0,5171.86
2024-06-21,Delhi,Electronics,7.0,8051.76,5.0,53544.23
2025-12-08,Mumbai,Clothing,9.0,1270.45,10.0,10290.66
2025-07-23,Bangalore,Electronics,4.0,7174.18,0.0,28696.7
2025-08-14,Mumbai,Electronics,1.0,6735.88,0.0,6735.88
2025-09-15,Mumbai,Groceries,2.0,207.0,15.0,351.89
2025-06-08,Bangalore,Groceries,3.0,394.49,0.0,1183.47
2025-09-24,Mumbai,Groceries,7.0,304.0,0.0,2127.98
2024-12-09,Pune,Sports,11.0,2458.13,5.0,25687.46
2024-11-26,Mumbai,Groceries,8.0,383.63,15.0,2608.68
2024-01-07,Pune,Beauty,4.0,764.6,10.0,2752.55
2024-07-10,Delhi,Groceries,4.0,144.64,5.0,549.65
2024-03-26,Pune,Sports,11.0,2505.58,5.0,26183.33
2024-03-06,Delhi,Clothing,4.0,1115.9,10.0,4017.24
2024-05-24,Bangalore,Home & Kitchen,2.0,2044.91,10.0,3680.84
2024-04-06,Delhi,Clothing,5.0,623.24,5.0,2960.37
2024-05-21,Mumbai,Clothing,7.0,934.98,0.0,6544.84
2024-09-24,Bangalore,Beauty,4.0,747.82,0.0,2991.27
2025-07-27,Pune,Beauty,4.0,779.94,25.0,2339.81
2024-10-04,Chennai,Clothing,5.0,964.44,0.0,4822.2
2024-11-11,Pune,Clothing,8.0,945.78,15.0,6431.28
2024-02-04,Delhi,Groceries,5.0,279.22,0.0,1396.08
2025-05-31,Mumbai,Groceries,5.0,397.89,10.0,1790.5
2025-07-08,Pune,Groceries,5.0,370.0,5.0,1757.51
2025-11-20,Bangalore,Beauty,10.0,1015.81,0.0,10158.07
2024-07-20,Chennai,Groceries,13.0,364.82,0.0,4742.7
2024-04-10,Chennai,Sports,8.0,1999.93,5.0,15199.46
2025-06-08,Pune,Electronics,2.0,9469.16,0.0,18938.32
2025-01-10,Delhi,Home & Kitchen,5.0,1291.93,5.0,6136.66
2024-11-30,Pune,Beauty,8.0,737.97,0.0,5903.76
2024-06-29,Pune,Electronics,8.0,8245.29,10.0,59366.07
2024-09-11,Pune,Beauty,7.0,609.91,25.0,3202.03
2025-05-24,Delhi,Home & Kitchen,8.0,1451.26,10.0,10449.05
2025-12-10,Mumbai,Home & Kitchen,7.0,1961.62,10.0,12358.22
2024-04-11,Mumbai,Sports,4.0,1781.44,20.0,5700.62
2024-03-30,Pune,Beauty,7.0,834.72,15.0,4966.56
2025-04-09,Pune,Clothing,11.0,1277.7,20.0,11243.79
2025-08-21,Delhi,Clothing,7.0,1190.69,0.0,8334.83
2024-03-09,Mumbai,Home & Kitchen,9.0,1665.71,5.0,14241.81
2024-10-28,Pune,Beauty,10.0,560.18,0.0,5601.81
2025-09-12,Pune,Clothing,10.0,887.5,0.0,8875.04
2024-05-26,Pune,Electronics,4.0,9250.16,0.0,37000.66
2025-11-07,Pune,Beauty,6.0,773.02,15.0,3942.42
2024-09-26,Bangalore,Electronics,3.0,7932.65,25.0,17848.45
2024-05-05,Delhi,Home & Kitchen,5.0,2061.05,0.0,10305.27
2025-05-15,Delhi,Electronics,5.0,8225.39,0.0,41126.94
2024-03-01,Mumbai,Groceries,7.0,235.2,0.0,1646.37
2025-02-23,Delhi,Home & Kitchen,4.0,1171.85,0.0,4687.38
2025-07-14,Delhi,Home & Kitchen,7.0,1898.84,5.0,12627.31
2025-02-09,Mumbai,Groceries,2.0,342.93,15.0,582.98
2025-11-16,Mumbai,Electronics,8.0,7392.45,5.0,56182.6
2024-07-26,Bangalore,Electronics,7.0,8310.8,15.0,49449.27
2025-04-12,Mumbai,Beauty,10.0,537.38,10.0,4836.44
2024-05-12,Mumbai,Groceries,8.0,377.03,20.0,2412.99
2025-03-17,Bangalore,Clothing,7.0,1015.46,10.0,6397.41
2024-06-19,Mumbai,Clothing,10.0,907.87,0.0,9078.66
2024-04-14,Bangalore,Groceries,4.0,422.43,5.0,1605.22
2025-12-31,Bangalore,Beauty,6.0,575.6,5.0,3280.94
2024-01-12,Bangalore,Electronics,7.0,8887.45,0.0,62212.16
2024-11-25,Mumbai,Home & Kitchen,7.0,2277.36,20.0,12753.24
2025-06-26,Mumbai,Groceries,6.0,441.34,0.0,2648.05
2024-11-21,Pune,Clothing,10.0,1186.46,5.0,11271.4
2024-06-15,Mumbai,Electronics,3.0,7945.01,15.0,20259.78
2024-08-24,Delhi,Groceries,7.0,332.76,0.0,2329.33
2024-05-07,Chennai,Electronics,2.0,9015.25,10.0,16227.46
2025-02-27,Pune,Electronics,6.0,5527.92,10.0,29850.76
2024-03-21,Delhi,Groceries,9.0,259.36,10.0,2100.85
2025-04-12,Pune,Groceries,10.0,394.64,25.0,2959.76
2025-03-09,Bangalore,Groceries,6.0,404.76,5.0,2307.11
2024-08-04,Delhi,Groceries,6.0,235.59,5.0,1342.87
2024-09-08,Delhi,Clothing,2.0,1072.05,0.0,2144.09
2024-07-12,Chennai,Beauty,2.0,586.68,15.0,997.36
2025-10-06,Bangalore,Groceries,6.0,317.25,0.0,1903.5
2025-01-26,Mumbai,Beauty,5.0,963.76,15.0,4095.97
2024-12-16,Delhi,Electronics,9.0,8686.13,10.0,70357.68
2025-10-23,Mumbai,Beauty,11.0,772.59,15.0,7223.69
2024-09-22,Delhi,Groceries,4.0,400.29,0.0,1601.17
2025-05-26,Bangalore,Home & Kitchen,8.0,2045.75,5.0,15547.7
2024-09-13,Delhi,Clothing,5.0,1055.65,5.0,5014.32
2025-02-21,Bangalore,Groceries,7.0,512.48,10.0,3228.61
2024-10-05,Bangalore,Beauty,10.0,726.42,5.0,6900.95
2025-11-23,Delhi,Electronics,12.0,8010.97,10.0,86518.52
2024-08-15,Mumbai,Sports,10.0,1503.31,15.0,12778.11
2024-11-15,Delhi,Electronics,3.0,7262.36,5.0,20697.74
2025-10-22,Mumbai,Clothing,10.0,1621.06,25.0,12157.93
2024-06-19,Chennai,Clothing,4.0,1491.44,5.0,5667.46
2024-08-11,Bangalore,Clothing,4.0,1366.17,5.0,5191.43
2024-07-09,Delhi,Home & Kitchen,6.0,1467.84,15.0,7485.97
2025-03-24,Pune,Clothing,5.0,1213.9,0.0,6069.52
2025-01-09,Chennai,Groceries,7.0,331.89,0.0,2323.2
2025-10-26,Bangalore,Clothing,8.0,1128.96,20.0,7225.33
2025-02-23,Pune,Groceries,3.0,389.09,5.0,1108.91
2024-07-30,Delhi,Home & Kitchen,3.0,1864.07,0.0,5592.21
2025-10-08,Mumbai,Clothing,12.0,1000.37,0.0,12004.48
2025-07-20,Bangalore,Groceries,6.0,433.6,15.0,2211.37
2024-01-02,Mumbai,Clothing,2.0,879.24,15.0,1494.7
2025-12-03,Bangalore,Groceries,8.0,303.71,5.0,2308.17
2025-08-06,Delhi,Groceries,3.0,406.55,5.0,1158.67
2025-11-28,Mumbai,Sports,8.0,2281.19,0.0,18249.54
2024-04-17,Chennai,Clothing,11.0,999.2,0.0,10991.19
2025-12-28,Pune,Groceries,7.0,366.17,5.0,2435.04
2025-04-07,Mumbai,Electronics,7.0,8924.63,0.0,62472.44
2024-08-21,Mumbai,Clothing,9.0,863.42,0.0,7770.76
2024-10-10,Chennai,Home & Kitchen,10.0,1568.78,0.0,15687.8
2024-08-08,Delhi,Groceries,4.0,299.61,20.0,958.74
2025-02-16,Chennai,Sports,10.0,1988.39,0.0,19883.89
2025-07-02,Bangalore,Groceries,10.0,463.5,15.0,3939.73
2025-03-21,Mumbai,Electronics,2.0,8021.49,15.0,13636.54
2024-09-25,Mumbai,Electronics,11.0,6764.89,0.0,74413.82
2024-11-23,Mumbai,Groceries,18.0,387.62,10.0,6279.42
2025-09-10,Chennai,Groceries,7.0,517.85,5.0,3443.7
2025-12-29,Delhi,Clothing,9.0,1035.47,0.0,9319.24
2025-11-25,Pune,Home & Kitchen,5.0,1473.49,0.0,7367.44
2025-08-10,Bangalore,Beauty,8.0,661.16,15.0,4495.88
2025-01-26,Delhi,Beauty,6.0,551.6,15.0,2813.18
2025-10-29,Chennai,Electronics,11.0,4132.43,10.0,40911.09
2025-10-25,Chennai,Clothing,7.0,1003.31,5.0,6672.01
2024-07-19,Pune,Home & Kitchen,5.0,1948.59,5.0,9255.79
2024-11-09,Delhi,Clothing,6.0,971.37,0.0,5828.21
2024-04-21,Delhi,Groceries,8.0,407.23,15.0,2769.17
2025-11-04,Pune,Electronics,5.0,10320.13,0.0,51600.64
2025-12-06,Mumbai,Beauty,10.0,808.15,0.0,8081.46
2024-08-04,Bangalore,Electronics,5.0,9989.83,15.0,42456.78
2025-07-07,Delhi,Beauty,7.0,653.48,0.0,4574.39
2025-05-06,Mumbai,Groceries,8.0,447.78,0.0,3582.25
2024-03-06,Mumbai,Clothing,3.0,951.66,25.0,2141.23
2024-07-18,Bangalore,Groceries,,440.69,10.0,1983.08
2024-02-26,Mumbai,Clothing,9.0,1159.09,25.0,7823.85
2024-07-17,Pune,Electronics,6.0,5935.53,0.0,35613.2
2024-07-18,Mumbai,Electronics,5.0,10734.09,0.0,53670.45
2024-05-06,Delhi,Beauty,5.0,839.89,5.0,3989.49
2025-07-06,Mumbai,Groceries,5.0,428.22,15.0,1819.93
2024-10-30,Bangalore,Beauty,6.0,544.67,10.0,2941.23
2025-08-31,Chennai,Clothing,6.0,1153.6,10.0,6229.42
2024-06-22,Chennai,Electronics,11.0,7576.95,0.0,83346.44
2025-09-21,Pune,Groceries,2.0,310.5,0.0,620.99
2024-05-20,Pune,Beauty,9.0,759.52,20.0,5468.52
2025-06-30,Bangalore,Sports,4.0,2895.49,10.0,10423.78
2024-06-12,Pune,Clothing,4.0,1032.63,10.0,3717.46
2025-12-12,Pune,Electronics,9.0,6053.36,10.0,49032.23
2024-08-18,Pune,Electronics,4.0,9446.44,0.0,37785.76
2025-10-18,Mumbai,Sports,13.0,1516.0,0.0,19708.03
2025-09-19,Bangalore,Home & Kitchen,4.0,1299.36,0.0,5197.46
2025-07-22,Delhi,Home & Kitchen,8.0,2364.91,10.0,17027.33
2025-10-24,Delhi,Groceries,14.0,471.56,5.0,6271.73
2025-10-11,Delhi,Clothing,11.0,1218.34,25.0,10051.3
2024-06-24,Mumbai,Groceries,6.0,334.13,20.0,1603.83
2024-11-04,Mumbai,Clothing,6.0,1292.98,15.0,6594.19
2024-09-21,Delhi,Sports,13.0,2046.56,0.0,26605.27
2025-04-14,Chennai,Electronics,6.0,10275.43,0.0,61652.6
2025-07-28,Mumbai,Clothing,3.0,1333.91,5.0,3801.63
2024-04-24,Delhi,Groceries,6.0,331.39,5.0,1888.93
2024-11-18,Bangalore,Clothing,13.0,1330.88,5.0,16436.36
2025-03-19,Chennai,Sports,9.0,1861.59,5.0,15916.6
2024-08-14,Mumbai,Beauty,8.0,698.6,0.0,5588.78
2024-04-09,Bangalore,Home & Kitchen,7.0,2008.1,15.0,11948.21
2025-06-14,Mumbai,Groceries,6.0,347.62,25.0,1564.28
2024-09-29,Delhi,Clothing,8.0,882.22,0.0,7057.74
2025-06-07,Chennai,Electronics,7.0,9086.11,5.0,60422.66
2025-11-19,Bangalore,Sports,7.0,2023.82,0.0,14166.71
2024-02-20,Bangalore,Home & Kitchen,9.0,2219.14,0.0,19972.22
2024-12-10,Pune,Groceries,7.0,360.5,0.0,2523.52
2025-07-26,Mumbai,Electronics,6.0,7436.61,0.0,44619.63
2024-12-07,Chennai,Groceries,9.0,306.29,20.0,2205.28
2025-12-28,Bangalore,Groceries,7.0,351.54,10.0,2214.7
2025-07-26,Mumbai,Groceries,7.0,290.3,0.0,2032.1
2025-05-11,Bangalore,Clothing,9.0,1156.66,10.0,9368.92
2024-01-17,Delhi,Groceries,7.0,303.03,20.0,1696.99
2024-09-08,Pune,Groceries,3.0,232.49,15.0,592.85
2024-10-08,Mumbai,Clothing,3.0,1283.15,20.0,3079.55
2025-05-09,Bangalore,Home & Kitchen,6.0,2046.71,0.0,12280.26
2024-01-29,Chennai,Electronics,6.0,8087.97,0.0,48527.83
2024-10-07,Mumbai,Sports,8.0,2064.8,10.0,14866.54
2024-04-14,Mumbai,Clothing,5.0,1378.47,25.0,5169.26
2024-01-18,Bangalore,Sports,9.0,2753.1,0.0,24777.93
2024-05-27,Mumbai,Groceries,3.0,317.93,5.0,906.09
2024-11-29,Chennai,Electronics,9.0,6434.58,15.0,49224.5
2025-04-06,Delhi,Electronics,6.0,7686.44,0.0,46118.65
2024-08-11,Mumbai,Home & Kitchen,5.0,2113.02,0.0,10565.11
2025-12-13,Chennai,Clothing,11.0,1120.13,0.0,12321.44
2024-04-23,Bangalore,Beauty,7.0,625.29,0.0,4377.0
2024-08-24,Mumbai,Electronics,5.0,10184.35,0.0,50921.76
2025-04-24,Delhi,Groceries,4.0,334.32,,1002.97
2025-01-27,Bangalore,Sports,8.0,1626.18,10.0,11708.46
2025-05-28,Delhi,Clothing,8.0,1193.65,15.0,8116.82
2024-02-05,Mumbai,Groceries,5.0,274.77,10.0,1236.46
2024-03-05,Bangalore,Groceries,6.0,458.96,0.0,2753.77
2025-01-23,Chennai,Groceries,5.0,403.69,5.0,1917.52
2024-08-06,Bangalore,Home & Kitchen,12.0,1544.38,5.0,17605.99
2024-12-31,Pune,Clothing,7.0,1409.09,25.0,7397.72
2025-08-22,Delhi,Groceries,4.0,291.34,20.0,932.28
2025-07-27,Pune,Groceries,8.0,344.71,10.0,2481.93
2025-07-06,Mumbai,Home & Kitchen,10.0,1971.69,10.0,17745.2
2024-07-12,Delhi,Clothing,6.0,1482.19,15.0,7559.18
2024-04-26,Bangalore,Groceries,7.0,339.53,5.0,2257.91
2025-08-22,Mumbai,Clothing,5.0,990.79,0.0,4953.96
2024-03-09,Delhi,Groceries,8.0,448.05,10.0,3225.93
2025-10-10,Delhi,Home & Kitchen,7.0,1944.77,0.0,13613.38
2025-06-06,Mumbai,Groceries,11.0,271.59,0.0,2987.44
2024-09-20,Delhi,Groceries,3.0,305.64,15.0,779.38
2024-12-12,Delhi,Sports,15.0,2284.22,10.0,30837.03
2025-10-14,Bangalore,Home & Kitchen,6.0,2152.57,10.0,11623.87
2024-03-28,Bangalore,Groceries,5.0,359.44,20.0,1437.78
2024-08-14,Mumbai,Groceries,6.0,493.21,5.0,2811.32
2025-03-03,Mumbai,Groceries,4.0,305.46,20.0,977.48
2025-05-24,Mumbai,Groceries,4.0,373.33,0.0,1493.33
2025-05-16,Pune,Sports,6.0,2074.09,0.0,12444.56
2025-12-05,Chennai,Home & Kitchen,7.0,1514.13,5.0,10068.97
2025-11-13,Chennai,Beauty,15.0,803.94,0.0,12059.14
2025-03-01,Pune,Electronics,8.0,11077.81,0.0,88622.51
2025-10-28,Mumbai,Beauty,9.0,631.45,15.0,4830.57
2024-05-27,Bangalore,Clothing,3.0,1310.09,5.0,3733.75
2024-08-21,Pune,Home & Kitchen,8.0,2168.41,5.0,16479.9
2025-03-28,Bangalore,Home & Kitchen,4.0,1633.14,0.0,6532.55
2025-06-07,Delhi,Electronics,6.0,8231.9,10.0,44452.24
2024-03-17,Pune,Clothing,6.0,819.75,15.0,4180.7
2025-02-21,Bangalore,Sports,6.0,1017.18,15.0,5187.61
2024-07-28,Bangalore,Groceries,5.0,274.64,10.0,1235.86
2024-07-03,Delhi,Electronics,6.0,6790.18,10.0,36666.96
2024-04-19,Mumbai,Clothing,5.0,1383.74,0.0,6918.71
2024-02-10,Delhi,Home & Kitchen,11.0,2175.86,5.0,22737.71
2025-06-03,Pune,Clothing,5.0,1140.24,20.0,4560.94
2024-08-24,Bangalore,Sports,4.0,1814.88,15.0,6170.6
2024-12-29,Bangalore,Clothing,11.0,1491.69,15.0,13947.3
2025-01-03,Pune,Sports,7.0,2607.69,5.0,17341.14
2025-12-17,Mumbai,Electronics,8.0,9126.74,15.0,62061.83
2025-05-15,Bangalore,Groceries,6.0,287.33,0.0,1723.95
2025-04-03,Mumbai,Groceries,7.0,324.43,10.0,2043.93
2025-02-04,Mumbai,Beauty,10.0,426.34,10.0,3837.03
2025-01-07,Mumbai,Groceries,5.0,389.21,25.0,1459.55
2024-02-11,Mumbai,Clothing,7.0,1256.47,10.0,7915.78
2025-05-19,Delhi,Groceries,8.0,245.07,5.0,1862.55
2025-08-03,Pune,Groceries,3.0,256.48,0.0,769.45
2024-01-28,Bangalore,Clothing,2.0,1103.42,10.0,1986.16
2024-06-23,Bangalore,Clothing,7.0,1125.52,0.0,7878.66
2025-10-24,Chennai,Beauty,9.0,761.73,15.0,5827.25
2024-09-04,Mumbai,Groceries,6.0,269.48,10.0,1455.17
2025-07-18,Mumbai,Sports,7.0,2155.19,0.0,15086.32
2025-09-03,Mumbai,Clothing,4.0,835.41,5.0,3174.57
2025-08-31,Bangalore,Groceries,6.0,269.03,15.0,1372.04
2025-07-18,Pune,Sports,5.0,1906.74,0.0,9533.69
2024-08-14,Pune,Electronics,7.0,5877.13,0.0,41139.94
2025-05-08,Delhi,Clothing,6.0,920.17,0.0,5521.04
2024-04-23,Mumbai,Home & Kitchen,8.0,1685.97,5.0,12813.4
2025-08-08,Delhi,Clothing,10.0,1234.47,10.0,11110.2
2024-05-06,Mumbai,Sports,3.0,2475.36,0.0,7426.07
2024-09-25,Pune,Electronics,5.0,5873.81,0.0,29369.07
2024-05-25,Pune,Home & Kitchen,3.0,1384.04,10.0,3736.9
2025-03-07,Mumbai,Clothing,6.0,955.82,15.0,4874.69
2025-03-03,Bangalore,Electronics,3.0,9484.44,5.0,27030.66
2024-05-23,Mumbai,Sports,3.0,2366.32,5.0,6744.03
2024-05-15,Pune,Sports,6.0,2683.5,10.0,14490.88
2024-03-14,Delhi,Groceries,7.0,228.59,15.0,1360.13
2024-02-08,Pune,Electronics,6.0,9003.53,0.0,54021.17
2024-06-15,Mumbai,Groceries,6.0,384.92,5.0,2194.02
2025-11-28,Mumbai,Sports,8.0,2281.19,0.0,18249.54
2024-05-03,Delhi,Beauty,4.0,607.17,0.0,2428.69
2025-05-08,Chennai,Groceries,5.0,331.75,0.0,1658.75
2025-07-05,Pune,Clothing,5.0,887.24,0.0,4436.18
2024-12-03,Mumbai,Groceries,10.0,240.96,20.0,1927.69
2025-01-06,Delhi,Sports,3.0,1915.5,10.0,5171.86
2025-10-30,Mumbai,Sports,7.0,1919.48,5.0,12764.51
2024-10-10,Mumbai,Home & Kitchen,8.0,1768.18,0.0,14145.46
2025-08-31,Bangalore,Groceries,6.0,269.03,15.0,1372.04
2024-11-02,Chennai,Groceries,7.0,356.87,10.0,2248.26
2025-02-08,Mumbai,Clothing,4.0,1463.65,5.0,5561.89
2024-10-31,Mumbai,Home & Kitchen,8.0,2070.87,20.0,13253.59
2024-11-06,Mumbai,Electronics,12.0,8100.4,10.0,87484.35
2024-05-26,Mumbai,Clothing,6.0,1289.32,5.0,7349.13
2024-11-10,Chennai,Groceries,10.0,360.8,0.0,3608.0
2025-02-28,Bangalore,Clothing,8.0,1212.42,0.0,9699.34
2024-11-26,Mumbai,Electronics,7.0,8359.4,,58515.83
2025-02-03,Delhi,Clothing,9.0,1081.64,0.0,9734.79
